name,state,FDR,A1,A2,A3,B1,B2,B3
GENE-32,YES,0,19,24,22,1,3,4
GENE-130,YES,0,46,58,47,38,27,26
GENE-222,YES,0,969,935,913,31,26,36
GENE-256,YES,0,477,475,402,207,136,137
GENE-349,YES,0,45,27,35,76,92,82
GENE-364,YES,0,10,7,10,18,19,13
GENE-412,YES,0,16,9,27,65,27,15
GENE-471,YES,0,35,38,28,61,59,78
GENE-474,YES,0,262,236,302,260,312,279
GENE-537,YES,0,30,19,18,1,2,0
GENE-673,YES,0,61,82,71,44,66,36
GENE-724,YES,0,280,156,171,383,557,663
GENE-735,YES,0,107,88,89,28,22,28
GENE-743,YES,0,58,42,57,39,23,35
GENE-857,YES,0,179,256,254,14,8,13
GENE-915,YES,0,45,37,33,86,155,118
GENE-969,YES,0,269,339,203,238,1304,293
GENE-1054,YES,0,476,576,208,157,157,269
GENE-1136,YES,0,37,30,33,59,43,60
GENE-1195,YES,0,87,74,71,82,79,78
GENE-1229,YES,0,36,20,34,70,82,71
GENE-1257,YES,0,26,29,30,10,6,10
GENE-1311,YES,0,7149,7040,7070,166,227,215
GENE-1327,YES,0,50,53,48,18,18,19
GENE-1408,YES,0,466,538,406,116,104,97
GENE-1492,YES,0,16,20,44,8,1,2
GENE-1532,YES,0,93,123,101,447,285,402
GENE-1758,YES,0,323,408,551,264,350,311
GENE-1831,YES,0,1458,1396,1175,351,277,343
GENE-1966,YES,0,15,14,22,22,13,25
GENE-2072,YES,0,190,213,272,674,502,653
GENE-2340,YES,0,70,117,145,466,246,276
GENE-2426,YES,0,23,54,39,48,41,52
GENE-2521,YES,0,118,105,84,199,256,172
GENE-2720,YES,0,137,256,215,40,19,26
GENE-2738,YES,0,94,85,74,1538,1265,620
GENE-2775,YES,0,2578,2376,2567,2107,1114,2090
GENE-2801,YES,0,48,64,75,57,85,63
GENE-2805,YES,0,533,523,991,91,65,123
GENE-2878,YES,0,762,422,630,515,281,308
GENE-2947,YES,0,289,211,276,69,55,78
GENE-2974,YES,0,1162,1232,1072,37,82,45
GENE-3016,YES,0,65,114,110,153,397,337
GENE-3089,YES,0,201,208,207,11,13,14
GENE-3132,YES,0,107,152,127,239,219,191
GENE-3217,YES,0,7,6,3,20,11,18
GENE-3587,YES,0,66,80,38,195,198,210
GENE-3688,YES,0,1673,2010,1402,1492,504,880
GENE-3752,YES,0,220,203,235,408,421,505
GENE-3772,YES,0,782,733,671,1235,1129,1389
GENE-3781,YES,0,583,477,223,258,142,204
GENE-3798,YES,0,699,532,628,171,152,145
GENE-3861,YES,0,1076,1444,1460,218,209,258
GENE-3925,YES,0,12,25,26,66,68,63
GENE-4001,YES,0,6676,4628,5743,1477,2599,2947
GENE-4035,YES,0,306,313,243,1863,2396,2945
GENE-4038,YES,0,15,11,16,71,83,56
GENE-4092,YES,0,11,12,11,106,83,94
GENE-4144,YES,0,3,1,4,26,21,24
GENE-4237,YES,0,27,20,33,253,217,184
GENE-4316,YES,0,22,19,22,43,66,47
GENE-4373,YES,0,517,264,264,43,19,63
GENE-4382,YES,0,89,109,109,128,74,95
GENE-4388,YES,0,101,124,122,51,69,53
GENE-4508,YES,0,51842,48774,37233,73064,63418,54070
GENE-4556,YES,0,128,191,122,135,107,101
GENE-4613,YES,0,27,75,15,1195,640,385
GENE-4760,YES,0,56756,40506,68128,4247,6264,7342
GENE-4780,YES,0,18693,11970,22213,1440,1679,1848
GENE-4802,YES,0,943,689,842,252,312,288
GENE-4857,YES,0,185,204,199,818,758,739
GENE-4956,YES,0,21,11,21,11,5,7
GENE-5083,YES,0,160,117,148,45,35,115
GENE-5190,YES,0,32,45,35,6,7,7
GENE-5231,YES,0,153,140,131,28,35,24
GENE-5250,YES,0,54,82,51,3,4,1
GENE-5273,YES,0,42,35,34,91,134,161
GENE-5393,YES,0,406,577,635,840,869,822
GENE-5443,YES,0,179,237,195,70,72,62
GENE-5468,YES,0,1444,2260,1342,54,70,57
GENE-5469,YES,0,55,44,58,261,289,209
GENE-5504,YES,0,7549,8462,7311,2700,2877,2954
GENE-5834,YES,0,28,32,23,7,7,2
GENE-5938,YES,0,150,278,256,403,484,354
GENE-5941,YES,0,93,238,142,167,210,192
GENE-6077,YES,0,216,67,106,102,69,125
GENE-6236,YES,0,30,27,23,0,2,1
GENE-6422,YES,0,111,104,79,765,650,721
GENE-6490,YES,0,14,18,18,18,20,35
GENE-6583,YES,0,48,56,74,129,152,112
GENE-6655,YES,0,238,202,175,15,10,17
GENE-6918,YES,0,124,122,103,32,30,26
GENE-6987,YES,0,275,329,260,342,229,313
GENE-7057,YES,0,438,341,312,69,85,95
GENE-7197,YES,0,477,473,478,1456,1084,1180
GENE-7643,YES,0,1219,1178,1158,72,71,77
GENE-7657,YES,0,360,495,649,182,228,194
GENE-7659,YES,0,111,49,192,547,495,426
GENE-7767,YES,0,136,131,138,124,123,145
GENE-7808,YES,0,8,6,13,8,12,13
GENE-7823,YES,0,13,15,12,78,56,54
GENE-7922,YES,0,59,84,102,19,30,21
GENE-8095,YES,0,66,81,57,1153,1333,1379
GENE-8147,YES,0,41,53,36,76,63,87
GENE-8170,YES,0,154,117,162,330,415,564
GENE-8330,YES,0,2806,5032,3642,173,232,116
GENE-8359,YES,0,118,195,176,66,48,78
GENE-8428,YES,0,254,463,409,517,471,541
GENE-8437,YES,0,29,35,28,360,279,329
GENE-8535,YES,0,489,867,674,367,593,377
GENE-8670,YES,0,50,58,66,64,68,58
GENE-8759,YES,0,411,170,145,23,86,40
GENE-8776,YES,0,131,142,113,5,5,1
GENE-8803,YES,0,8,4,7,182,107,108
GENE-8855,YES,0,104,191,143,49,49,56
GENE-9055,YES,0,154,113,177,694,812,767
GENE-9252,YES,0,134,82,111,47,47,54
GENE-9256,YES,0,416,400,326,410,402,437
GENE-9487,YES,0,237,278,245,179,155,137
GENE-9524,YES,0,334,224,283,1645,965,1833
GENE-9536,YES,0,17,22,22,5,3,6
GENE-9916,YES,0,15,19,21,28,21,42
GENE-9946,YES,0,3167,3065,2090,1096,1315,1317
GENE-9962,YES,0,3,4,1,35,22,28
GENE-10263,YES,0,1772,1794,1633,1550,1406,1234
GENE-10270,YES,0,301,271,271,111,77,95
GENE-10420,YES,0,82,113,98,63,103,55
GENE-10436,YES,0,17,18,17,2,5,3
GENE-10675,YES,0,212,162,255,463,610,398
GENE-10797,YES,0,2817,3402,3233,1894,2022,1463
GENE-10827,YES,0,24,24,26,8,18,12
GENE-10950,YES,0,826,1040,713,34,34,37
GENE-11123,YES,0,95,101,86,644,380,279
GENE-11168,YES,0,20,15,21,6,3,5
GENE-11206,YES,0,1587,1588,1556,4037,4213,4217
GENE-11364,YES,0,19,0,57,0,0,0
GENE-11394,YES,0,18,14,13,47,47,44
GENE-11550,YES,0,30,17,33,303,258,274
GENE-11613,YES,0,314,201,221,3142,3385,2574
GENE-11741,YES,0,2749,2028,2426,5147,3898,3601
GENE-11762,YES,0,6,3,12,19,17,25
GENE-11907,YES,0,1,5,38,57,4,10
GENE-11926,YES,0,749,789,582,122,127,165
GENE-11949,YES,0,10,10,10,118,144,159
GENE-12010,YES,0,40,19,35,1,1,0
GENE-12188,YES,0,45,58,47,51,77,82
GENE-12200,YES,0,2,0,2,35,36,26
GENE-12231,YES,0,18,37,10,4,4,3
GENE-12259,YES,0,161,114,127,387,341,475
GENE-12361,YES,0,102,129,130,657,809,780
GENE-12490,YES,0,107,112,87,1619,1375,1519
GENE-12661,YES,0,12,7,11,19,41,26
GENE-12668,YES,0,294,278,271,759,694,811
GENE-12700,YES,0,311,265,287,467,459,435
GENE-12842,YES,0,6,13,6,125,122,79
GENE-13045,YES,0,912,610,1291,2978,3085,3239
GENE-13062,YES,0,560,637,660,161,137,130
GENE-13157,YES,0,39,64,50,23,18,15
GENE-13228,YES,0,518,531,583,14,17,13
GENE-13273,YES,0,81,66,87,24,16,16
GENE-13372,YES,0,62,69,83,7,8,10
GENE-13424,YES,0,26,31,30,38,41,42
GENE-13644,YES,0,87,69,52,75,80,99
GENE-13750,YES,0,36,53,49,58,51,69
GENE-13757,YES,0,12,5,4,21,11,21
GENE-13795,YES,0,1437,755,386,351,140,369
GENE-13816,YES,0,1613,1525,1580,84,61,85
GENE-14040,YES,0,88,88,95,7,10,7
GENE-14071,YES,0,283,185,259,13266,13144,12711
GENE-14077,YES,0,70,59,68,332,370,465
GENE-14134,YES,0,1268,487,468,1419,2964,1830
GENE-14147,YES,0,259,219,296,106,68,95
GENE-14316,YES,0,0,3,7,21,22,43
GENE-14363,YES,0,113,76,157,4840,5202,4922
GENE-14443,YES,0,5675,5254,4650,8583,9511,11731
GENE-14554,YES,0,10,7,5,164,187,168
GENE-14562,YES,0,22284,20745,12135,3434,2253,3843
GENE-14599,YES,0,1171,1563,1564,534,607,604
GENE-14605,YES,0,137,89,139,31,20,26
GENE-14639,YES,0,733,681,533,429,552,483
GENE-14663,YES,0,376,445,462,545,167,232
GENE-14740,YES,0,2179,3249,3720,59,53,57
GENE-14907,YES,0,5197,4819,5574,4162,4423,4329
GENE-14996,YES,0,341,663,471,673,362,305
GENE-15145,YES,0,524,426,343,287,224,243
GENE-15161,YES,0,1201,651,852,41,63,28
GENE-15176,YES,0,81,102,139,9,14,16
GENE-15210,YES,0,9,3,9,357,348,347
GENE-15250,YES,0,55,44,33,14,16,23
GENE-15288,YES,0,85,62,80,85,91,81
GENE-15345,YES,0,650,648,589,200,137,220
GENE-15558,YES,0,668,733,556,53,44,40
GENE-15710,YES,0,17,30,26,76,42,61
GENE-15882,YES,0,96,117,154,50,34,28
GENE-15923,YES,0,294,253,270,654,344,505
GENE-15975,YES,0,232,218,263,908,1076,1054
GENE-15997,YES,0,2,16,16,186,226,359
GENE-16013,YES,0,485,437,544,82,135,91
GENE-16065,YES,0,59,46,49,111,62,95
GENE-16143,YES,0,1097,1184,1018,1486,790,758
GENE-16333,YES,0,1098,1084,960,2725,2478,2380
GENE-16397,YES,0,25,29,20,20,41,44
GENE-16453,YES,0,51,42,44,7,9,10
GENE-16515,YES,0,71,48,54,371,374,338
GENE-16567,YES,0,13,18,13,6,7,3
GENE-16580,YES,0,20,37,36,7,7,10
GENE-16712,YES,0,2380,2502,2574,83,57,79
GENE-16722,YES,0,63,97,51,43,41,65
GENE-16799,YES,0,181,226,234,55,56,38
GENE-16827,YES,0,31,30,50,1395,2170,3186
GENE-16876,YES,0,1325,1133,1216,9336,6871,9422
GENE-16997,YES,0,63,76,78,27,36,36
GENE-17006,YES,0,110,115,124,198,186,279
GENE-17008,YES,0,233,260,228,51,46,49
GENE-17019,YES,0,2,3,5,26,25,17
GENE-17054,YES,0,1230,1161,1177,236,333,368
GENE-17102,YES,0,671,809,598,437,369,404
GENE-17132,YES,0,147,120,121,308,287,248
GENE-17178,YES,0,21,25,10,6,6,9
GENE-17329,YES,0,1278,1536,1492,81,61,82
GENE-17465,YES,0,14,33,16,13,18,15
GENE-17522,YES,0,66,52,48,173,42,144
GENE-17530,YES,0,458,370,350,67,82,67
GENE-17549,YES,0,1044,1074,924,158,150,106
GENE-17617,YES,0,928,923,1437,8445,9306,7808
GENE-17728,YES,0,951,776,509,117,232,233
GENE-17751,YES,0,718,784,703,198,151,179
GENE-17755,YES,0,0,0,509,10,4,0
GENE-17800,YES,0,106,96,83,375,364,311
GENE-17826,YES,0,336,216,381,77,110,67
GENE-18027,YES,0,10,6,23,23,46,0
GENE-18089,YES,0,14,24,20,8,3,13
GENE-18301,YES,0,517,412,390,167,179,133
GENE-18349,YES,0,19,19,19,4,4,4
GENE-18552,YES,0,270,194,199,13,19,25
GENE-18684,YES,0,609,685,711,2131,1613,3334
GENE-18713,YES,0,49,42,21,14,8,7
GENE-18841,YES,0,62,91,61,88,78,101
GENE-18885,YES,0,98,83,105,771,831,881
GENE-18896,YES,0,14,22,21,8,9,10
GENE-19049,YES,0,23,19,33,61,55,42
GENE-19054,YES,0,4,9,3,35,35,76
GENE-19092,YES,0,244,211,204,36,21,34
GENE-19103,YES,0,150,83,104,12,27,10
GENE-19143,YES,0,135,178,148,55,58,46
GENE-19195,YES,0,13,13,12,12,9,16
GENE-19210,YES,0,271,197,219,125,115,95
GENE-19315,YES,0,286,387,194,148,100,140
GENE-19456,YES,0,192,189,201,200,186,191
GENE-19596,YES,0,1394,947,823,295,414,599
GENE-19606,YES,0,108,105,86,101,99,139
GENE-19617,YES,0,361,303,296,3475,3271,3429
GENE-19622,YES,0,269,256,256,3012,3586,2877
GENE-19762,YES,0,1181,1140,565,4336,3669,2545
GENE-1,NO,1,398,391,199,298,275,359
GENE-2,NO,1,0,0,0,0,0,0
GENE-3,NO,1,0,0,0,0,0,0
GENE-4,NO,1,28,34,8,24,30,27
GENE-5,YES,1,0,0,0,0,0,0
GENE-6,YES,1,0,0,0,0,0,0
GENE-7,NO,1,1,0,0,1,0,0
GENE-8,NO,1,0,0,0,0,0,0
GENE-9,NO,1,31,31,29,29,21,30
GENE-10,NO,1,0,0,0,0,0,0
GENE-11,NO,1,0,0,0,0,0,0
GENE-12,NO,1,0,0,0,0,0,0
GENE-13,NO,1,59,45,49,56,40,35
GENE-14,NO,1,21,28,33,19,23,25
GENE-15,NO,1,1,0,0,0,0,0
GENE-16,NO,1,5,4,6,10,5,5
GENE-17,YES,1,0,0,0,0,0,0
GENE-18,NO,1,0,0,0,0,0,0
GENE-19,NO,1,16,23,18,29,28,25
GENE-20,NO,1,0,0,0,0,0,0
GENE-21,YES,1,0,0,0,0,0,0
GENE-22,NO,1,15,27,23,28,27,28
GENE-23,NO,1,0,0,0,0,0,0
GENE-24,NO,1,0,0,0,0,0,0
GENE-25,NO,1,0,0,0,0,0,0
GENE-26,NO,1,0,0,0,0,0,0
GENE-27,NO,1,0,0,0,0,0,0
GENE-28,NO,1,236,154,301,235,249,237
GENE-29,NO,1,0,0,0,0,0,0
GENE-30,NO,1,0,0,0,0,0,0
GENE-31,NO,1,59,62,76,83,72,58
GENE-33,NO,1,189,205,223,199,194,219
GENE-34,NO,1,2,2,3,0,0,4
GENE-35,YES,1,0,0,0,0,0,0
GENE-36,NO,1,0,0,0,0,0,0
GENE-37,NO,1,37,33,39,45,30,43
GENE-38,NO,1,0,0,0,0,0,0
GENE-39,NO,1,0,0,0,0,0,0
GENE-40,NO,1,0,0,0,0,0,0
GENE-41,NO,1,42,34,41,46,34,30
GENE-42,NO,1,0,0,0,0,0,0
GENE-43,NO,1,0,0,0,0,0,0
GENE-44,YES,1,0,0,0,0,0,0
GENE-45,NO,1,0,0,0,0,0,0
GENE-46,NO,1,0,0,0,0,0,0
GENE-47,NO,1,8,19,17,13,9,14
GENE-48,NO,1,0,0,0,0,0,0
GENE-49,NO,1,126,90,148,93,116,96
GENE-50,NO,1,0,0,0,0,0,0
GENE-51,NO,1,0,0,0,0,0,0
GENE-52,NO,1,0,0,0,0,0,0
GENE-53,NO,1,0,0,0,0,0,0
GENE-54,NO,1,0,0,0,0,0,0
GENE-55,NO,1,0,0,0,0,0,0
GENE-56,NO,1,0,0,0,0,0,0
GENE-57,NO,1,0,0,0,0,0,0
GENE-58,NO,1,0,0,0,0,0,0
GENE-59,NO,1,757,389,297,386,572,645
GENE-60,NO,1,192,128,95,181,96,176
GENE-61,NO,1,970,1052,848,1097,896,1090
GENE-62,NO,1,0,0,0,0,0,0
GENE-63,YES,1,0,0,0,0,0,0
GENE-64,NO,1,24,16,21,28,29,36
GENE-65,NO,1,93,86,84,103,76,86
GENE-66,NO,1,0,0,0,0,0,0
GENE-67,NO,1,0,0,0,0,0,0
GENE-68,NO,1,0,0,0,0,0,0
GENE-69,NO,1,0,0,0,0,0,0
GENE-70,NO,1,0,0,0,0,0,0
GENE-71,NO,1,0,0,0,0,0,0
GENE-72,NO,1,0,0,0,0,0,0
GENE-73,NO,1,0,0,0,0,0,0
GENE-74,NO,1,0,0,0,0,0,0
GENE-75,NO,1,131,121,129,121,142,146
GENE-76,NO,1,0,0,0,0,0,0
GENE-77,NO,1,0,0,0,0,0,0
GENE-78,NO,1,0,0,0,0,0,0
GENE-79,NO,1,0,0,0,0,0,0
GENE-80,NO,1,1838,1658,1564,2164,2118,2196
GENE-81,NO,1,0,0,0,0,0,0
GENE-82,NO,1,0,0,0,0,0,0
GENE-83,NO,1,0,0,0,0,0,0
GENE-84,NO,1,2,3,9,5,4,1
GENE-85,NO,1,54,53,49,37,57,46
GENE-86,NO,1,2021,1383,1811,1426,1899,2031
GENE-87,NO,1,0,0,0,0,0,0
GENE-88,NO,1,0,0,0,0,0,0
GENE-89,NO,1,0,0,0,0,0,0
GENE-90,NO,1,0,0,0,0,0,0
GENE-91,NO,1,5,5,7,3,6,5
GENE-92,NO,1,0,0,0,0,0,0
GENE-93,NO,1,237,0,111,3,360,129
GENE-94,NO,1,0,0,0,0,0,0
GENE-95,NO,1,0,0,0,0,0,0
GENE-96,NO,1,0,0,0,0,0,0
GENE-97,NO,1,0,0,0,0,0,0
GENE-98,NO,1,0,0,0,0,0,0
GENE-99,NO,1,0,0,0,1,2,0
GENE-100,NO,1,0,0,0,0,0,0
GENE-101,NO,1,0,0,0,0,0,0
GENE-102,NO,1,0,0,0,0,0,0
GENE-103,NO,1,0,0,0,0,0,0
GENE-104,NO,1,1,0,1,0,0,0
GENE-105,NO,1,0,0,0,0,0,0
GENE-106,NO,1,1,3,4,2,2,7
GENE-107,YES,1,0,0,1,1,0,0
GENE-108,NO,1,191,358,318,282,300,326
GENE-109,YES,1,0,0,0,0,0,0
GENE-110,NO,1,63,80,63,51,93,100
GENE-111,NO,1,52,51,55,66,43,48
GENE-112,NO,1,0,0,0,0,0,0
GENE-113,NO,1,0,0,0,0,0,0
GENE-114,NO,1,0,0,0,0,0,0
GENE-115,NO,1,0,0,0,0,0,0
GENE-116,NO,1,662,535,734,837,578,651
GENE-117,NO,1,0,0,0,0,0,0
GENE-118,NO,1,0,0,0,0,0,0
GENE-119,NO,1,9,8,9,16,6,7
GENE-120,YES,1,0,0,0,0,0,0
GENE-121,NO,1,0,0,0,0,0,0
GENE-122,NO,1,0,0,0,0,0,0
GENE-123,NO,1,0,0,0,0,0,0
GENE-124,NO,1,0,0,0,0,0,0
GENE-125,NO,1,0,0,0,0,0,0
GENE-126,NO,1,498,467,358,470,471,504
GENE-127,NO,1,0,0,0,0,0,0
GENE-128,NO,1,0,0,0,0,0,0
GENE-129,NO,1,0,0,0,0,0,0
GENE-131,NO,1,59,50,42,49,50,39
GENE-132,NO,1,0,0,0,0,0,0
GENE-133,NO,1,103,72,194,164,127,334
GENE-134,NO,1,0,0,0,0,0,0
GENE-135,NO,1,0,0,0,0,0,0
GENE-136,NO,1,0,0,0,0,0,0
GENE-137,NO,1,0,0,0,0,0,0
GENE-138,NO,1,0,0,0,0,0,0
GENE-139,NO,1,199,235,200,169,237,221
GENE-140,NO,1,0,2,1,0,0,1
GENE-141,NO,1,0,0,0,0,0,0
GENE-142,NO,1,147,218,184,201,150,167
GENE-143,NO,1,0,0,0,0,0,0
GENE-144,NO,1,0,0,0,0,0,0
GENE-145,YES,1,0,0,0,0,0,0
GENE-146,NO,1,0,0,0,0,0,0
GENE-147,NO,1,13,13,17,24,12,13
GENE-148,NO,1,0,0,0,0,0,0
GENE-149,NO,1,0,0,0,0,0,0
GENE-150,NO,1,0,0,0,0,0,0
GENE-151,NO,1,0,0,0,0,0,0
GENE-152,NO,1,0,0,0,1,0,1
GENE-153,NO,1,0,0,0,0,0,0
GENE-154,NO,1,800,450,959,773,915,1050
GENE-155,NO,1,0,0,0,0,0,0
GENE-156,NO,1,1214,1388,1750,1394,1411,1787
GENE-157,NO,1,24,14,29,14,18,25
GENE-158,NO,1,0,0,0,0,0,0
GENE-159,NO,1,0,0,0,0,0,0
GENE-160,NO,1,0,0,0,0,0,0
GENE-161,NO,1,0,0,0,0,0,0
GENE-162,NO,1,13,15,6,8,7,5
GENE-163,NO,1,590,596,549,461,409,396
GENE-164,NO,1,0,0,0,0,0,0
GENE-165,NO,1,0,0,0,0,0,0
GENE-166,NO,1,0,0,0,0,0,0
GENE-167,NO,1,0,0,0,0,0,0
GENE-168,NO,1,0,0,0,0,0,0
GENE-169,NO,1,78,53,96,66,51,69
GENE-170,NO,1,10,8,5,6,11,10
GENE-171,NO,1,0,0,0,0,0,0
GENE-172,NO,1,6,4,6,0,4,1
GENE-173,NO,1,17,25,27,27,13,34
GENE-174,NO,1,0,0,0,0,0,0
GENE-175,NO,1,0,0,0,0,0,0
GENE-176,NO,1,434,517,475,449,502,482
GENE-177,NO,1,0,0,0,0,0,0
GENE-178,NO,1,0,0,0,0,0,0
GENE-179,NO,1,0,0,0,0,0,0
GENE-180,NO,1,0,0,0,0,0,0
GENE-181,NO,1,313,117,283,247,314,294
GENE-182,NO,1,0,0,0,0,0,0
GENE-183,NO,1,305,155,185,195,219,209
GENE-184,NO,1,0,0,0,0,0,0
GENE-185,NO,1,0,0,0,0,0,0
GENE-186,NO,1,0,0,0,0,0,0
GENE-187,NO,1,0,0,0,0,0,0
GENE-188,NO,1,724,775,657,552,596,796
GENE-189,NO,1,0,0,0,0,0,0
GENE-190,NO,1,0,0,0,0,0,0
GENE-191,NO,1,0,0,0,0,0,0
GENE-192,NO,1,0,0,0,0,0,0
GENE-193,NO,1,0,0,0,0,0,0
GENE-194,NO,1,0,0,0,0,0,0
GENE-195,NO,1,0,0,0,0,0,0
GENE-196,NO,1,10694,11187,10641,11534,9119,9125
GENE-197,NO,1,157,216,126,183,104,187
GENE-198,NO,1,0,0,0,0,0,0
GENE-199,NO,1,0,0,0,0,0,0
GENE-200,NO,1,0,0,0,0,0,0
GENE-201,NO,1,1194,1493,1021,770,984,1102
GENE-202,NO,1,128,279,485,199,237,344
GENE-203,NO,1,0,0,0,0,0,0
GENE-204,NO,1,0,0,0,0,0,0
GENE-205,NO,1,0,0,0,0,0,0
GENE-206,NO,1,0,0,0,0,0,0
GENE-207,NO,1,0,0,0,0,0,0
GENE-208,NO,1,0,0,0,0,0,0
GENE-209,NO,1,89,93,104,100,99,131
GENE-210,NO,1,0,0,0,0,0,0
GENE-211,NO,1,0,0,0,1,0,0
GENE-212,NO,1,0,0,0,0,0,0
GENE-213,NO,1,0,0,0,0,0,0
GENE-214,NO,1,607,750,923,699,785,558
GENE-215,NO,1,36,23,22,41,26,52
GENE-216,NO,1,257,445,118,212,140,316
GENE-217,NO,1,0,0,0,0,0,0
GENE-218,NO,1,0,0,0,0,0,0
GENE-219,NO,1,78,97,73,65,89,63
GENE-220,NO,1,0,0,0,0,0,0
GENE-221,NO,1,2,5,1,2,3,5
GENE-223,NO,1,0,0,0,0,0,0
GENE-224,NO,1,0,0,0,0,0,0
GENE-225,NO,1,0,0,0,0,0,0
GENE-226,NO,1,0,0,0,0,0,0
GENE-227,NO,1,0,0,0,0,0,0
GENE-228,NO,1,0,0,0,0,0,0
GENE-229,NO,1,0,0,0,0,0,0
GENE-230,NO,1,0,0,0,0,0,0
GENE-231,NO,1,0,0,0,0,0,0
GENE-232,NO,1,327,347,409,340,424,319
GENE-233,NO,1,0,0,0,0,0,0
GENE-234,NO,1,4,4,2,3,3,2
GENE-235,NO,1,0,0,0,0,0,0
GENE-236,NO,1,0,0,0,0,0,0
GENE-237,NO,1,0,0,0,0,0,0
GENE-238,NO,1,0,0,0,0,0,0
GENE-239,NO,1,0,0,0,0,0,0
GENE-240,NO,1,0,0,0,0,0,0
GENE-241,NO,1,0,0,0,0,0,0
GENE-242,NO,1,910,634,544,830,845,852
GENE-243,NO,1,0,0,0,0,0,0
GENE-244,NO,1,0,0,0,0,0,0
GENE-245,NO,1,0,0,0,0,0,0
GENE-246,YES,1,0,0,0,0,0,0
GENE-247,NO,1,0,0,0,0,0,0
GENE-248,NO,1,0,0,0,0,0,0
GENE-249,NO,1,331,220,333,357,431,358
GENE-250,NO,1,23,34,27,36,19,19
GENE-251,NO,1,0,0,0,0,0,0
GENE-252,NO,1,0,0,0,0,0,0
GENE-253,NO,1,0,0,0,0,0,0
GENE-254,NO,1,46,52,72,68,54,54
GENE-255,NO,1,74,42,34,48,8,14
GENE-257,NO,1,0,0,0,0,0,0
GENE-258,NO,1,0,0,0,0,0,0
GENE-259,NO,1,0,0,0,0,0,0
GENE-260,NO,1,0,0,0,0,0,0
GENE-261,NO,1,2,2,0,0,2,2
GENE-262,NO,1,0,0,0,0,0,0
GENE-263,NO,1,0,3,3,0,0,0
GENE-264,NO,1,0,0,0,0,0,0
GENE-265,YES,1,0,0,0,0,0,0
GENE-266,NO,1,474,446,464,405,423,437
GENE-267,NO,1,0,0,0,0,0,0
GENE-268,NO,1,0,0,0,0,0,0
GENE-269,NO,1,400,452,339,398,168,299
GENE-270,NO,1,0,0,0,0,0,0
GENE-271,NO,1,0,0,0,0,0,0
GENE-272,NO,1,0,0,0,0,0,0
GENE-273,NO,1,0,0,0,0,0,0
GENE-274,NO,1,140,114,101,111,103,111
GENE-275,NO,1,182,151,135,128,173,131
GENE-276,NO,1,0,0,0,0,0,0
GENE-277,NO,1,0,0,0,0,0,0
GENE-278,NO,1,147,139,152,156,134,152
GENE-279,NO,1,18,11,8,14,16,7
GENE-280,NO,1,253,145,259,366,350,203
GENE-281,NO,1,0,0,0,0,0,0
GENE-282,NO,1,0,0,0,0,0,0
GENE-283,NO,1,0,0,0,0,0,0
GENE-284,NO,1,0,0,0,0,0,0
GENE-285,NO,1,0,0,0,0,0,0
GENE-286,YES,1,0,0,0,0,0,0
GENE-287,NO,1,0,0,0,0,0,0
GENE-288,NO,1,414,500,430,455,406,490
GENE-289,NO,1,0,0,0,0,0,0
GENE-290,NO,1,0,0,0,0,0,0
GENE-291,NO,1,0,0,0,0,0,0
GENE-292,NO,1,0,0,0,0,0,0
GENE-293,NO,1,0,0,0,0,0,0
GENE-294,NO,1,0,0,0,0,0,0
GENE-295,NO,1,1,0,3,1,1,1
GENE-296,NO,1,0,0,0,0,0,0
GENE-297,NO,1,1,0,3,1,1,6
GENE-298,NO,1,0,0,0,0,0,0
GENE-299,NO,1,13,18,22,20,22,13
GENE-300,NO,1,0,0,0,0,0,0
GENE-301,NO,1,0,0,0,0,0,0
GENE-302,NO,1,0,0,0,0,0,0
GENE-303,NO,1,0,0,0,0,0,0
GENE-304,NO,1,0,0,0,0,0,0
GENE-305,NO,1,0,0,0,0,0,0
GENE-306,NO,1,115,97,108,122,95,109
GENE-307,NO,1,17886,19825,24920,23333,23053,17841
GENE-308,NO,1,1,1,1,3,0,0
GENE-309,NO,1,0,0,0,0,0,0
GENE-310,NO,1,0,0,0,0,0,0
GENE-311,NO,1,0,0,0,0,0,0
GENE-312,NO,1,0,0,0,0,0,0
GENE-313,NO,1,0,0,0,0,0,0
GENE-314,NO,1,3,6,8,5,2,7
GENE-315,NO,1,4,5,3,6,5,4
GENE-316,NO,1,0,0,0,0,0,0
GENE-317,NO,1,0,0,0,0,0,0
GENE-318,NO,1,34,26,34,30,31,29
GENE-319,NO,1,0,0,0,0,0,0
GENE-320,NO,1,0,0,0,0,0,0
GENE-321,NO,1,0,0,0,1,0,0
GENE-322,NO,1,0,0,0,0,0,0
GENE-323,NO,1,0,0,0,0,0,0
GENE-324,NO,1,1165,1267,981,1033,1312,952
GENE-325,NO,1,0,0,0,0,0,0
GENE-326,NO,1,49,57,39,42,48,44
GENE-327,NO,1,2,3,2,6,3,2
GENE-328,YES,1,0,0,0,2,4,0
GENE-329,NO,1,0,0,0,0,0,0
GENE-330,NO,1,0,0,0,0,0,0
GENE-331,NO,1,0,0,0,0,0,0
GENE-332,NO,1,0,0,0,0,0,0
GENE-333,NO,1,0,0,0,0,0,0
GENE-334,NO,1,0,0,0,0,0,0
GENE-335,NO,1,349,269,377,313,243,314
GENE-336,NO,1,0,0,0,0,0,0
GENE-337,NO,1,0,0,0,0,0,0
GENE-338,NO,1,0,0,0,0,0,0
GENE-339,NO,1,0,0,0,0,0,0
GENE-340,NO,1,0,0,0,0,0,0
GENE-341,NO,1,0,1,2,0,0,0
GENE-342,NO,1,0,0,0,0,0,0
GENE-343,NO,1,0,0,0,0,0,0
GENE-344,NO,1,0,0,0,0,0,0
GENE-345,NO,1,0,0,0,0,0,0
GENE-346,NO,1,0,0,0,0,0,0
GENE-347,NO,1,594,471,763,411,385,351
GENE-348,NO,1,0,0,1,0,1,0
GENE-350,NO,1,0,0,0,0,0,0
GENE-351,NO,1,0,0,0,0,0,0
GENE-352,NO,1,0,0,0,0,0,0
GENE-353,NO,1,0,0,1,0,0,1
GENE-354,NO,1,0,0,0,0,0,0
GENE-355,NO,1,0,0,0,0,0,0
GENE-356,NO,1,0,0,0,0,0,0
GENE-357,NO,1,0,0,0,0,0,0
GENE-358,NO,1,0,0,0,0,0,0
GENE-359,NO,1,0,0,0,0,0,0
GENE-360,NO,1,16,25,34,37,29,23
GENE-361,NO,1,0,0,0,0,0,0
GENE-362,NO,1,2,5,1,0,2,2
GENE-363,NO,1,122,87,123,116,108,117
GENE-365,NO,1,0,0,0,0,0,0
GENE-366,NO,1,0,0,0,0,0,0
GENE-367,YES,1,0,0,0,0,0,0
GENE-368,NO,1,140,107,68,60,73,43
GENE-369,NO,1,0,0,0,0,0,0
GENE-370,NO,1,0,0,0,0,0,0
GENE-371,NO,1,12,28,20,10,24,10
GENE-372,NO,1,130,93,100,83,66,129
GENE-373,NO,1,0,0,0,0,0,0
GENE-374,YES,1,0,0,0,0,0,0
GENE-375,NO,1,0,0,0,0,0,0
GENE-376,NO,1,27,34,30,31,20,24
GENE-377,NO,1,2924,3211,3188,3406,3183,3120
GENE-378,NO,1,1727,1758,1256,1457,1334,1497
GENE-379,NO,1,0,0,0,0,0,0
GENE-380,NO,1,0,0,0,0,0,0
GENE-381,NO,1,1,0,1,0,0,0
GENE-382,NO,1,0,0,0,0,0,0
GENE-383,NO,1,0,0,0,0,0,0
GENE-384,NO,1,6,9,2,2,9,8
GENE-385,NO,1,14,19,4,18,12,2
GENE-386,NO,1,0,0,0,0,0,0
GENE-387,NO,1,40,119,103,65,87,66
GENE-388,NO,1,0,0,0,0,0,0
GENE-389,NO,1,0,0,0,0,0,0
GENE-390,NO,1,0,0,0,0,0,0
GENE-391,NO,1,11,9,3,3,6,0
GENE-392,NO,1,305,365,304,295,302,330
GENE-393,NO,1,0,0,0,0,0,0
GENE-394,NO,1,401,356,341,316,355,429
GENE-395,NO,1,0,0,0,0,0,0
GENE-396,NO,1,0,14,2,10,20,4
GENE-397,NO,1,1,0,0,0,0,0
GENE-398,NO,1,84,90,82,107,92,74
GENE-399,NO,1,0,0,0,0,0,0
GENE-400,NO,1,7,5,2,8,8,8
GENE-401,NO,1,0,0,0,0,0,0
GENE-402,NO,1,10,18,29,28,11,16
GENE-403,NO,1,16,22,15,28,13,20
GENE-404,NO,1,11,11,26,10,22,14
GENE-405,NO,1,0,0,0,0,0,0
GENE-406,NO,1,0,0,0,0,0,0
GENE-407,NO,1,0,0,0,0,0,0
GENE-408,NO,1,0,0,1,1,0,0
GENE-409,NO,1,331,424,532,237,199,263
GENE-410,YES,1,0,0,0,0,0,0
GENE-411,NO,1,0,0,0,0,0,0
GENE-413,NO,1,0,0,0,0,0,0
GENE-414,NO,1,0,0,0,0,0,0
GENE-415,NO,1,0,0,0,0,0,0
GENE-416,NO,1,0,0,0,0,0,0
GENE-417,NO,1,0,0,0,0,0,0
GENE-418,NO,1,0,0,0,0,0,0
GENE-419,YES,1,1,2,0,4,6,2
GENE-420,NO,1,24,20,33,19,27,26
GENE-421,NO,1,0,0,0,0,0,0
GENE-422,NO,1,0,0,0,0,0,0
GENE-423,NO,1,0,0,0,0,0,0
GENE-424,NO,1,6876,4544,2783,473,5243,845
GENE-425,NO,1,0,0,0,0,0,0
GENE-426,NO,1,1,1,0,1,0,0
GENE-427,NO,1,0,0,0,0,0,0
GENE-428,NO,1,1012,1514,15,823,86,463
GENE-429,NO,1,0,0,0,0,0,0
GENE-430,NO,1,0,0,0,0,0,0
GENE-431,NO,1,10,9,8,13,12,2
GENE-432,NO,1,0,0,0,0,0,0
GENE-433,NO,1,0,0,0,0,0,0
GENE-434,NO,1,0,0,0,0,0,0
GENE-435,NO,1,0,0,0,0,0,0
GENE-436,NO,1,48,42,22,70,46,5
GENE-437,NO,1,73,51,60,52,64,56
GENE-438,NO,1,0,0,0,0,0,0
GENE-439,NO,1,136,237,183,159,144,184
GENE-440,YES,1,0,0,0,0,0,0
GENE-441,NO,1,7,12,11,9,7,11
GENE-442,NO,1,0,0,0,0,0,0
GENE-443,NO,1,135,111,153,151,152,172
GENE-444,NO,1,42,25,32,9,13,36
GENE-445,NO,1,19,16,20,30,26,22
GENE-446,NO,1,0,0,0,0,0,0
GENE-447,NO,1,28,25,58,20,36,21
GENE-448,NO,1,19,32,16,19,18,24
GENE-449,NO,1,0,0,0,0,0,0
GENE-450,NO,1,0,0,0,0,0,0
GENE-451,NO,1,1,4,4,2,1,4
GENE-452,NO,1,0,1,2,0,0,0
GENE-453,NO,1,0,0,0,0,0,0
GENE-454,NO,1,0,0,0,0,0,0
GENE-455,NO,1,0,0,0,0,0,0
GENE-456,NO,1,0,0,0,0,0,0
GENE-457,NO,1,0,0,0,0,0,0
GENE-458,NO,1,0,0,0,0,0,0
GENE-459,NO,1,7,38,27,18,27,23
GENE-460,NO,1,1,0,0,1,3,0
GENE-461,NO,1,0,0,0,0,0,0
GENE-462,NO,1,19,20,26,13,30,21
GENE-463,NO,1,0,0,0,0,0,0
GENE-464,NO,1,0,0,0,0,0,0
GENE-465,NO,1,0,0,0,0,0,0
GENE-466,NO,1,65,66,48,35,38,83
GENE-467,NO,1,0,0,0,0,0,0
GENE-468,NO,1,0,0,0,0,0,0
GENE-469,NO,1,162,138,154,147,158,145
GENE-470,NO,1,0,0,0,0,0,0
GENE-472,NO,1,1959,1932,2437,2499,1912,2701
GENE-473,NO,1,0,0,0,0,0,0
GENE-475,NO,1,0,0,0,0,0,0
GENE-476,NO,1,0,0,0,0,0,0
GENE-477,NO,1,2,4,30,0,1,5
GENE-478,NO,1,0,0,0,0,0,0
GENE-479,NO,1,584,142,140,225,869,497
GENE-480,NO,1,0,0,0,0,0,0
GENE-481,NO,1,0,0,0,0,0,0
GENE-482,NO,1,42,35,28,29,40,56
GENE-483,NO,1,0,0,0,0,0,0
GENE-484,NO,1,0,0,0,0,0,0
GENE-485,NO,1,0,0,0,0,0,0
GENE-486,NO,1,0,0,0,0,0,0
GENE-487,NO,1,0,0,0,0,0,0
GENE-488,YES,1,0,0,0,0,0,0
GENE-489,NO,1,353,395,337,400,497,394
GENE-490,NO,1,0,0,0,0,0,0
GENE-491,NO,1,0,0,0,0,0,0
GENE-492,NO,1,0,0,0,0,0,0
GENE-493,NO,1,0,0,0,0,0,0
GENE-494,NO,1,2953,3967,2435,3634,3225,3197
GENE-495,NO,1,1,0,1,3,1,1
GENE-496,NO,1,0,0,0,0,0,0
GENE-497,NO,1,0,0,0,0,0,0
GENE-498,NO,1,19,6,23,11,9,17
GENE-499,NO,1,0,0,0,0,0,0
GENE-500,NO,1,0,0,0,0,0,0
GENE-501,NO,1,0,0,0,0,0,0
GENE-502,NO,1,0,0,0,0,0,0
GENE-503,NO,1,0,0,0,0,0,0
GENE-504,NO,1,0,0,0,0,0,0
GENE-505,YES,1,0,1,0,0,0,0
GENE-506,NO,1,0,0,0,0,0,0
GENE-507,NO,1,0,0,0,0,0,0
GENE-508,NO,1,0,0,0,0,0,0
GENE-509,NO,1,0,0,0,0,0,0
GENE-510,NO,1,1,0,0,0,1,2
GENE-511,NO,1,0,1,2,3,1,4
GENE-512,NO,1,0,0,0,0,0,0
GENE-513,NO,1,0,0,0,0,0,0
GENE-514,NO,1,0,0,0,0,0,0
GENE-515,NO,1,0,0,0,0,0,0
GENE-516,NO,1,0,0,0,0,0,0
GENE-517,NO,1,0,0,0,1,0,0
GENE-518,NO,1,0,0,0,0,0,0
GENE-519,NO,1,0,0,0,0,0,0
GENE-520,NO,1,199,209,181,209,177,194
GENE-521,NO,1,75,67,67,44,70,58
GENE-522,NO,1,0,0,0,0,0,0
GENE-523,NO,1,133,108,124,92,126,136
GENE-524,NO,1,0,0,0,0,0,0
GENE-525,NO,1,0,1,0,0,1,1
GENE-526,NO,1,494,373,385,350,302,392
GENE-527,NO,1,0,0,0,0,0,0
GENE-528,NO,1,0,0,0,0,0,0
GENE-529,NO,1,1,0,2,1,3,2
GENE-530,NO,1,0,0,0,0,0,0
GENE-531,YES,1,0,0,0,0,0,0
GENE-532,NO,1,0,0,0,0,0,0
GENE-533,NO,1,0,0,0,0,0,0
GENE-534,NO,1,0,0,0,0,0,0
GENE-535,NO,1,45,71,61,63,41,62
GENE-536,NO,1,28,29,14,41,19,24
GENE-538,NO,1,4,5,8,6,3,2
GENE-539,NO,1,0,0,0,0,0,0
GENE-540,NO,1,0,0,0,0,0,0
GENE-541,NO,1,1,0,1,10,0,3
GENE-542,YES,1,0,0,0,0,0,0
GENE-543,NO,1,0,0,0,0,0,0
GENE-544,NO,1,0,0,0,0,0,0
GENE-545,NO,1,0,0,0,0,0,0
GENE-546,NO,1,829,842,839,963,816,632
GENE-547,NO,1,0,0,0,0,0,0
GENE-548,NO,1,0,0,0,0,0,0
GENE-549,YES,1,0,0,0,0,0,0
GENE-550,NO,1,0,0,0,0,0,0
GENE-551,NO,1,0,0,0,0,0,0
GENE-552,NO,1,141,154,156,129,116,114
GENE-553,NO,1,0,0,0,0,0,0
GENE-554,NO,1,6,11,4,5,7,8
GENE-555,NO,1,0,0,0,0,0,0
GENE-556,NO,1,23,28,22,21,33,21
GENE-557,NO,1,0,0,0,0,0,0
GENE-558,NO,1,0,0,0,0,0,0
GENE-559,NO,1,724,736,494,815,648,445
GENE-560,NO,1,20,24,22,30,15,23
GENE-561,NO,1,0,0,0,0,0,0
GENE-562,NO,1,0,0,0,0,0,0
GENE-563,NO,1,0,0,0,0,0,0
GENE-564,NO,1,0,0,0,0,0,0
GENE-565,NO,1,0,0,0,0,0,0
GENE-566,NO,1,0,0,0,0,0,0
GENE-567,NO,1,63,56,32,35,37,53
GENE-568,NO,1,7,6,9,9,5,6
GENE-569,NO,1,0,0,0,0,0,0
GENE-570,NO,1,0,0,0,0,0,0
GENE-571,NO,1,0,0,0,0,0,0
GENE-572,NO,1,441,372,396,337,378,378
GENE-573,NO,1,0,0,0,0,0,0
GENE-574,NO,1,348,199,305,279,203,208
GENE-575,NO,1,0,0,0,0,0,0
GENE-576,NO,1,29,59,44,26,27,39
GENE-577,NO,1,0,0,0,0,0,0
GENE-578,NO,1,171,444,318,248,531,375
GENE-579,NO,1,0,0,0,0,0,0
GENE-580,NO,1,0,0,0,0,0,0
GENE-581,NO,1,0,0,0,0,0,0
GENE-582,NO,1,0,0,0,0,0,0
GENE-583,NO,1,0,0,0,0,0,0
GENE-584,NO,1,0,0,0,0,0,0
GENE-585,NO,1,0,0,0,0,0,0
GENE-586,NO,1,0,0,0,0,0,0
GENE-587,NO,1,0,0,0,0,0,0
GENE-588,NO,1,0,0,0,0,0,0
GENE-589,NO,1,0,0,0,0,0,0
GENE-590,NO,1,0,0,0,0,0,0
GENE-591,NO,1,160,156,184,157,168,123
GENE-592,NO,1,0,0,0,0,0,0
GENE-593,NO,1,57,71,72,45,51,67
GENE-594,NO,1,2,6,1,3,3,2
GENE-595,YES,1,0,0,0,0,0,0
GENE-596,NO,1,0,0,0,0,0,0
GENE-597,NO,1,0,0,0,0,0,0
GENE-598,NO,1,0,0,0,0,0,0
GENE-599,NO,1,6,20,20,9,10,16
GENE-600,NO,1,0,0,0,0,0,0
GENE-601,NO,1,11,17,12,13,18,19
GENE-602,NO,1,0,1,0,0,1,0
GENE-603,NO,1,7,2,5,2,7,5
GENE-604,NO,1,0,0,0,0,0,0
GENE-605,NO,1,0,0,0,0,0,0
GENE-606,NO,1,0,0,0,0,0,0
GENE-607,NO,1,0,0,0,0,0,0
GENE-608,YES,1,0,0,0,0,0,0
GENE-609,NO,1,0,0,0,0,0,0
GENE-610,NO,1,0,0,0,0,0,0
GENE-611,NO,1,9,11,7,4,4,4
GENE-612,NO,1,0,0,0,0,0,0
GENE-613,NO,1,0,0,0,0,0,0
GENE-614,NO,1,22,21,19,18,23,15
GENE-615,NO,1,1684,1416,1708,1580,1385,1742
GENE-616,NO,1,0,0,0,0,0,0
GENE-617,NO,1,0,0,0,0,0,0
GENE-618,NO,1,142,119,162,122,136,140
GENE-619,NO,1,0,0,0,0,0,0
GENE-620,NO,1,0,0,0,0,0,0
GENE-621,NO,1,0,0,0,0,0,0
GENE-622,NO,1,0,0,0,0,0,0
GENE-623,NO,1,42,71,100,88,74,64
GENE-624,NO,1,0,0,0,0,0,0
GENE-625,NO,1,22,26,21,22,27,32
GENE-626,NO,1,0,0,0,0,0,0
GENE-627,NO,1,0,0,0,0,0,0
GENE-628,NO,1,600,705,584,491,759,547
GENE-629,NO,1,12,15,6,18,9,17
GENE-630,NO,1,0,0,0,0,0,0
GENE-631,NO,1,0,0,0,0,0,0
GENE-632,NO,1,8,4,9,6,5,4
GENE-633,NO,1,0,0,0,0,0,0
GENE-634,NO,1,0,0,0,0,0,0
GENE-635,NO,1,0,0,0,0,0,0
GENE-636,NO,1,1494,3005,3333,2332,2961,2701
GENE-637,NO,1,0,0,0,0,0,0
GENE-638,NO,1,0,0,0,0,0,0
GENE-639,NO,1,0,0,0,0,0,0
GENE-640,NO,1,146,132,148,145,143,145
GENE-641,NO,1,0,0,0,0,0,0
GENE-642,NO,1,0,0,0,0,0,0
GENE-643,YES,1,0,0,0,0,0,0
GENE-644,NO,1,0,0,1,1,0,0
GENE-645,NO,1,0,0,0,0,0,0
GENE-646,NO,1,0,0,0,0,0,0
GENE-647,NO,1,0,0,0,0,0,0
GENE-648,NO,1,1,0,1,1,1,0
GENE-649,NO,1,2,7,3,4,3,8
GENE-650,NO,1,0,0,0,0,0,0
GENE-651,NO,1,0,0,0,0,0,0
GENE-652,NO,1,0,0,0,0,0,0
GENE-653,NO,1,0,6,3,7,3,2
GENE-654,NO,1,20,27,19,33,19,32
GENE-655,NO,1,0,0,0,0,0,0
GENE-656,NO,1,0,0,0,0,0,0
GENE-657,NO,1,0,0,0,0,0,0
GENE-658,NO,1,4,3,1,1,3,2
GENE-659,NO,1,0,0,0,0,0,0
GENE-660,NO,1,0,0,0,0,0,0
GENE-661,NO,1,1,0,0,0,0,0
GENE-662,NO,1,0,0,0,0,0,0
GENE-663,NO,1,3,5,12,8,2,6
GENE-664,NO,1,0,0,0,0,0,0
GENE-665,NO,1,2,2,0,0,0,1
GENE-666,NO,1,0,0,0,0,0,0
GENE-667,NO,1,66,33,68,55,79,82
GENE-668,NO,1,318,315,306,384,286,295
GENE-669,NO,1,0,0,0,0,0,0
GENE-670,NO,1,8,18,11,9,24,19
GENE-671,NO,1,0,0,0,0,0,0
GENE-672,NO,1,0,0,0,0,0,0
GENE-674,NO,1,0,0,0,0,0,0
GENE-675,NO,1,0,0,0,0,0,0
GENE-676,NO,1,13,7,7,10,9,10
GENE-677,NO,1,2,1,1,1,1,1
GENE-678,NO,1,0,0,0,0,0,0
GENE-679,YES,1,0,0,0,0,0,0
GENE-680,NO,1,10,13,13,7,8,14
GENE-681,NO,1,0,0,0,0,0,0
GENE-682,NO,1,0,0,0,0,0,0
GENE-683,NO,1,3,0,1,1,2,1
GENE-684,NO,1,0,0,0,0,0,0
GENE-685,NO,1,163,282,446,703,139,131
GENE-686,NO,1,0,0,0,0,0,0
GENE-687,NO,1,0,0,0,0,0,0
GENE-688,NO,1,0,0,0,0,0,0
GENE-689,NO,1,0,0,0,0,0,0
GENE-690,NO,1,461,1014,1613,1195,1048,1860
GENE-691,NO,1,0,0,0,0,0,0
GENE-692,NO,1,0,0,0,0,0,0
GENE-693,NO,1,0,0,0,0,0,0
GENE-694,NO,1,8,4,6,5,3,8
GENE-695,NO,1,0,0,0,0,0,0
GENE-696,NO,1,0,0,0,0,0,0
GENE-697,NO,1,0,0,0,0,0,0
GENE-698,NO,1,6,3,4,8,7,11
GENE-699,NO,1,0,0,0,0,0,0
GENE-700,NO,1,0,0,0,0,0,0
GENE-701,NO,1,0,0,0,0,0,0
GENE-702,NO,1,0,0,0,0,0,0
GENE-703,NO,1,0,0,0,0,0,0
GENE-704,NO,1,0,0,0,0,0,0
GENE-705,NO,1,0,0,0,0,0,0
GENE-706,NO,1,185,118,198,192,191,139
GENE-707,NO,1,0,0,0,0,0,0
GENE-708,NO,1,12,10,12,8,6,5
GENE-709,NO,1,1,0,0,0,0,0
GENE-710,NO,1,0,0,0,0,0,0
GENE-711,NO,1,1,0,1,1,4,6
GENE-712,NO,1,120,172,142,144,123,152
GENE-713,NO,1,1998,1897,2090,1750,1991,1729
GENE-714,NO,1,0,0,0,0,1,1
GENE-715,NO,1,0,0,0,0,0,0
GENE-716,NO,1,0,0,0,0,0,0
GENE-717,NO,1,0,0,0,0,0,0
GENE-718,NO,1,0,0,0,0,0,0
GENE-719,NO,1,26,40,29,51,54,44
GENE-720,NO,1,148,156,174,176,144,141
GENE-721,NO,1,13,16,7,15,13,3
GENE-722,NO,1,0,0,0,0,0,0
GENE-723,NO,1,155,54,53,79,134,101
GENE-725,NO,1,0,0,0,0,0,0
GENE-726,NO,1,75,145,91,125,76,122
GENE-727,NO,1,0,0,0,0,0,0
GENE-728,NO,1,0,0,0,0,0,0
GENE-729,YES,1,0,0,0,0,0,0
GENE-730,NO,1,0,0,0,0,0,0
GENE-731,NO,1,0,0,0,0,0,0
GENE-732,NO,1,1,1,0,1,0,1
GENE-733,NO,1,0,0,0,0,0,0
GENE-734,NO,1,906,828,853,669,842,691
GENE-736,NO,1,0,0,0,0,0,1
GENE-737,NO,1,27,35,37,45,42,43
GENE-738,NO,1,0,0,0,0,0,0
GENE-739,NO,1,67,102,72,92,72,84
GENE-740,NO,1,0,0,0,0,0,0
GENE-741,NO,1,0,0,0,0,0,0
GENE-742,NO,1,0,0,1,3,0,0
GENE-744,NO,1,0,0,0,0,0,0
GENE-745,NO,1,0,0,0,0,0,0
GENE-746,NO,1,0,0,0,0,0,0
GENE-747,NO,1,0,0,0,0,0,0
GENE-748,NO,1,0,0,0,0,0,0
GENE-749,NO,1,0,0,0,0,0,0
GENE-750,YES,1,0,0,0,0,0,0
GENE-751,NO,1,0,0,0,0,0,0
GENE-752,NO,1,77,74,79,83,56,72
GENE-753,NO,1,0,0,0,0,0,0
GENE-754,NO,1,0,0,0,0,0,0
GENE-755,NO,1,507,500,480,464,479,569
GENE-756,NO,1,0,0,0,0,0,0
GENE-757,NO,1,0,0,0,0,0,0
GENE-758,NO,1,0,0,0,0,0,0
GENE-759,NO,1,0,0,0,0,0,0
GENE-760,NO,1,1,0,0,0,0,2
GENE-761,NO,1,173,327,281,226,299,150
GENE-762,NO,1,0,0,0,0,0,0
GENE-763,NO,1,0,0,0,0,0,0
GENE-764,NO,1,0,0,0,0,0,1
GENE-765,NO,1,424,316,359,326,284,285
GENE-766,NO,1,0,0,0,0,0,0
GENE-767,NO,1,0,0,0,0,0,0
GENE-768,NO,1,0,0,0,0,0,0
GENE-769,NO,1,0,0,0,0,0,0
GENE-770,NO,1,0,0,0,1,0,1
GENE-771,NO,1,139,100,165,69,153,99
GENE-772,NO,1,149,124,169,150,92,145
GENE-773,NO,1,51,41,39,32,36,37
GENE-774,NO,1,117,92,115,100,134,104
GENE-775,NO,1,0,0,0,0,0,0
GENE-776,NO,1,4,11,9,6,13,21
GENE-777,NO,1,19,25,26,17,10,18
GENE-778,NO,1,0,0,0,0,0,0
GENE-779,NO,1,0,0,0,0,0,0
GENE-780,NO,1,0,0,0,0,0,0
GENE-781,NO,1,0,0,0,0,0,0
GENE-782,NO,1,0,0,0,0,0,0
GENE-783,NO,1,0,0,0,0,0,0
GENE-784,NO,1,58,76,57,64,77,72
GENE-785,NO,1,0,0,0,0,0,0
GENE-786,NO,1,0,0,0,0,0,0
GENE-787,NO,1,271,266,289,319,323,283
GENE-788,NO,1,0,0,0,0,0,0
GENE-789,NO,1,0,0,0,0,0,0
GENE-790,NO,1,121,87,87,152,139,87
GENE-791,NO,1,0,0,0,0,0,0
GENE-792,NO,1,1244,1938,2737,2787,1055,1959
GENE-793,NO,1,1068,775,866,913,971,908
GENE-794,NO,1,0,0,0,0,0,0
GENE-795,NO,1,0,0,0,0,0,0
GENE-796,NO,1,0,0,0,0,0,0
GENE-797,NO,1,0,0,0,0,0,0
GENE-798,NO,1,0,0,0,0,0,0
GENE-799,NO,1,0,0,0,0,0,0
GENE-800,NO,1,0,0,0,0,0,0
GENE-801,NO,1,0,0,0,0,0,0
GENE-802,NO,1,0,0,0,0,0,0
GENE-803,NO,1,492,456,540,487,504,453
GENE-804,NO,1,114,123,89,111,113,96
GENE-805,NO,1,0,0,0,0,0,0
GENE-806,NO,1,0,0,0,0,0,0
GENE-807,NO,1,0,0,0,0,0,0
GENE-808,NO,1,0,0,0,0,0,0
GENE-809,NO,1,0,0,0,0,0,0
GENE-810,NO,1,1513,2068,1206,2169,1767,1491
GENE-811,NO,1,0,0,0,0,0,0
GENE-812,NO,1,11,7,10,10,3,9
GENE-813,NO,1,0,0,0,0,0,0
GENE-814,NO,1,895,735,877,815,941,698
GENE-815,NO,1,0,0,0,0,0,0
GENE-816,NO,1,589,619,562,375,493,506
GENE-817,NO,1,0,0,0,0,0,0
GENE-818,NO,1,1635,1850,1509,1394,1807,1757
GENE-819,NO,1,25,62,40,48,55,34
GENE-820,NO,1,12,7,9,6,13,12
GENE-821,NO,1,0,0,0,0,0,0
GENE-822,NO,1,0,0,0,0,0,0
GENE-823,NO,1,0,0,0,0,0,0
GENE-824,NO,1,221,160,243,254,242,196
GENE-825,NO,1,0,0,0,0,0,0
GENE-826,NO,1,0,0,0,0,0,0
GENE-827,NO,1,0,0,0,0,0,0
GENE-828,NO,1,0,0,0,0,0,0
GENE-829,NO,1,1,1,5,1,0,0
GENE-830,NO,1,17,16,28,40,31,16
GENE-831,NO,1,0,0,0,0,0,0
GENE-832,NO,1,83,58,96,81,71,62
GENE-833,NO,1,9,7,15,6,7,6
GENE-834,NO,1,1265,1411,1130,1381,1350,1531
GENE-835,NO,1,0,0,0,0,0,0
GENE-836,NO,1,0,0,0,0,0,0
GENE-837,NO,1,0,0,0,0,0,0
GENE-838,YES,1,0,2,0,0,1,0
GENE-839,NO,1,219,166,307,207,314,264
GENE-840,NO,1,149,202,141,137,174,115
GENE-841,NO,1,0,0,0,0,0,0
GENE-842,NO,1,0,0,0,0,0,0
GENE-843,NO,1,0,0,0,0,0,0
GENE-844,NO,1,0,0,0,0,0,0
GENE-845,NO,1,0,0,0,0,0,0
GENE-846,NO,1,13,10,20,12,14,7
GENE-847,NO,1,0,0,0,0,0,0
GENE-848,NO,1,0,0,0,0,0,0
GENE-849,YES,1,0,0,0,0,0,0
GENE-850,NO,1,0,0,0,0,0,0
GENE-851,NO,1,0,0,0,0,0,0
GENE-852,NO,1,0,0,0,0,0,0
GENE-853,NO,1,0,0,0,0,0,0
GENE-854,NO,1,0,0,0,0,0,0
GENE-855,NO,1,0,0,0,0,0,0
GENE-856,NO,1,0,0,1,0,1,0
GENE-858,NO,1,0,0,0,0,0,0
GENE-859,NO,1,0,0,0,0,0,0
GENE-860,NO,1,87,53,63,69,60,74
GENE-861,NO,1,6,5,3,8,1,5
GENE-862,NO,1,0,0,0,0,0,0
GENE-863,NO,1,1,2,1,1,3,0
GENE-864,NO,1,0,0,0,0,0,0
GENE-865,NO,1,0,0,0,0,0,0
GENE-866,NO,1,0,0,0,0,0,0
GENE-867,NO,1,0,0,0,0,0,0
GENE-868,NO,1,0,0,0,0,0,0
GENE-869,NO,1,1,5,3,5,3,4
GENE-870,NO,1,0,0,0,0,0,0
GENE-871,NO,1,0,0,0,0,0,0
GENE-872,YES,1,0,0,0,0,0,0
GENE-873,NO,1,0,0,1,0,0,0
GENE-874,NO,1,0,0,0,0,0,0
GENE-875,NO,1,13,8,25,10,22,7
GENE-876,NO,1,0,0,0,0,0,0
GENE-877,NO,1,0,0,0,0,0,0
GENE-878,NO,1,0,0,0,4,0,1
GENE-879,NO,1,0,0,0,0,0,0
GENE-880,NO,1,5,3,8,3,6,4
GENE-881,NO,1,0,0,0,0,0,0
GENE-882,NO,1,0,0,0,0,0,0
GENE-883,NO,1,1,0,1,0,2,1
GENE-884,YES,1,0,0,0,0,0,0
GENE-885,NO,1,66,45,272,81,108,57
GENE-886,NO,1,0,0,0,0,0,0
GENE-887,NO,1,0,0,0,0,0,0
GENE-888,NO,1,1937,5571,3808,3788,3315,3988
GENE-889,NO,1,0,0,0,0,0,0
GENE-890,NO,1,0,0,0,0,0,0
GENE-891,NO,1,0,0,0,0,0,0
GENE-892,NO,1,7,8,10,10,5,11
GENE-893,NO,1,0,0,0,0,0,0
GENE-894,NO,1,6,4,15,6,3,4
GENE-895,NO,1,780,760,782,786,768,732
GENE-896,NO,1,0,0,0,0,0,0
GENE-897,NO,1,0,0,0,0,0,0
GENE-898,NO,1,71,40,59,49,49,48
GENE-899,YES,1,0,0,0,0,0,0
GENE-900,NO,1,897,905,716,871,766,900
GENE-901,NO,1,0,0,0,0,0,0
GENE-902,NO,1,0,0,0,0,0,0
GENE-903,NO,1,0,0,0,0,0,0
GENE-904,NO,1,0,0,0,0,0,0
GENE-905,NO,1,0,0,0,0,0,0
GENE-906,NO,1,0,0,0,0,0,0
GENE-907,NO,1,0,0,1,0,0,0
GENE-908,NO,1,22,24,17,14,23,23
GENE-909,NO,1,0,0,0,0,0,0
GENE-910,NO,1,0,0,0,0,0,0
GENE-911,NO,1,1,3,0,0,0,0
GENE-912,NO,1,0,0,0,0,0,0
GENE-913,NO,1,210,209,252,165,244,212
GENE-914,NO,1,0,0,0,0,0,0
GENE-916,NO,1,0,0,0,0,0,0
GENE-917,NO,1,0,0,0,0,0,0
GENE-918,NO,1,1,2,1,0,2,1
GENE-919,NO,1,11,7,5,6,2,6
GENE-920,NO,1,0,0,0,0,0,0
GENE-921,NO,1,0,0,0,0,0,0
GENE-922,NO,1,0,0,0,0,0,0
GENE-923,NO,1,0,0,0,0,0,0
GENE-924,NO,1,59,45,47,36,48,44
GENE-925,NO,1,0,0,0,0,0,0
GENE-926,NO,1,0,0,0,0,0,0
GENE-927,NO,1,75,69,54,70,77,91
GENE-928,NO,1,0,0,0,0,0,0
GENE-929,NO,1,0,0,0,0,0,0
GENE-930,NO,1,0,0,0,0,0,0
GENE-931,NO,1,411,336,427,424,397,391
GENE-932,NO,1,13707,13827,11672,15027,13097,12775
GENE-933,NO,1,75,61,62,63,57,75
GENE-934,NO,1,0,0,0,0,0,0
GENE-935,NO,1,0,0,0,0,0,0
GENE-936,NO,1,124,87,110,89,106,89
GENE-937,NO,1,15,16,28,13,16,16
GENE-938,NO,1,0,0,0,0,0,0
GENE-939,NO,1,0,0,0,0,0,0
GENE-940,NO,1,0,0,0,0,0,0
GENE-941,NO,1,203,80,65,207,104,33
GENE-942,NO,1,12,18,12,22,19,27
GENE-943,NO,1,0,2,0,0,0,2
GENE-944,NO,1,0,0,0,0,0,0
GENE-945,NO,1,0,0,0,0,0,0
GENE-946,NO,1,0,0,0,0,0,0
GENE-947,NO,1,50,45,51,34,38,53
GENE-948,NO,1,1,0,2,0,0,1
GENE-949,NO,1,6,18,8,8,8,10
GENE-950,NO,1,1424,1400,1183,1211,1271,1369
GENE-951,NO,1,0,0,0,0,0,0
GENE-952,NO,1,88,91,142,99,143,140
GENE-953,NO,1,0,0,0,0,0,0
GENE-954,NO,1,0,0,0,0,0,0
GENE-955,NO,1,1,1,3,2,5,0
GENE-956,NO,1,1730,542,1005,1591,578,508
GENE-957,NO,1,117,133,122,128,152,118
GENE-958,NO,1,0,0,0,0,0,0
GENE-959,NO,1,0,0,0,0,0,0
GENE-960,NO,1,1,0,0,1,0,0
GENE-961,NO,1,0,1,0,1,1,0
GENE-962,NO,1,0,0,0,0,0,0
GENE-963,YES,1,0,0,0,0,0,0
GENE-964,NO,1,0,0,0,0,0,0
GENE-965,NO,1,0,0,0,0,0,0
GENE-966,NO,1,58,66,45,84,41,50
GENE-967,NO,1,0,1,1,1,0,1
GENE-968,NO,1,8,5,10,6,11,15
GENE-970,NO,1,0,2,2,4,2,2
GENE-971,NO,1,108,102,105,122,125,91
GENE-972,NO,1,0,0,0,0,0,0
GENE-973,NO,1,0,0,0,0,0,0
GENE-974,NO,1,306,289,291,340,286,287
GENE-975,NO,1,0,0,0,0,0,0
GENE-976,NO,1,0,0,0,0,0,0
GENE-977,NO,1,0,0,0,0,0,0
GENE-978,NO,1,0,0,0,0,0,0
GENE-979,NO,1,0,0,0,0,0,0
GENE-980,NO,1,0,0,0,0,0,0
GENE-981,NO,1,0,0,0,0,0,0
GENE-982,NO,1,0,0,0,0,0,0
GENE-983,NO,1,0,0,0,0,0,0
GENE-984,NO,1,0,0,0,0,0,0
GENE-985,NO,1,0,0,0,0,0,0
GENE-986,NO,1,0,0,0,0,0,0
GENE-987,NO,1,1,1,2,0,1,0
GENE-988,NO,1,0,0,0,0,0,0
GENE-989,NO,1,463,475,521,466,390,475
GENE-990,NO,1,0,0,0,0,0,0
GENE-991,YES,1,0,0,0,0,0,0
GENE-992,NO,1,0,0,0,0,0,0
GENE-993,NO,1,0,0,0,0,0,0
GENE-994,NO,1,89,36,10,56,55,120
GENE-995,NO,1,0,0,0,0,0,0
GENE-996,NO,1,0,0,0,0,0,0
GENE-997,YES,1,0,0,0,0,0,0
GENE-998,NO,1,3162,4737,2923,3486,2747,1604
GENE-999,NO,1,10,7,10,6,13,12
GENE-1000,YES,1,0,0,0,0,0,0
GENE-1001,NO,1,0,0,0,0,0,0
GENE-1002,NO,1,0,0,0,0,0,0
GENE-1003,NO,1,12,11,10,7,10,8
GENE-1004,NO,1,8,3,5,4,6,4
GENE-1005,NO,1,0,0,0,0,0,0
GENE-1006,NO,1,0,0,0,0,0,0
GENE-1007,NO,1,0,0,0,0,0,0
GENE-1008,NO,1,0,0,0,0,0,0
GENE-1009,NO,1,0,0,0,0,0,0
GENE-1010,NO,1,11,2,10,10,2,8
GENE-1011,YES,1,0,0,0,0,0,0
GENE-1012,NO,1,78,113,120,94,103,101
GENE-1013,NO,1,0,0,0,0,0,0
GENE-1014,YES,1,0,0,0,0,0,0
GENE-1015,NO,1,0,0,0,0,0,0
GENE-1016,NO,1,0,0,0,0,0,0
GENE-1017,NO,1,0,0,0,0,0,0
GENE-1018,NO,1,0,0,0,0,0,0
GENE-1019,NO,1,12,10,5,8,9,6
GENE-1020,NO,1,21,20,11,13,12,7
GENE-1021,NO,1,0,0,0,0,0,0
GENE-1022,NO,1,0,0,0,0,0,0
GENE-1023,NO,1,210,238,265,254,171,187
GENE-1024,NO,1,1167,476,932,1478,1239,826
GENE-1025,YES,1,21,6,8,6,2,13
GENE-1026,NO,1,0,0,0,0,0,0
GENE-1027,NO,1,0,0,0,0,0,0
GENE-1028,NO,1,2,1,1,1,2,1
GENE-1029,NO,1,0,0,0,0,0,0
GENE-1030,YES,1,0,0,0,0,0,0
GENE-1031,NO,1,12,7,9,11,12,14
GENE-1032,NO,1,0,0,0,0,0,0
GENE-1033,YES,1,0,0,0,0,0,0
GENE-1034,NO,1,0,0,0,0,0,0
GENE-1035,NO,1,6,10,6,16,5,7
GENE-1036,NO,1,0,0,0,0,0,0
GENE-1037,NO,1,0,0,0,0,0,0
GENE-1038,NO,1,0,0,0,0,0,0
GENE-1039,NO,1,36,22,20,21,51,34
GENE-1040,NO,1,214,123,165,132,172,272
GENE-1041,NO,1,1,0,0,0,0,0
GENE-1042,NO,1,0,0,0,0,0,0
GENE-1043,NO,1,303,348,277,302,301,374
GENE-1044,NO,1,0,0,0,0,0,0
GENE-1045,NO,1,25,7,11,29,11,16
GENE-1046,NO,1,0,0,0,0,0,0
GENE-1047,NO,1,0,0,0,0,0,0
GENE-1048,NO,1,0,0,0,0,0,0
GENE-1049,NO,1,3,4,5,3,6,8
GENE-1050,NO,1,0,0,0,0,0,0
GENE-1051,NO,1,0,0,0,0,0,0
GENE-1052,NO,1,0,0,0,0,0,0
GENE-1053,NO,1,0,0,0,0,0,0
GENE-1055,NO,1,0,0,0,0,0,0
GENE-1056,NO,1,15,11,11,13,10,15
GENE-1057,NO,1,0,0,0,0,0,0
GENE-1058,NO,1,1,1,0,2,1,2
GENE-1059,NO,1,0,0,0,0,0,0
GENE-1060,NO,1,0,0,0,0,0,0
GENE-1061,NO,1,37,36,27,45,55,51
GENE-1062,NO,1,0,0,0,0,0,0
GENE-1063,NO,1,0,0,0,0,0,0
GENE-1064,NO,1,0,0,0,0,0,0
GENE-1065,NO,1,0,0,0,0,0,0
GENE-1066,NO,1,0,0,0,0,0,0
GENE-1067,NO,1,3599,2847,3107,3190,2454,2515
GENE-1068,NO,1,0,0,0,0,0,0
GENE-1069,NO,1,0,0,0,0,0,0
GENE-1070,NO,1,0,0,0,0,0,0
GENE-1071,YES,1,0,0,0,1,0,1
GENE-1072,NO,1,0,0,0,0,0,0
GENE-1073,NO,1,0,0,0,0,0,0
GENE-1074,NO,1,0,0,0,0,0,0
GENE-1075,NO,1,0,0,0,0,0,0
GENE-1076,NO,1,0,0,0,0,0,0
GENE-1077,NO,1,1,0,0,0,1,1
GENE-1078,NO,1,5,2,4,6,5,5
GENE-1079,NO,1,0,0,0,0,0,0
GENE-1080,NO,1,0,0,0,0,0,0
GENE-1081,NO,1,0,0,0,0,0,0
GENE-1082,NO,1,0,0,0,0,0,0
GENE-1083,NO,1,0,0,0,0,0,0
GENE-1084,NO,1,0,0,0,0,0,0
GENE-1085,NO,1,0,0,0,0,0,0
GENE-1086,NO,1,0,0,0,0,0,0
GENE-1087,NO,1,5,2,4,4,3,6
GENE-1088,NO,1,0,0,0,0,0,0
GENE-1089,NO,1,0,0,0,0,0,0
GENE-1090,NO,1,0,0,0,0,0,0
GENE-1091,NO,1,0,0,1,0,0,0
GENE-1092,NO,1,0,0,0,0,0,0
GENE-1093,NO,1,0,0,0,0,0,0
GENE-1094,YES,1,0,0,0,0,0,0
GENE-1095,NO,1,330,395,439,343,355,334
GENE-1096,NO,1,0,0,0,0,0,0
GENE-1097,NO,1,0,0,0,0,0,0
GENE-1098,NO,1,0,0,0,2,1,1
GENE-1099,NO,1,0,0,0,0,0,0
GENE-1100,NO,1,88,101,82,96,58,80
GENE-1101,NO,1,0,0,1,2,1,1
GENE-1102,NO,1,53,67,90,107,78,64
GENE-1103,NO,1,0,0,0,0,0,0
GENE-1104,NO,1,2,3,0,7,4,5
GENE-1105,NO,1,141,188,89,118,96,129
GENE-1106,NO,1,1,1,1,1,0,1
GENE-1107,NO,1,17,19,20,20,13,15
GENE-1108,NO,1,38,36,36,28,34,30
GENE-1109,NO,1,16,9,13,11,6,15
GENE-1110,NO,1,0,0,0,0,0,0
GENE-1111,NO,1,76,53,57,49,57,68
GENE-1112,NO,1,816,804,604,694,712,617
GENE-1113,NO,1,0,0,0,0,0,0
GENE-1114,YES,1,0,0,0,0,0,0
GENE-1115,NO,1,0,0,0,0,0,0
GENE-1116,NO,1,3,3,5,9,11,6
GENE-1117,YES,1,0,0,0,0,0,0
GENE-1118,NO,1,0,0,0,0,0,0
GENE-1119,NO,1,0,0,0,0,0,0
GENE-1120,YES,1,0,0,0,0,0,0
GENE-1121,NO,1,0,0,0,0,0,0
GENE-1122,NO,1,1676,1702,1602,1487,1992,1621
GENE-1123,NO,1,104,131,114,130,100,117
GENE-1124,NO,1,0,0,0,0,0,0
GENE-1125,NO,1,0,0,0,0,0,0
GENE-1126,NO,1,0,0,0,0,0,0
GENE-1127,NO,1,0,0,0,0,0,0
GENE-1128,NO,1,0,0,0,0,0,0
GENE-1129,NO,1,112,100,123,112,108,101
GENE-1130,NO,1,0,0,0,0,0,0
GENE-1131,YES,1,0,0,0,0,0,0
GENE-1132,NO,1,2555,4722,4473,4373,3020,4117
GENE-1133,NO,1,0,0,0,0,0,0
GENE-1134,NO,1,0,0,0,0,0,0
GENE-1135,NO,1,0,0,0,0,0,0
GENE-1137,NO,1,0,0,0,0,0,0
GENE-1138,NO,1,0,1,1,2,1,0
GENE-1139,NO,1,0,0,0,0,0,0
GENE-1140,NO,1,0,0,0,0,1,0
GENE-1141,NO,1,101,93,100,121,66,105
GENE-1142,NO,1,0,0,0,0,0,0
GENE-1143,NO,1,22,14,16,12,19,30
GENE-1144,NO,1,0,0,0,0,0,0
GENE-1145,NO,1,0,0,0,0,0,0
GENE-1146,YES,1,0,0,0,0,0,0
GENE-1147,NO,1,0,0,1,0,0,0
GENE-1148,NO,1,0,0,0,0,0,0
GENE-1149,NO,1,0,0,0,0,0,0
GENE-1150,NO,1,0,0,0,0,0,0
GENE-1151,NO,1,0,0,0,0,0,0
GENE-1152,NO,1,142,266,328,227,179,226
GENE-1153,NO,1,0,0,0,0,0,0
GENE-1154,NO,1,1,4,4,4,3,4
GENE-1155,NO,1,0,2,0,2,2,3
GENE-1156,NO,1,0,0,0,0,0,0
GENE-1157,NO,1,0,0,0,0,0,0
GENE-1158,NO,1,0,0,0,0,0,0
GENE-1159,NO,1,0,0,0,0,0,0
GENE-1160,NO,1,0,1,0,1,0,0
GENE-1161,NO,1,388,393,256,358,486,320
GENE-1162,NO,1,0,0,0,0,0,0
GENE-1163,NO,1,256,259,246,232,209,237
GENE-1164,NO,1,0,0,0,0,0,0
GENE-1165,NO,1,0,0,0,0,0,0
GENE-1166,NO,1,429,385,446,370,475,402
GENE-1167,NO,1,1,0,0,0,1,0
GENE-1168,NO,1,0,0,0,0,0,0
GENE-1169,NO,1,0,0,0,0,0,0
GENE-1170,NO,1,1600,2466,2384,1159,1549,2606
GENE-1171,NO,1,442,627,688,585,526,425
GENE-1172,NO,1,0,0,0,0,0,0
GENE-1173,NO,1,0,0,0,0,0,0
GENE-1174,NO,1,0,0,0,0,0,0
GENE-1175,NO,1,0,0,0,0,0,0
GENE-1176,NO,1,0,0,0,0,0,0
GENE-1177,NO,1,3,4,6,10,11,0
GENE-1178,NO,1,0,0,0,0,0,0
GENE-1179,NO,1,405,332,378,389,381,287
GENE-1180,NO,1,0,0,0,0,0,0
GENE-1181,NO,1,0,0,0,0,0,0
GENE-1182,NO,1,39,52,33,25,36,36
GENE-1183,NO,1,0,0,0,0,0,0
GENE-1184,NO,1,0,0,0,0,0,0
GENE-1185,NO,1,5,6,10,9,6,8
GENE-1186,NO,1,112,121,83,100,109,82
GENE-1187,NO,1,0,0,0,0,0,0
GENE-1188,NO,1,410,344,251,364,160,227
GENE-1189,NO,1,0,0,0,0,0,0
GENE-1190,NO,1,146,223,190,249,263,135
GENE-1191,NO,1,0,0,0,0,0,0
GENE-1192,NO,1,0,0,0,0,0,0
GENE-1193,NO,1,649,1001,689,700,528,630
GENE-1194,NO,1,0,1,0,0,1,0
GENE-1196,NO,1,1279,1013,1120,1138,1133,1174
GENE-1197,NO,1,0,0,0,0,0,0
GENE-1198,NO,1,0,0,0,0,0,0
GENE-1199,NO,1,44,53,36,59,45,45
GENE-1200,NO,1,0,0,0,0,0,0
GENE-1201,NO,1,0,0,0,0,0,0
GENE-1202,NO,1,0,0,0,0,0,0
GENE-1203,NO,1,0,0,0,0,0,0
GENE-1204,NO,1,200,208,220,250,294,222
GENE-1205,NO,1,195,204,236,200,236,226
GENE-1206,NO,1,182,208,218,185,214,154
GENE-1207,NO,1,0,0,0,0,0,0
GENE-1208,NO,1,84,78,92,67,113,93
GENE-1209,NO,1,0,0,0,0,0,0
GENE-1210,NO,1,0,0,0,0,0,0
GENE-1211,NO,1,0,0,0,0,0,0
GENE-1212,NO,1,0,0,0,0,0,0
GENE-1213,NO,1,0,0,0,0,0,0
GENE-1214,NO,1,14,4,39,12,47,11
GENE-1215,NO,1,27,37,29,44,41,34
GENE-1216,NO,1,0,0,0,0,0,0
GENE-1217,NO,1,0,0,0,0,0,0
GENE-1218,NO,1,35,49,23,43,34,52
GENE-1219,NO,1,0,0,0,0,0,0
GENE-1220,NO,1,1523,1534,1476,1279,1226,1688
GENE-1221,NO,1,0,0,0,0,0,0
GENE-1222,NO,1,112,155,128,99,130,149
GENE-1223,NO,1,1,2,4,0,2,2
GENE-1224,NO,1,0,0,0,0,0,0
GENE-1225,NO,1,0,0,0,0,0,0
GENE-1226,NO,1,7,4,19,20,6,13
GENE-1227,NO,1,0,0,0,0,0,0
GENE-1228,NO,1,0,0,0,0,0,2
GENE-1230,NO,1,3,1,4,4,4,2
GENE-1231,NO,1,0,0,0,0,0,0
GENE-1232,NO,1,0,0,0,0,0,0
GENE-1233,NO,1,125,85,100,108,126,170
GENE-1234,NO,1,0,0,0,0,0,0
GENE-1235,NO,1,0,0,0,0,0,0
GENE-1236,NO,1,0,0,0,0,0,0
GENE-1237,NO,1,0,0,0,0,0,0
GENE-1238,NO,1,0,0,0,0,0,0
GENE-1239,NO,1,0,0,0,0,0,0
GENE-1240,NO,1,0,0,0,0,0,0
GENE-1241,NO,1,0,0,0,0,0,0
GENE-1242,NO,1,0,0,0,0,0,0
GENE-1243,NO,1,0,0,0,0,0,1
GENE-1244,NO,1,301,354,374,270,196,284
GENE-1245,NO,1,0,0,0,0,0,0
GENE-1246,NO,1,292,183,174,160,118,159
GENE-1247,NO,1,122,89,78,67,206,231
GENE-1248,NO,1,0,0,0,0,0,0
GENE-1249,NO,1,0,0,0,0,0,0
GENE-1250,NO,1,0,0,0,0,0,0
GENE-1251,NO,1,0,0,0,0,0,0
GENE-1252,NO,1,5,8,16,11,13,12
GENE-1253,NO,1,0,0,0,0,0,0
GENE-1254,NO,1,0,0,0,0,0,0
GENE-1255,NO,1,86,70,56,86,76,69
GENE-1256,NO,1,0,0,0,0,0,0
GENE-1258,NO,1,0,0,0,0,0,0
GENE-1259,NO,1,0,0,0,0,0,0
GENE-1260,YES,1,0,0,0,0,0,0
GENE-1261,NO,1,0,0,0,0,0,0
GENE-1262,NO,1,0,0,0,0,0,0
GENE-1263,NO,1,0,0,0,0,0,0
GENE-1264,NO,1,0,0,0,0,0,0
GENE-1265,NO,1,0,0,0,0,0,0
GENE-1266,NO,1,0,0,0,0,0,0
GENE-1267,NO,1,77,66,61,73,68,58
GENE-1268,NO,1,0,0,0,0,0,0
GENE-1269,NO,1,0,0,0,0,0,0
GENE-1270,NO,1,62,26,41,38,39,52
GENE-1271,NO,1,0,0,0,0,0,0
GENE-1272,NO,1,0,0,0,0,0,0
GENE-1273,NO,1,0,0,0,0,0,0
GENE-1274,NO,1,363,406,383,396,401,413
GENE-1275,NO,1,81,77,87,93,98,81
GENE-1276,NO,1,0,0,0,0,0,0
GENE-1277,NO,1,12,6,7,5,4,7
GENE-1278,NO,1,111,114,125,114,131,138
GENE-1279,NO,1,1,2,1,1,2,1
GENE-1280,NO,1,0,0,0,0,0,0
GENE-1281,NO,1,17,10,21,34,18,20
GENE-1282,NO,1,1,0,1,1,0,0
GENE-1283,NO,1,0,0,0,0,0,0
GENE-1284,NO,1,0,0,0,0,0,0
GENE-1285,NO,1,2753,2896,2693,2796,2770,2911
GENE-1286,NO,1,0,0,0,0,0,0
GENE-1287,NO,1,1306,1267,1381,1277,1096,1269
GENE-1288,NO,1,0,0,0,0,0,0
GENE-1289,NO,1,1725,4172,4289,3245,9949,3690
GENE-1290,NO,1,0,0,0,0,0,0
GENE-1291,NO,1,0,0,0,0,0,0
GENE-1292,YES,1,0,0,0,0,0,0
GENE-1293,NO,1,0,0,0,0,0,0
GENE-1294,NO,1,0,0,0,0,0,0
GENE-1295,NO,1,0,0,0,0,0,0
GENE-1296,NO,1,0,0,0,0,0,0
GENE-1297,NO,1,3,6,5,6,6,6
GENE-1298,NO,1,78,90,110,113,87,67
GENE-1299,NO,1,0,0,0,0,0,0
GENE-1300,NO,1,0,0,0,0,0,0
GENE-1301,NO,1,0,0,0,0,0,0
GENE-1302,NO,1,0,0,0,0,0,0
GENE-1303,NO,1,0,0,0,0,0,0
GENE-1304,NO,1,548,484,714,644,630,605
GENE-1305,NO,1,0,0,0,0,0,0
GENE-1306,NO,1,0,0,0,0,0,0
GENE-1307,NO,1,0,0,0,0,0,0
GENE-1308,NO,1,54,43,39,40,54,42
GENE-1309,NO,1,0,0,0,0,0,0
GENE-1310,NO,1,52,39,63,50,42,38
GENE-1312,NO,1,90,64,106,116,70,103
GENE-1313,YES,1,0,0,0,0,0,0
GENE-1314,NO,1,2,11,6,9,7,14
GENE-1315,NO,1,3,19,13,8,14,12
GENE-1316,NO,1,321,359,441,333,506,559
GENE-1317,NO,1,0,0,0,0,0,0
GENE-1318,NO,1,0,0,0,0,0,0
GENE-1319,NO,1,6,5,12,13,4,6
GENE-1320,YES,1,0,0,0,0,0,0
GENE-1321,NO,1,0,0,0,0,0,0
GENE-1322,NO,1,206,106,185,69,99,148
GENE-1323,NO,1,0,0,0,0,0,0
GENE-1324,NO,1,863,850,592,989,688,1167
GENE-1325,NO,1,0,0,0,0,0,0
GENE-1326,NO,1,298,417,440,406,314,154
GENE-1328,NO,1,306,275,241,328,228,355
GENE-1329,NO,1,0,0,0,0,0,0
GENE-1330,YES,1,1,0,0,0,0,0
GENE-1331,NO,1,862,665,952,829,943,925
GENE-1332,NO,1,0,0,0,0,0,0
GENE-1333,NO,1,0,0,0,0,0,0
GENE-1334,NO,1,0,0,0,0,0,0
GENE-1335,NO,1,0,0,0,0,0,0
GENE-1336,NO,1,0,0,0,0,0,0
GENE-1337,NO,1,0,0,0,0,0,0
GENE-1338,NO,1,8,8,1,4,1,5
GENE-1339,NO,1,0,0,0,0,0,0
GENE-1340,NO,1,0,0,0,0,0,0
GENE-1341,NO,1,0,0,0,0,0,0
GENE-1342,NO,1,18,19,19,24,23,27
GENE-1343,NO,1,790,692,843,808,748,726
GENE-1344,NO,1,0,0,0,0,0,0
GENE-1345,NO,1,67,60,113,82,103,85
GENE-1346,NO,1,12,7,9,12,12,14
GENE-1347,NO,1,22,11,19,12,19,24
GENE-1348,YES,1,0,0,0,0,0,1
GENE-1349,YES,1,0,0,0,0,0,0
GENE-1350,NO,1,0,0,0,0,0,0
GENE-1351,NO,1,27,27,26,8,39,38
GENE-1352,NO,1,0,0,0,0,0,0
GENE-1353,NO,1,0,0,0,0,0,0
GENE-1354,NO,1,18,27,19,17,19,19
GENE-1355,NO,1,0,0,0,0,0,0
GENE-1356,NO,1,0,0,0,0,0,0
GENE-1357,NO,1,0,0,0,0,0,0
GENE-1358,NO,1,0,0,0,0,0,0
GENE-1359,NO,1,77,47,115,67,89,65
GENE-1360,NO,1,129,126,133,88,119,108
GENE-1361,NO,1,0,0,0,0,0,0
GENE-1362,NO,1,27,24,24,18,23,16
GENE-1363,NO,1,0,0,0,0,0,0
GENE-1364,NO,1,0,0,0,0,0,0
GENE-1365,NO,1,184,209,224,295,262,173
GENE-1366,NO,1,0,0,0,0,0,0
GENE-1367,NO,1,4,11,7,10,9,9
GENE-1368,NO,1,0,0,0,0,0,0
GENE-1369,NO,1,0,0,0,0,0,0
GENE-1370,NO,1,0,0,0,0,0,0
GENE-1371,NO,1,0,0,0,0,0,0
GENE-1372,NO,1,0,0,0,0,0,0
GENE-1373,NO,1,64,65,54,66,75,67
GENE-1374,NO,1,0,0,0,0,0,0
GENE-1375,NO,1,0,0,0,0,0,0
GENE-1376,NO,1,0,0,0,0,0,0
GENE-1377,NO,1,0,0,0,0,0,0
GENE-1378,NO,1,0,0,0,0,0,0
GENE-1379,NO,1,0,0,0,0,0,0
GENE-1380,YES,1,0,0,0,0,0,0
GENE-1381,NO,1,0,0,0,0,0,0
GENE-1382,NO,1,0,0,0,0,0,0
GENE-1383,NO,1,0,0,0,0,0,0
GENE-1384,NO,1,0,0,0,0,0,0
GENE-1385,NO,1,0,0,0,0,0,0
GENE-1386,NO,1,0,0,0,0,0,0
GENE-1387,NO,1,957,1040,776,779,583,858
GENE-1388,NO,1,1,1,1,0,1,0
GENE-1389,NO,1,0,2,1,3,2,1
GENE-1390,NO,1,10,26,15,8,21,22
GENE-1391,NO,1,0,0,0,0,0,0
GENE-1392,NO,1,0,0,0,0,0,0
GENE-1393,NO,1,0,0,0,0,0,0
GENE-1394,NO,1,799,1401,951,933,1214,1157
GENE-1395,NO,1,104,128,110,107,117,120
GENE-1396,NO,1,0,0,0,0,0,0
GENE-1397,NO,1,222,287,283,233,225,285
GENE-1398,NO,1,0,0,0,0,0,0
GENE-1399,NO,1,0,0,0,0,0,0
GENE-1400,NO,1,1,1,0,0,0,0
GENE-1401,NO,1,0,1,1,0,1,0
GENE-1402,NO,1,0,0,0,0,0,0
GENE-1403,NO,1,0,0,0,0,0,0
GENE-1404,NO,1,278,485,427,375,456,362
GENE-1405,YES,1,4,1,0,1,1,0
GENE-1406,YES,1,0,0,0,0,0,0
GENE-1407,NO,1,0,0,1,0,0,1
GENE-1409,NO,1,0,0,0,0,0,0
GENE-1410,NO,1,44,55,54,54,53,78
GENE-1411,NO,1,0,0,0,0,0,0
GENE-1412,NO,1,6,3,0,1,1,1
GENE-1413,NO,1,2,0,0,0,0,1
GENE-1414,NO,1,0,0,0,0,0,0
GENE-1415,NO,1,0,0,0,0,0,0
GENE-1416,NO,1,0,0,0,0,0,0
GENE-1417,NO,1,0,0,0,0,0,0
GENE-1418,NO,1,0,0,0,0,0,0
GENE-1419,NO,1,27,37,28,31,33,34
GENE-1420,NO,1,0,0,0,0,0,0
GENE-1421,NO,1,0,0,0,0,0,0
GENE-1422,NO,1,0,0,0,0,0,0
GENE-1423,NO,1,0,0,0,0,0,0
GENE-1424,NO,1,108,108,103,131,132,127
GENE-1425,NO,1,0,0,0,0,0,0
GENE-1426,NO,1,0,0,0,0,0,0
GENE-1427,NO,1,0,0,0,2,0,2
GENE-1428,NO,1,0,0,0,0,0,0
GENE-1429,NO,1,0,0,0,1,0,0
GENE-1430,NO,1,0,0,0,0,0,0
GENE-1431,NO,1,0,0,0,0,0,0
GENE-1432,NO,1,69,62,69,68,92,67
GENE-1433,NO,1,0,0,0,0,0,0
GENE-1434,NO,1,0,0,0,0,0,0
GENE-1435,NO,1,12,6,7,4,7,3
GENE-1436,NO,1,0,0,0,0,0,0
GENE-1437,NO,1,1499,1527,1228,1282,1267,1308
GENE-1438,NO,1,2302,645,225,2593,85,1034
GENE-1439,NO,1,0,0,0,0,0,0
GENE-1440,NO,1,0,0,0,0,0,0
GENE-1441,NO,1,0,0,0,0,0,0
GENE-1442,NO,1,195,118,138,169,137,190
GENE-1443,NO,1,0,0,0,0,0,0
GENE-1444,NO,1,900,745,980,749,756,837
GENE-1445,NO,1,0,0,0,0,0,0
GENE-1446,NO,1,0,0,0,0,0,0
GENE-1447,NO,1,0,0,0,0,0,0
GENE-1448,NO,1,3124,3171,3954,2909,3760,3546
GENE-1449,NO,1,0,0,0,0,0,0
GENE-1450,NO,1,1,0,1,1,1,0
GENE-1451,NO,1,0,0,0,0,0,0
GENE-1452,NO,1,0,0,0,0,0,0
GENE-1453,NO,1,0,0,0,0,0,0
GENE-1454,NO,1,0,0,0,0,0,0
GENE-1455,NO,1,0,0,0,0,0,0
GENE-1456,NO,1,452,355,416,404,357,467
GENE-1457,NO,1,9,8,2,7,8,8
GENE-1458,NO,1,0,0,0,0,0,0
GENE-1459,NO,1,0,0,0,0,0,0
GENE-1460,NO,1,4,10,5,3,2,4
GENE-1461,NO,1,0,0,0,0,0,0
GENE-1462,YES,1,5,5,5,2,8,11
GENE-1463,NO,1,21,38,19,22,27,33
GENE-1464,NO,1,0,0,0,0,0,0
GENE-1465,NO,1,0,0,0,0,0,0
GENE-1466,NO,1,0,0,0,0,0,0
GENE-1467,NO,1,0,0,0,0,0,0
GENE-1468,NO,1,0,5,0,9,0,3
GENE-1469,NO,1,0,0,0,0,0,0
GENE-1470,NO,1,0,0,0,0,0,0
GENE-1471,NO,1,0,0,0,0,0,0
GENE-1472,NO,1,0,0,0,0,0,0
GENE-1473,NO,1,0,0,0,0,0,0
GENE-1474,NO,1,0,0,0,0,0,0
GENE-1475,NO,1,31,110,85,89,75,71
GENE-1476,NO,1,0,0,0,0,0,0
GENE-1477,NO,1,567,612,182,485,300,538
GENE-1478,NO,1,0,0,0,0,0,0
GENE-1479,NO,1,0,0,0,0,0,0
GENE-1480,NO,1,2,0,3,1,1,1
GENE-1481,NO,1,0,0,0,0,1,0
GENE-1482,NO,1,0,0,0,0,0,0
GENE-1483,NO,1,291,304,436,386,325,351
GENE-1484,NO,1,1241,2173,2040,1713,2013,1899
GENE-1485,NO,1,0,0,0,0,0,0
GENE-1486,NO,1,0,0,0,0,0,0
GENE-1487,NO,1,912,706,726,807,801,789
GENE-1488,NO,1,0,0,0,0,0,0
GENE-1489,NO,1,165,328,288,364,293,295
GENE-1490,NO,1,0,0,0,0,0,0
GENE-1491,NO,1,2,2,2,0,4,4
GENE-1493,NO,1,0,0,0,1,1,1
GENE-1494,NO,1,0,0,0,0,0,0
GENE-1495,NO,1,0,0,0,0,0,0
GENE-1496,NO,1,0,0,0,0,0,0
GENE-1497,NO,1,0,0,0,0,0,0
GENE-1498,NO,1,0,0,0,0,0,0
GENE-1499,NO,1,243,236,206,248,197,213
GENE-1500,NO,1,0,0,0,0,0,0
GENE-1501,NO,1,0,0,0,0,0,0
GENE-1502,NO,1,0,0,0,0,0,0
GENE-1503,NO,1,242,259,270,229,279,218
GENE-1504,NO,1,163,132,126,168,168,153
GENE-1505,NO,1,0,0,0,0,0,0
GENE-1506,NO,1,0,0,0,0,0,0
GENE-1507,NO,1,0,0,0,0,0,0
GENE-1508,NO,1,0,0,0,0,0,0
GENE-1509,NO,1,0,0,0,0,0,0
GENE-1510,NO,1,0,0,0,0,0,0
GENE-1511,NO,1,0,0,0,0,0,0
GENE-1512,NO,1,0,0,0,0,0,0
GENE-1513,NO,1,0,0,0,0,0,0
GENE-1514,NO,1,96,95,110,104,100,85
GENE-1515,NO,1,0,0,0,0,0,0
GENE-1516,NO,1,0,0,0,0,0,0
GENE-1517,NO,1,0,0,0,0,0,0
GENE-1518,NO,1,411,236,434,363,525,449
GENE-1519,NO,1,0,0,0,0,0,0
GENE-1520,NO,1,0,0,0,0,0,0
GENE-1521,NO,1,0,0,0,0,0,0
GENE-1522,NO,1,6188,6965,7002,8314,6909,7493
GENE-1523,NO,1,0,0,0,0,0,0
GENE-1524,NO,1,0,0,0,0,0,0
GENE-1525,NO,1,1643,1512,1098,1793,1434,1672
GENE-1526,NO,1,0,0,0,0,0,0
GENE-1527,NO,1,28,125,116,76,71,135
GENE-1528,NO,1,1,0,1,0,0,0
GENE-1529,NO,1,0,0,0,0,0,0
GENE-1530,NO,1,558,549,473,533,535,521
GENE-1531,NO,1,30,50,46,33,39,37
GENE-1533,NO,1,54,32,38,40,38,29
GENE-1534,NO,1,0,0,0,0,0,0
GENE-1535,YES,1,22,6,1,1,2,1
GENE-1536,NO,1,0,1,0,0,0,1
GENE-1537,NO,1,0,0,0,0,0,0
GENE-1538,NO,1,4,7,4,3,8,5
GENE-1539,NO,1,0,0,0,0,0,0
GENE-1540,NO,1,0,0,0,0,0,0
GENE-1541,NO,1,437,410,403,394,493,394
GENE-1542,NO,1,0,0,0,0,0,0
GENE-1543,NO,1,0,0,0,0,0,0
GENE-1544,NO,1,0,0,0,0,0,0
GENE-1545,NO,1,0,0,0,0,0,0
GENE-1546,NO,1,177,201,240,217,197,209
GENE-1547,NO,1,0,0,0,0,0,0
GENE-1548,NO,1,0,0,0,0,0,0
GENE-1549,NO,1,0,0,0,0,0,0
GENE-1550,NO,1,0,0,0,0,0,0
GENE-1551,NO,1,0,0,0,0,0,0
GENE-1552,NO,1,0,0,0,0,0,0
GENE-1553,NO,1,49,56,56,46,54,53
GENE-1554,NO,1,1,1,1,0,0,1
GENE-1555,NO,1,0,0,0,0,0,0
GENE-1556,NO,1,0,0,0,0,0,0
GENE-1557,NO,1,916,1047,1088,883,1041,1005
GENE-1558,NO,1,592,777,713,450,629,438
GENE-1559,NO,1,0,0,0,0,0,0
GENE-1560,NO,1,0,0,0,0,0,0
GENE-1561,NO,1,1,1,0,1,2,1
GENE-1562,NO,1,0,0,0,0,0,0
GENE-1563,NO,1,0,0,0,0,0,0
GENE-1564,NO,1,0,0,0,0,0,0
GENE-1565,NO,1,0,0,0,0,0,0
GENE-1566,YES,1,0,0,0,0,0,0
GENE-1567,NO,1,0,0,0,0,0,0
GENE-1568,NO,1,80,77,130,139,114,110
GENE-1569,NO,1,156,148,142,164,187,173
GENE-1570,NO,1,0,0,0,0,0,0
GENE-1571,NO,1,1775,1736,1171,2002,1018,1502
GENE-1572,NO,1,0,0,0,0,0,0
GENE-1573,NO,1,0,0,0,0,0,0
GENE-1574,NO,1,0,0,0,0,0,0
GENE-1575,NO,1,0,0,0,0,0,0
GENE-1576,NO,1,197,214,209,330,256,247
GENE-1577,NO,1,80,169,197,149,107,92
GENE-1578,NO,1,21,34,28,30,29,30
GENE-1579,NO,1,0,0,0,0,0,0
GENE-1580,NO,1,0,0,0,0,0,0
GENE-1581,NO,1,0,0,0,0,0,0
GENE-1582,NO,1,0,0,0,0,0,0
GENE-1583,NO,1,1450,1254,1359,1146,998,2020
GENE-1584,NO,1,0,0,0,0,0,0
GENE-1585,NO,1,609,237,176,211,255,174
GENE-1586,YES,1,0,0,0,0,0,0
GENE-1587,NO,1,0,0,0,0,0,0
GENE-1588,NO,1,0,0,0,0,0,0
GENE-1589,NO,1,0,0,0,0,0,0
GENE-1590,NO,1,0,1,0,2,1,1
GENE-1591,YES,1,0,0,0,0,0,0
GENE-1592,NO,1,368,341,396,446,372,369
GENE-1593,NO,1,0,0,0,0,0,0
GENE-1594,NO,1,0,0,0,0,0,0
GENE-1595,NO,1,1337,1337,1605,1499,1679,1354
GENE-1596,NO,1,0,0,0,0,0,0
GENE-1597,NO,1,0,0,0,0,0,0
GENE-1598,NO,1,1,3,3,4,1,2
GENE-1599,NO,1,0,0,0,0,0,0
GENE-1600,NO,1,0,0,0,0,0,0
GENE-1601,NO,1,198,159,165,171,176,142
GENE-1602,NO,1,27,30,44,35,28,33
GENE-1603,NO,1,0,0,0,0,0,0
GENE-1604,NO,1,0,0,0,0,0,0
GENE-1605,NO,1,0,0,0,0,0,0
GENE-1606,NO,1,0,0,0,0,0,0
GENE-1607,YES,1,0,0,0,0,0,0
GENE-1608,NO,1,0,0,0,0,0,0
GENE-1609,NO,1,0,0,0,0,0,0
GENE-1610,NO,1,0,0,0,0,0,0
GENE-1611,NO,1,116,89,113,118,116,107
GENE-1612,NO,1,109,49,51,66,50,71
GENE-1613,NO,1,0,0,0,0,0,0
GENE-1614,NO,1,0,0,0,0,0,0
GENE-1615,NO,1,11,13,18,27,14,17
GENE-1616,NO,1,0,0,0,0,0,0
GENE-1617,NO,1,1427,1505,1560,2257,1779,2356
GENE-1618,NO,1,0,0,0,0,0,0
GENE-1619,YES,1,0,0,0,0,0,0
GENE-1620,NO,1,0,0,0,0,1,0
GENE-1621,NO,1,5,4,11,0,1,0
GENE-1622,NO,1,0,0,0,0,0,0
GENE-1623,NO,1,0,0,0,0,0,0
GENE-1624,NO,1,129,104,118,109,113,161
GENE-1625,NO,1,0,0,0,0,0,0
GENE-1626,NO,1,0,0,0,0,0,0
GENE-1627,NO,1,117,117,141,103,118,123
GENE-1628,NO,1,0,0,0,0,0,0
GENE-1629,NO,1,0,0,0,0,0,0
GENE-1630,NO,1,0,0,0,0,0,0
GENE-1631,YES,1,0,0,0,0,0,0
GENE-1632,NO,1,0,0,0,0,0,0
GENE-1633,NO,1,0,0,0,0,0,0
GENE-1634,NO,1,232,250,232,249,231,191
GENE-1635,NO,1,0,0,0,0,0,0
GENE-1636,NO,1,0,0,0,0,0,0
GENE-1637,NO,1,0,0,0,0,0,0
GENE-1638,NO,1,0,0,0,0,0,0
GENE-1639,NO,1,0,0,0,0,0,0
GENE-1640,NO,1,0,0,0,0,0,0
GENE-1641,NO,1,0,0,0,0,0,0
GENE-1642,NO,1,0,0,0,0,0,0
GENE-1643,NO,1,0,0,0,0,0,0
GENE-1644,NO,1,413,454,376,587,520,436
GENE-1645,NO,1,0,0,0,0,0,0
GENE-1646,NO,1,0,0,0,0,0,0
GENE-1647,NO,1,0,0,0,0,0,0
GENE-1648,NO,1,0,0,0,0,0,0
GENE-1649,NO,1,0,0,0,0,0,0
GENE-1650,NO,1,489,351,333,294,333,341
GENE-1651,NO,1,2,0,0,0,0,0
GENE-1652,NO,1,0,2,2,0,0,0
GENE-1653,NO,1,0,0,0,0,0,0
GENE-1654,NO,1,0,0,0,0,0,0
GENE-1655,NO,1,0,0,0,0,0,0
GENE-1656,NO,1,0,0,0,0,0,0
GENE-1657,NO,1,0,0,0,0,0,0
GENE-1658,YES,1,0,0,0,0,0,0
GENE-1659,NO,1,0,0,0,0,0,0
GENE-1660,NO,1,626,605,580,543,659,529
GENE-1661,NO,1,0,0,0,0,0,0
GENE-1662,NO,1,0,0,0,0,0,0
GENE-1663,NO,1,0,0,0,0,0,0
GENE-1664,NO,1,0,0,0,0,0,0
GENE-1665,NO,1,87,52,23,107,81,65
GENE-1666,NO,1,0,0,0,0,0,0
GENE-1667,NO,1,1,2,2,1,0,2
GENE-1668,NO,1,0,0,0,0,0,0
GENE-1669,NO,1,16,17,8,13,5,14
GENE-1670,NO,1,2,0,0,1,1,0
GENE-1671,NO,1,0,0,0,0,0,0
GENE-1672,NO,1,20,11,11,16,15,17
GENE-1673,NO,1,0,0,0,0,0,0
GENE-1674,NO,1,12,13,33,27,39,43
GENE-1675,NO,1,0,0,0,0,0,0
GENE-1676,NO,1,0,0,0,0,0,0
GENE-1677,NO,1,0,0,0,0,0,0
GENE-1678,NO,1,0,1,0,0,0,0
GENE-1679,NO,1,0,0,0,0,0,0
GENE-1680,NO,1,38,20,35,32,37,17
GENE-1681,NO,1,0,0,0,0,0,0
GENE-1682,NO,1,17,7,10,13,12,13
GENE-1683,NO,1,0,0,0,0,0,0
GENE-1684,NO,1,0,0,0,0,0,0
GENE-1685,YES,1,0,0,0,0,0,0
GENE-1686,NO,1,0,1,0,0,1,0
GENE-1687,NO,1,0,0,0,0,0,0
GENE-1688,NO,1,0,1,0,0,0,0
GENE-1689,NO,1,0,0,0,0,0,0
GENE-1690,NO,1,0,0,0,0,0,0
GENE-1691,NO,1,0,0,0,0,0,0
GENE-1692,NO,1,0,0,0,0,0,0
GENE-1693,NO,1,0,0,0,0,0,0
GENE-1694,NO,1,0,0,0,0,0,0
GENE-1695,NO,1,15,14,3,10,11,17
GENE-1696,NO,1,84,97,137,96,3,42
GENE-1697,NO,1,0,0,0,0,0,0
GENE-1698,NO,1,0,0,0,0,0,0
GENE-1699,NO,1,36,58,49,23,41,35
GENE-1700,NO,1,0,0,0,0,0,0
GENE-1701,NO,1,642,447,574,576,705,678
GENE-1702,NO,1,172,181,174,156,166,142
GENE-1703,NO,1,0,0,0,0,0,0
GENE-1704,NO,1,0,0,0,0,0,0
GENE-1705,NO,1,287,436,356,462,351,329
GENE-1706,NO,1,183,103,233,106,131,49
GENE-1707,NO,1,3,4,6,6,13,1
GENE-1708,NO,1,0,0,0,0,0,0
GENE-1709,NO,1,26,45,39,39,28,66
GENE-1710,NO,1,0,0,0,0,0,0
GENE-1711,NO,1,0,0,0,0,0,0
GENE-1712,NO,1,0,0,0,0,0,0
GENE-1713,NO,1,0,0,0,0,0,0
GENE-1714,YES,1,1,5,15,5,2,3
GENE-1715,NO,1,3,1,3,3,1,1
GENE-1716,NO,1,0,0,1,0,0,2
GENE-1717,YES,1,0,0,0,0,0,0
GENE-1718,NO,1,1769,1671,1769,1725,1516,1634
GENE-1719,NO,1,0,0,0,0,0,0
GENE-1720,NO,1,134,179,155,105,168,93
GENE-1721,NO,1,0,0,0,0,0,0
GENE-1722,NO,1,0,0,0,0,0,0
GENE-1723,NO,1,0,0,0,0,0,0
GENE-1724,NO,1,0,0,0,0,0,0
GENE-1725,NO,1,0,0,0,0,0,0
GENE-1726,NO,1,0,0,0,0,0,0
GENE-1727,NO,1,0,0,0,0,0,0
GENE-1728,NO,1,171,179,205,190,230,199
GENE-1729,NO,1,2,1,1,0,3,1
GENE-1730,NO,1,0,0,1,0,1,0
GENE-1731,NO,1,0,0,0,0,0,0
GENE-1732,NO,1,132,99,201,113,142,134
GENE-1733,NO,1,0,0,0,0,0,0
GENE-1734,NO,1,1,5,2,2,7,1
GENE-1735,NO,1,0,0,0,0,0,0
GENE-1736,NO,1,0,0,0,0,0,0
GENE-1737,NO,1,2,3,2,2,1,0
GENE-1738,NO,1,7,12,6,6,23,11
GENE-1739,NO,1,147,139,161,136,115,91
GENE-1740,NO,1,71,52,79,83,91,83
GENE-1741,NO,1,0,0,0,0,0,0
GENE-1742,NO,1,0,0,0,0,0,0
GENE-1743,NO,1,0,0,0,0,0,0
GENE-1744,NO,1,1074,1089,1040,1201,1191,1044
GENE-1745,NO,1,0,0,0,0,0,0
GENE-1746,NO,1,0,0,0,0,0,0
GENE-1747,NO,1,0,0,0,0,0,0
GENE-1748,NO,1,261,149,253,221,184,205
GENE-1749,NO,1,0,1,1,3,2,2
GENE-1750,NO,1,632,728,694,750,882,859
GENE-1751,NO,1,835,640,778,793,788,713
GENE-1752,NO,1,0,0,0,0,0,0
GENE-1753,NO,1,431,516,404,762,561,338
GENE-1754,NO,1,1332,1344,1367,1127,1000,1517
GENE-1755,NO,1,167,22,22,250,4,64
GENE-1756,NO,1,0,1,2,1,6,3
GENE-1757,NO,1,37,43,79,39,61,43
GENE-1759,NO,1,0,0,0,0,0,0
GENE-1760,NO,1,5,5,7,3,5,1
GENE-1761,NO,1,0,2,0,2,0,1
GENE-1762,NO,1,8,5,4,8,0,3
GENE-1763,NO,1,0,0,0,0,0,0
GENE-1764,NO,1,886,1040,1128,881,974,713
GENE-1765,NO,1,0,0,0,0,0,0
GENE-1766,NO,1,0,0,0,0,0,0
GENE-1767,NO,1,0,0,0,0,0,0
GENE-1768,NO,1,0,0,0,0,0,0
GENE-1769,NO,1,85,82,56,83,108,59
GENE-1770,NO,1,0,0,0,0,0,0
GENE-1771,NO,1,0,0,0,0,0,0
GENE-1772,NO,1,0,0,0,0,0,0
GENE-1773,YES,1,0,0,0,0,0,0
GENE-1774,NO,1,10,11,15,7,13,8
GENE-1775,NO,1,0,0,0,0,0,0
GENE-1776,NO,1,3,3,1,2,1,3
GENE-1777,NO,1,0,0,0,0,0,0
GENE-1778,NO,1,0,0,0,0,0,0
GENE-1779,NO,1,0,0,0,0,0,0
GENE-1780,YES,1,0,0,0,0,0,0
GENE-1781,NO,1,52,53,72,74,70,72
GENE-1782,NO,1,0,0,0,0,0,0
GENE-1783,NO,1,0,0,0,0,0,0
GENE-1784,NO,1,0,0,0,0,0,0
GENE-1785,NO,1,426,295,322,390,419,328
GENE-1786,NO,1,0,0,0,0,0,0
GENE-1787,NO,1,0,0,0,0,0,0
GENE-1788,YES,1,0,0,0,0,0,0
GENE-1789,NO,1,10,17,10,19,11,10
GENE-1790,NO,1,0,0,0,0,0,0
GENE-1791,NO,1,0,0,0,0,0,0
GENE-1792,NO,1,0,0,0,0,0,0
GENE-1793,NO,1,115,133,127,125,127,130
GENE-1794,NO,1,0,0,0,0,0,0
GENE-1795,NO,1,9,10,6,6,4,4
GENE-1796,NO,1,0,0,0,0,0,0
GENE-1797,NO,1,234,144,313,186,270,115
GENE-1798,NO,1,175,261,219,213,225,210
GENE-1799,NO,1,0,0,0,0,0,0
GENE-1800,NO,1,0,0,0,0,0,0
GENE-1801,NO,1,0,0,0,0,0,0
GENE-1802,NO,1,0,0,0,0,0,0
GENE-1803,NO,1,0,0,0,0,0,0
GENE-1804,NO,1,33,26,17,28,21,28
GENE-1805,NO,1,0,0,0,0,0,0
GENE-1806,NO,1,0,0,0,0,0,0
GENE-1807,NO,1,5,1,5,4,2,6
GENE-1808,NO,1,1,1,2,6,2,2
GENE-1809,NO,1,5,31,10,13,12,27
GENE-1810,NO,1,2,2,3,6,3,2
GENE-1811,NO,1,0,0,0,0,0,0
GENE-1812,NO,1,1,0,0,1,0,0
GENE-1813,NO,1,0,0,0,0,0,0
GENE-1814,NO,1,7,7,7,8,18,6
GENE-1815,NO,1,0,0,0,0,0,0
GENE-1816,NO,1,41,83,64,54,27,77
GENE-1817,NO,1,106,125,115,119,96,86
GENE-1818,NO,1,0,0,0,0,0,0
GENE-1819,NO,1,0,0,0,0,0,0
GENE-1820,NO,1,33,46,43,67,45,68
GENE-1821,NO,1,0,0,0,0,0,0
GENE-1822,NO,1,0,0,0,0,0,0
GENE-1823,NO,1,0,0,0,0,0,0
GENE-1824,NO,1,1749,2201,1988,1712,1529,1823
GENE-1825,NO,1,0,0,0,0,0,0
GENE-1826,NO,1,0,0,0,0,0,0
GENE-1827,NO,1,0,0,0,0,0,0
GENE-1828,NO,1,0,0,0,0,0,0
GENE-1829,NO,1,0,0,0,0,0,0
GENE-1830,NO,1,0,0,0,0,0,0
GENE-1832,NO,1,290,175,135,416,130,123
GENE-1833,NO,1,0,0,0,0,0,0
GENE-1834,NO,1,0,0,0,0,0,0
GENE-1835,NO,1,1,0,1,0,0,0
GENE-1836,NO,1,0,0,0,0,0,0
GENE-1837,NO,1,0,0,0,0,0,0
GENE-1838,NO,1,0,0,0,0,0,0
GENE-1839,NO,1,0,0,0,0,0,0
GENE-1840,NO,1,0,0,0,0,0,0
GENE-1841,NO,1,0,0,0,0,0,0
GENE-1842,NO,1,468,457,407,440,406,432
GENE-1843,NO,1,22,7,19,37,22,5
GENE-1844,NO,1,0,0,0,0,0,0
GENE-1845,NO,1,0,0,0,0,0,0
GENE-1846,NO,1,0,0,0,0,0,0
GENE-1847,NO,1,0,0,0,0,0,0
GENE-1848,NO,1,0,0,0,0,0,0
GENE-1849,NO,1,0,0,0,0,0,0
GENE-1850,NO,1,0,0,0,0,0,0
GENE-1851,NO,1,0,0,0,0,0,0
GENE-1852,NO,1,0,0,0,2,0,3
GENE-1853,NO,1,0,0,0,0,0,0
GENE-1854,NO,1,0,0,0,0,0,0
GENE-1855,NO,1,0,0,0,0,0,0
GENE-1856,NO,1,17,21,17,9,9,16
GENE-1857,NO,1,0,0,0,0,0,0
GENE-1858,NO,1,13,19,6,9,20,12
GENE-1859,NO,1,0,0,0,0,0,0
GENE-1860,NO,1,0,0,0,0,0,0
GENE-1861,NO,1,1110,547,629,530,133,187
GENE-1862,NO,1,1143,994,1219,988,1202,1026
GENE-1863,NO,1,0,0,0,0,0,0
GENE-1864,NO,1,0,0,0,0,0,0
GENE-1865,NO,1,0,0,0,0,0,0
GENE-1866,NO,1,0,0,0,0,0,0
GENE-1867,NO,1,62,137,97,70,109,111
GENE-1868,NO,1,0,0,0,0,0,0
GENE-1869,NO,1,0,0,0,0,0,0
GENE-1870,NO,1,0,0,0,0,0,0
GENE-1871,NO,1,199,176,185,254,210,230
GENE-1872,NO,1,0,0,0,0,0,0
GENE-1873,NO,1,47,33,42,40,46,56
GENE-1874,NO,1,6,9,4,4,6,8
GENE-1875,NO,1,901,763,783,880,796,855
GENE-1876,NO,1,15,17,13,18,19,16
GENE-1877,NO,1,0,0,0,0,0,0
GENE-1878,NO,1,1,0,0,1,0,0
GENE-1879,YES,1,0,1,0,1,1,0
GENE-1880,NO,1,5,4,7,5,3,9
GENE-1881,NO,1,399,412,396,438,539,453
GENE-1882,NO,1,0,0,0,0,0,0
GENE-1883,NO,1,0,0,0,0,0,0
GENE-1884,NO,1,0,0,0,0,0,0
GENE-1885,NO,1,0,0,0,0,0,0
GENE-1886,NO,1,0,0,0,0,0,1
GENE-1887,NO,1,0,0,0,0,0,0
GENE-1888,NO,1,0,0,0,0,0,0
GENE-1889,NO,1,904,795,757,830,828,787
GENE-1890,NO,1,0,0,0,0,0,0
GENE-1891,NO,1,0,0,0,0,0,0
GENE-1892,NO,1,0,0,0,0,0,0
GENE-1893,NO,1,0,0,0,0,0,0
GENE-1894,NO,1,0,0,0,0,0,0
GENE-1895,NO,1,6,2,6,6,4,6
GENE-1896,NO,1,23,18,13,11,22,17
GENE-1897,NO,1,0,0,0,0,0,0
GENE-1898,NO,1,0,0,0,0,0,0
GENE-1899,NO,1,0,0,0,0,0,0
GENE-1900,NO,1,23,9,16,19,26,18
GENE-1901,NO,1,7,7,5,6,5,7
GENE-1902,NO,1,0,0,1,0,0,0
GENE-1903,NO,1,0,0,0,0,0,0
GENE-1904,NO,1,0,0,0,0,0,0
GENE-1905,NO,1,0,0,0,0,0,0
GENE-1906,NO,1,0,0,0,0,0,0
GENE-1907,NO,1,0,0,0,0,0,0
GENE-1908,NO,1,0,0,0,0,0,0
GENE-1909,NO,1,83,37,72,60,72,61
GENE-1910,NO,1,241,518,442,338,417,335
GENE-1911,NO,1,0,0,0,0,0,0
GENE-1912,NO,1,0,0,0,0,0,0
GENE-1913,NO,1,0,0,0,0,0,0
GENE-1914,NO,1,43,53,103,45,64,78
GENE-1915,NO,1,0,0,0,0,0,0
GENE-1916,NO,1,38,26,29,35,29,32
GENE-1917,NO,1,0,0,0,0,1,0
GENE-1918,NO,1,5,17,15,6,6,3
GENE-1919,NO,1,0,0,0,0,0,0
GENE-1920,NO,1,0,0,0,0,0,0
GENE-1921,NO,1,1513,873,1723,1442,1272,1992
GENE-1922,NO,1,0,0,0,0,0,0
GENE-1923,NO,1,0,0,0,0,0,0
GENE-1924,NO,1,0,0,0,0,0,0
GENE-1925,NO,1,0,0,0,0,0,0
GENE-1926,NO,1,0,0,0,0,0,0
GENE-1927,NO,1,0,0,0,0,0,0
GENE-1928,NO,1,0,0,0,0,0,0
GENE-1929,NO,1,55,78,57,68,43,40
GENE-1930,NO,1,0,0,0,0,0,0
GENE-1931,NO,1,0,0,0,0,0,0
GENE-1932,NO,1,0,0,0,0,0,0
GENE-1933,NO,1,0,0,0,0,0,0
GENE-1934,NO,1,0,0,0,0,0,0
GENE-1935,NO,1,43,28,35,34,44,46
GENE-1936,NO,1,0,0,0,0,0,0
GENE-1937,NO,1,3,5,1,1,2,3
GENE-1938,NO,1,224,275,272,252,244,231
GENE-1939,NO,1,1325,1109,1384,918,1104,1076
GENE-1940,NO,1,0,0,0,0,0,0
GENE-1941,NO,1,0,0,0,0,0,0
GENE-1942,NO,1,13,12,18,23,22,17
GENE-1943,NO,1,11,2,14,8,13,12
GENE-1944,NO,1,92,99,110,109,96,94
GENE-1945,NO,1,0,0,0,0,0,0
GENE-1946,NO,1,88,117,94,87,87,94
GENE-1947,NO,1,0,0,0,0,0,0
GENE-1948,NO,1,0,1,0,1,0,0
GENE-1949,NO,1,0,0,0,0,0,0
GENE-1950,NO,1,1,1,1,5,3,5
GENE-1951,NO,1,0,0,0,0,0,0
GENE-1952,NO,1,0,0,0,0,0,0
GENE-1953,NO,1,0,0,0,0,0,0
GENE-1954,NO,1,1,2,1,0,2,1
GENE-1955,NO,1,1,6,1,3,0,0
GENE-1956,NO,1,0,1,1,1,3,0
GENE-1957,NO,1,122,84,115,125,136,143
GENE-1958,NO,1,3,2,1,8,2,2
GENE-1959,NO,1,0,0,0,0,0,0
GENE-1960,NO,1,0,0,0,0,0,0
GENE-1961,NO,1,1538,1689,1488,1478,2156,1765
GENE-1962,NO,1,25,29,25,35,35,39
GENE-1963,NO,1,1,2,0,0,0,0
GENE-1964,NO,1,0,0,0,0,0,0
GENE-1965,NO,1,0,0,0,0,0,0
GENE-1967,NO,1,0,0,0,0,0,0
GENE-1968,NO,1,0,0,0,0,0,0
GENE-1969,NO,1,0,0,0,0,0,0
GENE-1970,NO,1,3,10,6,11,11,12
GENE-1971,NO,1,0,0,0,0,0,0
GENE-1972,NO,1,0,0,0,0,0,0
GENE-1973,NO,1,70,69,91,73,57,72
GENE-1974,NO,1,0,0,0,0,0,0
GENE-1975,NO,1,1,3,1,1,7,3
GENE-1976,NO,1,6,4,2,5,1,1
GENE-1977,NO,1,0,0,0,0,0,0
GENE-1978,NO,1,13,7,17,15,13,13
GENE-1979,YES,1,0,0,0,0,0,0
GENE-1980,NO,1,0,0,0,0,0,0
GENE-1981,YES,1,0,0,0,0,0,0
GENE-1982,NO,1,93,74,58,79,67,108
GENE-1983,NO,1,0,0,0,0,0,0
GENE-1984,NO,1,0,0,0,0,0,0
GENE-1985,NO,1,715,307,396,511,284,703
GENE-1986,NO,1,0,0,0,0,0,0
GENE-1987,NO,1,0,0,0,0,0,0
GENE-1988,NO,1,0,0,0,0,0,0
GENE-1989,NO,1,375,395,292,317,357,387
GENE-1990,NO,1,19,7,9,16,15,16
GENE-1991,NO,1,0,0,0,0,0,0
GENE-1992,NO,1,0,0,0,0,0,0
GENE-1993,NO,1,0,0,0,0,0,0
GENE-1994,NO,1,0,0,0,0,0,0
GENE-1995,NO,1,1630,878,1460,1343,665,732
GENE-1996,NO,1,0,0,0,0,0,0
GENE-1997,NO,1,0,1,0,0,2,1
GENE-1998,NO,1,670,544,540,607,643,572
GENE-1999,NO,1,1,6,2,1,3,1
GENE-2000,NO,1,1884,1530,1785,2008,2403,1864
GENE-2001,NO,1,596,315,440,499,470,584
GENE-2002,NO,1,146,138,232,141,201,118
GENE-2003,NO,1,0,0,0,0,0,0
GENE-2004,NO,1,0,0,0,0,0,0
GENE-2005,NO,1,0,0,0,0,0,0
GENE-2006,NO,1,0,0,0,0,0,0
GENE-2007,NO,1,0,0,0,0,0,0
GENE-2008,NO,1,1,2,3,2,2,4
GENE-2009,NO,1,0,0,0,0,0,0
GENE-2010,NO,1,1,2,2,0,0,2
GENE-2011,NO,1,5,6,15,8,11,18
GENE-2012,NO,1,0,0,0,0,0,0
GENE-2013,NO,1,0,0,0,0,0,0
GENE-2014,NO,1,0,0,0,0,0,0
GENE-2015,NO,1,0,0,0,0,0,0
GENE-2016,NO,1,155,152,149,135,144,187
GENE-2017,NO,1,0,0,0,0,0,0
GENE-2018,NO,1,1,1,3,4,1,1
GENE-2019,NO,1,139,113,24,58,73,61
GENE-2020,NO,1,0,0,0,0,0,0
GENE-2021,NO,1,1881,1855,2445,2106,2248,2216
GENE-2022,NO,1,1,6,6,6,3,7
GENE-2023,NO,1,0,0,0,0,0,0
GENE-2024,NO,1,12,5,7,1,2,4
GENE-2025,NO,1,84,50,92,78,73,61
GENE-2026,NO,1,0,0,0,0,0,0
GENE-2027,NO,1,0,0,0,0,0,0
GENE-2028,NO,1,2,1,2,2,0,1
GENE-2029,NO,1,11917,12106,13441,10982,8162,14676
GENE-2030,NO,1,0,0,0,0,0,0
GENE-2031,NO,1,0,0,0,0,0,0
GENE-2032,NO,1,3,3,0,4,2,4
GENE-2033,NO,1,0,0,1,0,0,0
GENE-2034,NO,1,0,0,0,0,0,0
GENE-2035,YES,1,0,0,0,0,0,0
GENE-2036,NO,1,43,30,44,34,47,47
GENE-2037,NO,1,0,0,0,0,0,0
GENE-2038,NO,1,0,0,0,0,0,0
GENE-2039,NO,1,12,12,13,22,22,18
GENE-2040,NO,1,0,0,0,0,0,0
GENE-2041,NO,1,0,0,0,0,0,0
GENE-2042,NO,1,0,0,0,0,0,0
GENE-2043,NO,1,0,0,0,0,0,0
GENE-2044,NO,1,102,108,96,101,127,74
GENE-2045,NO,1,0,0,0,0,0,0
GENE-2046,NO,1,0,0,0,0,0,0
GENE-2047,NO,1,619,555,782,615,677,710
GENE-2048,NO,1,5,9,4,6,4,3
GENE-2049,NO,1,15,12,7,8,10,4
GENE-2050,NO,1,42,38,56,61,39,40
GENE-2051,NO,1,18,17,13,23,14,22
GENE-2052,NO,1,7,8,9,13,8,6
GENE-2053,YES,1,1,7,5,2,1,0
GENE-2054,NO,1,0,0,0,0,0,0
GENE-2055,NO,1,478,490,467,410,441,440
GENE-2056,NO,1,0,0,0,0,0,0
GENE-2057,YES,1,0,0,0,0,0,0
GENE-2058,NO,1,10,3,2,6,5,7
GENE-2059,NO,1,0,0,0,0,0,0
GENE-2060,NO,1,7,7,8,13,13,11
GENE-2061,YES,1,1,0,0,1,0,0
GENE-2062,NO,1,0,0,0,0,0,0
GENE-2063,NO,1,0,0,0,0,0,0
GENE-2064,NO,1,0,0,0,0,0,0
GENE-2065,NO,1,2,3,6,1,3,1
GENE-2066,YES,1,0,0,0,0,0,0
GENE-2067,NO,1,0,0,0,0,0,0
GENE-2068,YES,1,0,0,0,3,2,2
GENE-2069,NO,1,0,0,0,0,0,0
GENE-2070,NO,1,0,0,0,0,0,0
GENE-2071,NO,1,1,2,6,1,3,4
GENE-2073,NO,1,0,0,0,0,0,0
GENE-2074,NO,1,0,0,0,0,0,0
GENE-2075,NO,1,0,0,0,0,0,0
GENE-2076,NO,1,110,105,112,90,104,95
GENE-2077,NO,1,136,151,100,97,200,52
GENE-2078,NO,1,0,0,0,0,0,0
GENE-2079,NO,1,0,0,0,0,0,0
GENE-2080,NO,1,0,0,0,0,0,0
GENE-2081,NO,1,0,0,0,0,0,0
GENE-2082,NO,1,0,0,0,0,0,0
GENE-2083,NO,1,0,0,0,0,0,0
GENE-2084,NO,1,2,7,1,4,4,0
GENE-2085,NO,1,0,0,0,0,0,0
GENE-2086,NO,1,0,0,0,0,0,0
GENE-2087,NO,1,0,0,0,0,0,0
GENE-2088,NO,1,22455,17587,25752,17509,24170,15961
GENE-2089,NO,1,292,220,257,240,294,301
GENE-2090,NO,1,0,0,0,0,0,0
GENE-2091,NO,1,2,7,4,4,3,2
GENE-2092,NO,1,0,0,0,0,0,0
GENE-2093,NO,1,92,91,61,92,92,90
GENE-2094,NO,1,0,0,0,0,0,0
GENE-2095,NO,1,0,0,0,0,0,0
GENE-2096,NO,1,0,0,0,0,0,0
GENE-2097,NO,1,0,0,0,0,0,0
GENE-2098,NO,1,0,0,0,0,0,0
GENE-2099,NO,1,256,316,209,198,184,247
GENE-2100,NO,1,402,334,363,394,405,402
GENE-2101,NO,1,0,0,0,0,0,0
GENE-2102,NO,1,4,8,5,5,4,3
GENE-2103,NO,1,0,0,0,0,0,0
GENE-2104,NO,1,5,3,6,5,3,5
GENE-2105,NO,1,1112,688,860,1607,1839,1512
GENE-2106,NO,1,44,34,53,53,41,41
GENE-2107,NO,1,6,1,2,1,6,5
GENE-2108,NO,1,3,4,1,1,1,7
GENE-2109,NO,1,59,46,66,79,89,57
GENE-2110,YES,1,0,0,0,0,0,0
GENE-2111,NO,1,0,0,0,0,0,0
GENE-2112,NO,1,0,0,0,0,0,0
GENE-2113,NO,1,0,0,0,0,0,0
GENE-2114,NO,1,362,289,323,253,225,351
GENE-2115,NO,1,0,1,0,1,2,0
GENE-2116,NO,1,0,0,0,0,0,0
GENE-2117,NO,1,0,0,0,0,0,0
GENE-2118,NO,1,0,0,0,0,0,0
GENE-2119,NO,1,0,0,0,0,0,0
GENE-2120,NO,1,444,446,385,325,395,409
GENE-2121,NO,1,0,0,0,0,0,0
GENE-2122,NO,1,113,338,323,343,212,442
GENE-2123,NO,1,0,0,0,0,0,0
GENE-2124,NO,1,0,0,0,0,0,0
GENE-2125,NO,1,10,5,10,11,7,12
GENE-2126,NO,1,0,0,0,0,0,0
GENE-2127,NO,1,0,0,0,0,0,0
GENE-2128,NO,1,39,41,31,42,36,32
GENE-2129,NO,1,3,1,2,3,3,0
GENE-2130,YES,1,0,0,0,0,0,0
GENE-2131,NO,1,0,0,0,0,0,0
GENE-2132,NO,1,0,0,0,0,0,0
GENE-2133,NO,1,193,174,184,162,147,130
GENE-2134,NO,1,0,0,0,0,0,0
GENE-2135,NO,1,0,0,0,0,0,0
GENE-2136,NO,1,0,0,0,0,0,0
GENE-2137,NO,1,0,0,0,0,0,0
GENE-2138,NO,1,49,31,34,28,43,29
GENE-2139,YES,1,0,0,0,0,0,0
GENE-2140,NO,1,0,0,0,0,0,0
GENE-2141,NO,1,0,0,0,0,0,0
GENE-2142,NO,1,0,0,0,0,0,0
GENE-2143,NO,1,0,0,0,0,0,0
GENE-2144,NO,1,0,0,0,0,0,0
GENE-2145,NO,1,0,0,0,0,0,0
GENE-2146,NO,1,0,0,0,0,0,0
GENE-2147,NO,1,0,0,0,0,0,0
GENE-2148,NO,1,88,65,57,75,62,54
GENE-2149,NO,1,1,2,1,4,1,4
GENE-2150,NO,1,2,1,3,2,0,2
GENE-2151,NO,1,0,0,0,0,0,0
GENE-2152,NO,1,0,0,0,0,0,0
GENE-2153,NO,1,0,0,0,0,0,0
GENE-2154,NO,1,0,0,0,0,0,0
GENE-2155,NO,1,0,0,0,0,0,0
GENE-2156,NO,1,0,0,0,0,0,0
GENE-2157,NO,1,6785,5237,5269,6072,6068,5481
GENE-2158,NO,1,205,225,234,237,174,157
GENE-2159,NO,1,0,0,0,0,0,0
GENE-2160,NO,1,0,0,0,0,0,0
GENE-2161,NO,1,0,0,0,0,0,0
GENE-2162,NO,1,0,0,0,0,0,0
GENE-2163,NO,1,2,1,1,0,0,1
GENE-2164,NO,1,0,0,0,0,0,0
GENE-2165,NO,1,0,0,0,0,0,0
GENE-2166,NO,1,2,1,3,4,7,3
GENE-2167,NO,1,13,14,5,3,8,7
GENE-2168,NO,1,0,0,0,0,0,0
GENE-2169,NO,1,208,244,284,253,305,298
GENE-2170,NO,1,0,0,0,0,0,0
GENE-2171,NO,1,0,0,0,0,1,0
GENE-2172,NO,1,0,0,0,0,0,0
GENE-2173,NO,1,0,0,0,0,0,0
GENE-2174,YES,1,6,3,3,6,9,7
GENE-2175,NO,1,0,0,0,0,0,0
GENE-2176,NO,1,0,0,0,0,0,0
GENE-2177,NO,1,0,0,0,0,0,0
GENE-2178,NO,1,0,0,0,0,0,0
GENE-2179,NO,1,172,169,331,189,201,215
GENE-2180,NO,1,491,528,604,538,598,382
GENE-2181,NO,1,14,8,11,19,16,11
GENE-2182,NO,1,52,80,33,44,71,73
GENE-2183,NO,1,0,0,0,0,0,0
GENE-2184,NO,1,0,0,0,0,0,0
GENE-2185,NO,1,0,0,0,0,0,0
GENE-2186,NO,1,2,3,1,1,0,3
GENE-2187,NO,1,5,3,9,3,7,3
GENE-2188,NO,1,668,700,840,712,601,705
GENE-2189,NO,1,0,0,0,0,0,0
GENE-2190,NO,1,0,0,0,0,0,0
GENE-2191,NO,1,3,6,6,5,7,4
GENE-2192,NO,1,1234,793,881,799,608,683
GENE-2193,NO,1,0,0,0,0,0,0
GENE-2194,NO,1,11,18,20,10,10,13
GENE-2195,NO,1,0,0,0,0,0,0
GENE-2196,NO,1,191,387,289,309,270,200
GENE-2197,NO,1,35,52,63,73,58,63
GENE-2198,NO,1,0,0,0,0,0,0
GENE-2199,NO,1,51,71,66,102,48,118
GENE-2200,NO,1,0,0,0,0,0,0
GENE-2201,NO,1,0,0,0,0,0,0
GENE-2202,NO,1,0,0,0,0,0,0
GENE-2203,NO,1,0,0,0,0,0,0
GENE-2204,NO,1,0,0,0,0,0,0
GENE-2205,NO,1,5646,9497,4215,4476,6235,7184
GENE-2206,NO,1,156,157,153,145,197,170
GENE-2207,NO,1,0,0,0,0,0,0
GENE-2208,NO,1,0,0,0,0,0,0
GENE-2209,NO,1,7,5,5,6,8,3
GENE-2210,NO,1,0,0,1,1,0,1
GENE-2211,NO,1,302,266,245,274,233,345
GENE-2212,NO,1,58,73,49,50,55,51
GENE-2213,NO,1,0,0,0,0,0,0
GENE-2214,NO,1,0,0,0,0,0,0
GENE-2215,NO,1,0,0,0,0,0,0
GENE-2216,NO,1,0,0,0,0,0,0
GENE-2217,NO,1,0,0,0,0,0,0
GENE-2218,NO,1,0,0,0,0,0,0
GENE-2219,NO,1,0,0,0,0,0,0
GENE-2220,NO,1,537,613,467,567,532,416
GENE-2221,NO,1,0,0,0,0,0,0
GENE-2222,NO,1,0,0,0,0,0,0
GENE-2223,NO,1,13,8,8,15,8,8
GENE-2224,NO,1,0,0,0,0,0,0
GENE-2225,YES,1,0,0,0,0,0,0
GENE-2226,NO,1,0,0,0,0,0,0
GENE-2227,NO,1,9,9,7,5,16,7
GENE-2228,NO,1,0,0,0,0,0,0
GENE-2229,YES,1,1,1,1,3,1,0
GENE-2230,NO,1,144,140,132,114,147,129
GENE-2231,NO,1,0,0,0,0,0,0
GENE-2232,NO,1,0,0,0,0,0,0
GENE-2233,NO,1,0,0,0,0,0,0
GENE-2234,NO,1,21,39,53,26,45,25
GENE-2235,NO,1,652,580,537,572,617,622
GENE-2236,NO,1,0,0,0,0,0,0
GENE-2237,NO,1,0,0,0,0,0,0
GENE-2238,NO,1,0,0,0,0,0,0
GENE-2239,NO,1,0,0,0,0,0,0
GENE-2240,NO,1,0,0,0,0,0,0
GENE-2241,NO,1,0,0,0,0,0,0
GENE-2242,NO,1,0,0,0,0,0,0
GENE-2243,NO,1,1484,1131,1701,1554,1833,1542
GENE-2244,NO,1,0,0,0,0,0,0
GENE-2245,NO,1,0,0,0,0,0,0
GENE-2246,NO,1,0,0,0,0,0,0
GENE-2247,YES,1,0,0,0,0,0,0
GENE-2248,NO,1,0,0,0,0,0,0
GENE-2249,NO,1,0,0,0,0,0,0
GENE-2250,NO,1,0,0,0,0,0,0
GENE-2251,NO,1,0,0,0,0,0,0
GENE-2252,NO,1,0,0,0,0,0,0
GENE-2253,NO,1,0,0,0,0,0,0
GENE-2254,NO,1,0,0,0,0,0,0
GENE-2255,NO,1,0,0,0,0,0,0
GENE-2256,NO,1,0,0,0,0,0,0
GENE-2257,NO,1,0,0,0,0,0,0
GENE-2258,NO,1,2,3,4,4,13,14
GENE-2259,NO,1,393,256,123,2359,94,1089
GENE-2260,NO,1,0,0,0,0,0,0
GENE-2261,NO,1,4653,6263,3504,5023,4029,4387
GENE-2262,NO,1,0,0,0,0,0,0
GENE-2263,NO,1,27,21,28,30,34,28
GENE-2264,NO,1,0,0,0,0,0,0
GENE-2265,NO,1,703,784,1021,709,640,531
GENE-2266,NO,1,4,7,6,10,19,4
GENE-2267,NO,1,0,0,0,0,0,0
GENE-2268,NO,1,0,0,0,0,0,0
GENE-2269,NO,1,0,0,0,0,0,0
GENE-2270,NO,1,0,0,0,0,0,0
GENE-2271,NO,1,14,18,20,9,23,14
GENE-2272,NO,1,4251,3265,3782,4436,2658,3065
GENE-2273,NO,1,0,0,0,0,0,0
GENE-2274,NO,1,214,143,44,288,482,198
GENE-2275,NO,1,0,0,0,0,0,0
GENE-2276,NO,1,0,0,0,0,0,0
GENE-2277,NO,1,43,27,36,45,31,27
GENE-2278,NO,1,514,146,1431,393,585,2
GENE-2279,NO,1,0,1,0,1,1,0
GENE-2280,NO,1,0,0,0,0,0,0
GENE-2281,NO,1,6,6,13,9,5,8
GENE-2282,NO,1,0,0,0,0,0,0
GENE-2283,NO,1,0,0,0,0,0,0
GENE-2284,NO,1,1,0,0,2,0,0
GENE-2285,YES,1,0,0,0,0,0,0
GENE-2286,NO,1,0,0,0,0,0,0
GENE-2287,NO,1,3,2,3,4,2,5
GENE-2288,NO,1,0,0,0,0,0,0
GENE-2289,NO,1,0,0,0,0,0,0
GENE-2290,NO,1,335,342,397,371,291,316
GENE-2291,NO,1,23,15,19,23,23,25
GENE-2292,NO,1,0,0,0,0,0,0
GENE-2293,NO,1,0,1,0,2,1,0
GENE-2294,NO,1,0,0,0,0,0,0
GENE-2295,YES,1,0,0,0,0,0,0
GENE-2296,NO,1,1012,793,1358,1164,880,1593
GENE-2297,NO,1,0,0,0,0,0,0
GENE-2298,NO,1,382,247,406,511,423,427
GENE-2299,NO,1,45,26,20,42,23,24
GENE-2300,NO,1,16,21,9,11,21,12
GENE-2301,NO,1,0,0,0,0,0,0
GENE-2302,NO,1,0,0,0,0,0,0
GENE-2303,NO,1,461,266,236,892,655,632
GENE-2304,NO,1,0,0,0,0,0,0
GENE-2305,NO,1,0,0,0,1,0,0
GENE-2306,NO,1,1178,1433,1667,1806,1873,1260
GENE-2307,NO,1,31,27,34,24,21,31
GENE-2308,NO,1,0,0,0,0,0,0
GENE-2309,NO,1,20,14,20,9,13,13
GENE-2310,NO,1,0,0,0,0,0,0
GENE-2311,NO,1,0,0,0,0,0,0
GENE-2312,NO,1,2,1,1,0,4,2
GENE-2313,NO,1,493,510,480,671,526,522
GENE-2314,NO,1,18,18,21,13,19,15
GENE-2315,NO,1,0,0,0,0,0,0
GENE-2316,NO,1,0,0,0,0,0,0
GENE-2317,NO,1,0,0,0,0,0,0
GENE-2318,NO,1,0,0,0,0,0,0
GENE-2319,NO,1,0,0,0,0,0,0
GENE-2320,NO,1,1196,1431,1093,1072,1304,1424
GENE-2321,NO,1,42,76,46,41,49,48
GENE-2322,NO,1,0,0,0,0,0,1
GENE-2323,NO,1,0,0,0,0,0,0
GENE-2324,NO,1,0,0,0,0,0,0
GENE-2325,NO,1,0,69,18,187,391,175
GENE-2326,NO,1,0,0,0,0,0,0
GENE-2327,NO,1,0,0,0,0,0,0
GENE-2328,NO,1,0,0,0,0,0,0
GENE-2329,NO,1,0,0,0,0,0,0
GENE-2330,NO,1,0,0,0,0,0,0
GENE-2331,NO,1,0,0,0,0,0,0
GENE-2332,NO,1,0,0,0,0,0,0
GENE-2333,NO,1,2,1,0,0,0,1
GENE-2334,NO,1,0,0,0,0,0,0
GENE-2335,NO,1,1,0,0,0,0,0
GENE-2336,NO,1,0,0,0,0,0,0
GENE-2337,NO,1,0,0,0,0,0,0
GENE-2338,NO,1,0,0,0,0,0,0
GENE-2339,YES,1,0,0,0,0,0,0
GENE-2341,NO,1,0,0,0,0,0,0
GENE-2342,NO,1,0,0,0,0,0,0
GENE-2343,NO,1,0,0,0,0,0,0
GENE-2344,NO,1,0,0,0,0,0,0
GENE-2345,NO,1,8,8,6,4,3,2
GENE-2346,NO,1,0,0,0,0,0,0
GENE-2347,NO,1,0,0,0,0,0,0
GENE-2348,NO,1,0,0,0,0,0,0
GENE-2349,NO,1,0,0,0,0,0,0
GENE-2350,NO,1,0,0,0,0,0,0
GENE-2351,NO,1,0,0,0,0,0,0
GENE-2352,NO,1,36,13,33,21,16,34
GENE-2353,NO,1,0,0,0,0,0,0
GENE-2354,NO,1,0,0,0,0,0,0
GENE-2355,NO,1,2,1,2,0,1,0
GENE-2356,NO,1,0,0,0,0,0,0
GENE-2357,NO,1,1,1,1,1,0,2
GENE-2358,NO,1,0,0,0,0,0,0
GENE-2359,NO,1,10,13,11,10,13,12
GENE-2360,NO,1,0,0,0,0,0,0
GENE-2361,NO,1,0,2,0,1,0,2
GENE-2362,NO,1,0,0,0,0,0,0
GENE-2363,NO,1,4,4,5,0,3,6
GENE-2364,NO,1,6059,6008,4991,5308,5113,3947
GENE-2365,NO,1,145,111,159,113,143,137
GENE-2366,NO,1,0,0,0,0,0,0
GENE-2367,NO,1,0,0,0,0,0,0
GENE-2368,NO,1,0,0,0,0,0,0
GENE-2369,NO,1,0,0,0,0,0,0
GENE-2370,NO,1,0,0,0,0,0,0
GENE-2371,NO,1,0,0,0,0,0,0
GENE-2372,NO,1,3,2,3,6,4,3
GENE-2373,NO,1,0,0,0,0,0,0
GENE-2374,NO,1,412,398,404,464,411,490
GENE-2375,NO,1,0,0,0,0,0,0
GENE-2376,NO,1,70,65,63,65,72,53
GENE-2377,NO,1,0,0,0,0,0,1
GENE-2378,NO,1,0,0,0,0,0,0
GENE-2379,NO,1,0,0,0,0,0,0
GENE-2380,NO,1,0,0,0,0,0,0
GENE-2381,NO,1,0,0,0,0,0,0
GENE-2382,YES,1,0,0,0,0,0,0
GENE-2383,NO,1,1,1,1,0,1,1
GENE-2384,NO,1,0,0,0,0,0,0
GENE-2385,NO,1,963,1159,1055,1261,978,1071
GENE-2386,YES,1,0,0,0,0,0,0
GENE-2387,NO,1,0,0,0,0,0,0
GENE-2388,NO,1,0,0,0,0,0,0
GENE-2389,NO,1,0,0,0,0,0,0
GENE-2390,NO,1,0,0,0,0,0,0
GENE-2391,NO,1,0,0,0,0,0,0
GENE-2392,NO,1,0,0,0,0,0,0
GENE-2393,NO,1,0,0,0,0,0,0
GENE-2394,NO,1,234,232,237,268,151,287
GENE-2395,NO,1,0,0,0,0,0,0
GENE-2396,NO,1,0,0,0,0,0,0
GENE-2397,NO,1,0,0,0,0,0,0
GENE-2398,NO,1,44,37,40,39,45,41
GENE-2399,NO,1,0,0,0,0,0,0
GENE-2400,NO,1,0,0,0,0,0,0
GENE-2401,NO,1,0,1,1,1,1,1
GENE-2402,NO,1,0,1,0,2,1,2
GENE-2403,NO,1,136,148,202,160,130,137
GENE-2404,NO,1,6,8,21,17,13,13
GENE-2405,NO,1,529,503,455,366,486,505
GENE-2406,NO,1,0,0,0,0,0,0
GENE-2407,NO,1,0,0,0,0,0,0
GENE-2408,NO,1,0,0,0,0,0,0
GENE-2409,NO,1,0,0,0,0,0,0
GENE-2410,NO,1,0,0,0,0,0,0
GENE-2411,NO,1,0,0,0,0,0,0
GENE-2412,NO,1,0,0,0,0,0,0
GENE-2413,NO,1,0,0,0,0,0,0
GENE-2414,NO,1,0,0,0,0,0,0
GENE-2415,NO,1,0,0,0,0,0,0
GENE-2416,NO,1,0,0,0,0,0,0
GENE-2417,NO,1,0,0,0,0,0,0
GENE-2418,NO,1,0,0,0,0,0,0
GENE-2419,NO,1,0,0,0,0,0,0
GENE-2420,NO,1,0,0,0,0,0,0
GENE-2421,NO,1,0,0,0,0,0,0
GENE-2422,NO,1,0,0,0,0,0,0
GENE-2423,NO,1,0,1,0,0,0,0
GENE-2424,NO,1,0,0,0,0,0,0
GENE-2425,NO,1,0,0,0,0,1,0
GENE-2427,NO,1,0,0,0,0,0,0
GENE-2428,NO,1,0,0,0,0,0,0
GENE-2429,NO,1,706,842,638,718,722,673
GENE-2430,NO,1,0,0,0,0,0,0
GENE-2431,NO,1,0,0,0,0,0,0
GENE-2432,NO,1,16,19,22,17,14,19
GENE-2433,NO,1,0,0,0,0,0,0
GENE-2434,NO,1,0,0,0,0,0,0
GENE-2435,NO,1,0,0,0,0,0,0
GENE-2436,NO,1,0,0,0,0,0,0
GENE-2437,NO,1,0,0,0,0,0,0
GENE-2438,YES,1,0,0,0,0,0,0
GENE-2439,NO,1,0,0,0,0,0,0
GENE-2440,NO,1,0,0,0,0,0,0
GENE-2441,NO,1,0,0,0,0,0,0
GENE-2442,YES,1,0,0,0,0,0,0
GENE-2443,NO,1,0,0,1,0,0,0
GENE-2444,NO,1,0,0,0,0,0,0
GENE-2445,NO,1,0,0,0,0,0,0
GENE-2446,NO,1,0,0,0,0,0,0
GENE-2447,NO,1,2,1,1,2,4,4
GENE-2448,NO,1,0,0,0,0,0,0
GENE-2449,NO,1,0,0,0,0,0,0
GENE-2450,NO,1,0,0,0,0,0,0
GENE-2451,NO,1,0,0,0,0,0,0
GENE-2452,NO,1,0,0,0,0,0,0
GENE-2453,NO,1,181,176,179,199,234,144
GENE-2454,NO,1,5,4,6,5,13,5
GENE-2455,NO,1,0,0,0,0,0,0
GENE-2456,NO,1,0,0,0,0,0,0
GENE-2457,YES,1,7,4,5,2,3,4
GENE-2458,NO,1,0,0,0,0,0,0
GENE-2459,NO,1,0,0,0,0,0,0
GENE-2460,NO,1,0,0,0,0,0,0
GENE-2461,NO,1,31,54,42,42,12,40
GENE-2462,NO,1,0,0,0,0,0,0
GENE-2463,NO,1,0,0,0,0,0,0
GENE-2464,NO,1,1,4,1,1,3,1
GENE-2465,NO,1,18,16,10,16,11,15
GENE-2466,NO,1,0,0,0,0,0,0
GENE-2467,NO,1,2,1,0,0,0,1
GENE-2468,NO,1,186,219,183,176,141,159
GENE-2469,NO,1,0,0,0,0,0,0
GENE-2470,NO,1,0,0,0,0,0,0
GENE-2471,NO,1,0,0,0,0,0,0
GENE-2472,YES,1,0,0,0,0,0,0
GENE-2473,NO,1,0,0,0,0,0,0
GENE-2474,NO,1,0,0,0,0,0,0
GENE-2475,NO,1,0,0,0,0,0,0
GENE-2476,NO,1,0,0,0,0,0,0
GENE-2477,NO,1,0,0,0,0,0,0
GENE-2478,NO,1,0,0,0,0,0,0
GENE-2479,NO,1,0,1,0,0,0,0
GENE-2480,NO,1,16,5,10,16,17,13
GENE-2481,NO,1,31,28,28,37,39,20
GENE-2482,NO,1,0,0,0,0,0,0
GENE-2483,NO,1,2,2,2,2,0,2
GENE-2484,NO,1,86,83,85,77,75,78
GENE-2485,NO,1,137,126,133,94,136,105
GENE-2486,NO,1,0,0,0,0,0,1
GENE-2487,YES,1,0,0,1,0,0,0
GENE-2488,NO,1,319,347,348,252,375,307
GENE-2489,NO,1,0,0,0,0,0,0
GENE-2490,NO,1,11,23,19,14,14,13
GENE-2491,NO,1,0,0,0,0,0,0
GENE-2492,NO,1,146,147,183,147,146,150
GENE-2493,NO,1,0,0,0,0,0,0
GENE-2494,NO,1,0,0,0,0,0,0
GENE-2495,NO,1,2,1,0,2,0,0
GENE-2496,NO,1,24,38,27,18,28,32
GENE-2497,NO,1,0,0,0,0,0,0
GENE-2498,NO,1,0,0,0,0,0,0
GENE-2499,NO,1,0,0,0,0,0,0
GENE-2500,NO,1,0,2,1,0,1,0
GENE-2501,YES,1,0,0,0,0,0,0
GENE-2502,NO,1,0,0,0,0,0,0
GENE-2503,NO,1,0,0,0,0,0,0
GENE-2504,NO,1,167,147,95,266,121,79
GENE-2505,NO,1,0,0,0,0,0,0
GENE-2506,NO,1,3,2,2,2,2,3
GENE-2507,YES,1,0,0,0,0,0,0
GENE-2508,YES,1,0,0,0,0,0,0
GENE-2509,NO,1,0,0,0,0,0,0
GENE-2510,NO,1,26,37,36,43,20,31
GENE-2511,NO,1,573,571,504,759,783,649
GENE-2512,NO,1,0,0,0,0,0,0
GENE-2513,NO,1,0,0,0,0,0,0
GENE-2514,NO,1,69,52,65,69,42,63
GENE-2515,NO,1,0,0,0,0,0,0
GENE-2516,NO,1,0,0,0,0,0,0
GENE-2517,NO,1,0,0,0,0,0,0
GENE-2518,NO,1,75,79,70,68,69,90
GENE-2519,NO,1,0,0,0,0,0,0
GENE-2520,NO,1,60,61,94,63,74,83
GENE-2522,NO,1,100,68,84,104,104,88
GENE-2523,NO,1,4800,4767,4260,4199,4534,4943
GENE-2524,NO,1,0,0,0,0,1,0
GENE-2525,NO,1,0,0,0,0,0,0
GENE-2526,NO,1,7,9,8,5,4,9
GENE-2527,NO,1,0,0,0,0,0,0
GENE-2528,NO,1,49,31,32,51,66,60
GENE-2529,NO,1,0,0,0,0,0,0
GENE-2530,NO,1,323,278,276,299,264,242
GENE-2531,NO,1,2,6,3,3,5,3
GENE-2532,NO,1,0,0,0,0,0,0
GENE-2533,NO,1,0,0,0,0,0,0
GENE-2534,NO,1,1192,1194,548,940,825,1149
GENE-2535,NO,1,0,0,0,0,0,0
GENE-2536,NO,1,0,0,0,0,0,0
GENE-2537,NO,1,167,150,180,163,147,183
GENE-2538,NO,1,0,1,1,4,0,2
GENE-2539,NO,1,0,0,0,0,0,0
GENE-2540,NO,1,0,0,0,0,0,0
GENE-2541,NO,1,0,0,0,0,0,0
GENE-2542,NO,1,2718,3111,3464,3247,3460,2360
GENE-2543,NO,1,0,0,0,0,0,0
GENE-2544,NO,1,0,0,0,0,0,0
GENE-2545,YES,1,0,0,0,0,0,0
GENE-2546,NO,1,0,0,0,0,0,0
GENE-2547,NO,1,0,1,0,1,0,5
GENE-2548,NO,1,0,0,0,0,0,0
GENE-2549,NO,1,1,1,0,1,0,0
GENE-2550,NO,1,2,4,5,4,0,4
GENE-2551,NO,1,579,1154,305,1331,531,731
GENE-2552,NO,1,0,0,0,0,0,0
GENE-2553,NO,1,13,10,13,14,18,19
GENE-2554,NO,1,0,0,0,0,0,0
GENE-2555,NO,1,42,43,31,36,33,30
GENE-2556,NO,1,0,0,0,0,0,0
GENE-2557,NO,1,0,0,0,0,0,0
GENE-2558,NO,1,0,0,0,0,0,0
GENE-2559,NO,1,28,55,55,34,25,55
GENE-2560,NO,1,9,19,13,6,13,13
GENE-2561,NO,1,0,0,0,0,0,0
GENE-2562,YES,1,0,0,0,0,0,0
GENE-2563,NO,1,23,27,15,23,16,22
GENE-2564,NO,1,0,0,0,0,0,0
GENE-2565,NO,1,10,14,6,13,11,13
GENE-2566,NO,1,0,0,0,0,0,0
GENE-2567,NO,1,0,0,0,0,0,0
GENE-2568,NO,1,0,0,0,0,0,0
GENE-2569,NO,1,1,0,0,1,1,0
GENE-2570,NO,1,577,363,443,782,419,444
GENE-2571,NO,1,0,0,0,0,0,0
GENE-2572,NO,1,0,0,0,0,0,0
GENE-2573,NO,1,0,0,0,0,0,0
GENE-2574,NO,1,0,0,0,0,0,0
GENE-2575,NO,1,0,0,0,0,0,0
GENE-2576,NO,1,0,0,0,0,0,0
GENE-2577,NO,1,0,0,0,0,0,0
GENE-2578,NO,1,0,0,0,0,0,0
GENE-2579,NO,1,0,0,0,0,0,0
GENE-2580,NO,1,3,3,4,5,1,3
GENE-2581,YES,1,0,0,0,0,0,0
GENE-2582,NO,1,0,1,1,3,0,4
GENE-2583,NO,1,145,180,166,184,161,187
GENE-2584,NO,1,0,0,0,0,0,0
GENE-2585,NO,1,0,0,0,0,0,0
GENE-2586,NO,1,0,0,0,0,0,0
GENE-2587,NO,1,1,0,0,0,0,0
GENE-2588,NO,1,0,0,0,0,0,0
GENE-2589,NO,1,0,0,0,0,0,0
GENE-2590,NO,1,0,0,0,0,0,0
GENE-2591,NO,1,0,0,0,0,0,0
GENE-2592,NO,1,8,12,6,12,11,13
GENE-2593,NO,1,0,0,0,0,0,0
GENE-2594,NO,1,0,0,0,0,0,0
GENE-2595,NO,1,0,0,0,0,0,0
GENE-2596,NO,1,0,0,0,0,0,0
GENE-2597,NO,1,0,0,0,0,0,0
GENE-2598,YES,1,0,0,0,0,0,0
GENE-2599,NO,1,0,0,0,0,0,0
GENE-2600,NO,1,0,0,0,0,0,0
GENE-2601,NO,1,0,0,0,0,0,0
GENE-2602,NO,1,369,385,251,254,270,225
GENE-2603,NO,1,0,0,0,0,0,0
GENE-2604,NO,1,0,0,0,0,0,0
GENE-2605,NO,1,65,62,56,52,56,42
GENE-2606,YES,1,0,0,0,0,0,0
GENE-2607,NO,1,0,0,0,0,0,0
GENE-2608,NO,1,0,0,0,0,0,0
GENE-2609,NO,1,1,0,1,1,1,2
GENE-2610,NO,1,0,0,0,0,0,0
GENE-2611,NO,1,0,0,0,0,0,0
GENE-2612,NO,1,0,0,0,0,0,0
GENE-2613,NO,1,0,0,0,0,0,0
GENE-2614,NO,1,0,0,0,0,0,0
GENE-2615,NO,1,19,22,10,9,5,19
GENE-2616,NO,1,0,0,0,0,0,0
GENE-2617,NO,1,0,0,0,0,0,0
GENE-2618,NO,1,0,0,0,0,0,0
GENE-2619,YES,1,0,0,0,0,0,0
GENE-2620,NO,1,0,0,0,0,0,0
GENE-2621,NO,1,1,0,0,2,1,1
GENE-2622,NO,1,0,0,0,0,0,0
GENE-2623,NO,1,292,203,202,86,247,190
GENE-2624,NO,1,0,0,0,0,0,0
GENE-2625,NO,1,0,0,0,0,0,0
GENE-2626,NO,1,0,0,0,0,0,0
GENE-2627,NO,1,0,0,0,0,0,0
GENE-2628,NO,1,0,0,0,0,0,0
GENE-2629,NO,1,0,0,0,0,0,0
GENE-2630,NO,1,9,12,13,20,10,22
GENE-2631,NO,1,206,227,218,244,207,195
GENE-2632,NO,1,0,0,0,0,0,0
GENE-2633,NO,1,0,0,0,0,0,0
GENE-2634,NO,1,35,16,48,46,34,32
GENE-2635,NO,1,2124,2131,1480,1930,1937,2309
GENE-2636,NO,1,4,5,0,1,1,4
GENE-2637,NO,1,54,44,73,59,65,45
GENE-2638,NO,1,0,0,0,0,0,0
GENE-2639,NO,1,0,0,0,0,0,0
GENE-2640,NO,1,0,0,0,0,0,0
GENE-2641,NO,1,580,669,640,695,732,707
GENE-2642,NO,1,0,0,0,0,0,0
GENE-2643,NO,1,0,0,0,0,0,0
GENE-2644,NO,1,263,296,308,274,234,251
GENE-2645,YES,1,0,0,0,0,0,0
GENE-2646,NO,1,0,0,0,0,0,0
GENE-2647,NO,1,0,0,3,1,1,1
GENE-2648,NO,1,0,0,0,0,0,0
GENE-2649,NO,1,0,0,0,0,0,0
GENE-2650,NO,1,0,0,0,0,0,0
GENE-2651,NO,1,0,0,0,0,0,0
GENE-2652,NO,1,306,362,364,312,323,288
GENE-2653,NO,1,0,0,0,0,0,0
GENE-2654,NO,1,0,0,0,0,0,0
GENE-2655,NO,1,0,0,0,0,0,0
GENE-2656,NO,1,1,0,1,0,0,0
GENE-2657,NO,1,74,162,103,146,173,109
GENE-2658,NO,1,0,0,0,0,0,0
GENE-2659,NO,1,0,0,0,0,0,0
GENE-2660,NO,1,0,0,0,0,0,0
GENE-2661,NO,1,0,0,0,0,0,0
GENE-2662,NO,1,291,300,325,261,320,220
GENE-2663,NO,1,0,0,0,0,0,0
GENE-2664,NO,1,11,24,11,22,23,13
GENE-2665,NO,1,0,0,0,0,0,0
GENE-2666,NO,1,30,55,38,48,43,113
GENE-2667,NO,1,0,0,0,0,0,0
GENE-2668,NO,1,0,0,0,0,0,0
GENE-2669,NO,1,434,509,469,475,477,472
GENE-2670,NO,1,0,0,0,0,0,0
GENE-2671,NO,1,0,0,0,0,0,0
GENE-2672,NO,1,0,0,0,0,0,0
GENE-2673,NO,1,0,0,0,0,0,0
GENE-2674,NO,1,0,0,0,0,0,0
GENE-2675,NO,1,0,5,5,3,6,2
GENE-2676,NO,1,548,52,92,283,16,25
GENE-2677,NO,1,0,0,0,0,0,0
GENE-2678,NO,1,0,0,0,0,0,0
GENE-2679,NO,1,0,0,0,0,0,0
GENE-2680,NO,1,0,0,0,0,0,0
GENE-2681,NO,1,0,0,0,0,0,0
GENE-2682,NO,1,825,781,642,457,595,1077
GENE-2683,NO,1,0,0,0,0,0,0
GENE-2684,NO,1,0,0,0,0,0,0
GENE-2685,NO,1,69,216,17,3,69,32
GENE-2686,NO,1,0,0,0,0,0,0
GENE-2687,NO,1,0,0,0,0,0,0
GENE-2688,NO,1,674,609,519,677,564,682
GENE-2689,NO,1,1726,1674,1741,1833,1813,1756
GENE-2690,NO,1,6,6,12,12,15,6
GENE-2691,YES,1,0,0,0,0,0,0
GENE-2692,NO,1,0,0,0,0,0,0
GENE-2693,NO,1,23,25,36,30,35,26
GENE-2694,NO,1,0,0,0,0,0,0
GENE-2695,NO,1,1,3,2,5,5,4
GENE-2696,NO,1,0,0,0,0,0,0
GENE-2697,NO,1,1480,2785,1989,1484,1955,2142
GENE-2698,NO,1,0,0,0,0,0,0
GENE-2699,NO,1,0,0,0,0,0,0
GENE-2700,NO,1,0,0,0,0,0,0
GENE-2701,NO,1,0,0,0,0,0,0
GENE-2702,NO,1,1,1,0,2,2,3
GENE-2703,NO,1,0,0,0,0,0,0
GENE-2704,NO,1,0,0,0,0,0,0
GENE-2705,NO,1,670,641,674,476,814,687
GENE-2706,NO,1,0,0,0,0,0,0
GENE-2707,NO,1,121,132,149,114,105,123
GENE-2708,NO,1,7,6,14,5,8,15
GENE-2709,NO,1,0,0,0,0,0,0
GENE-2710,NO,1,0,0,0,0,0,0
GENE-2711,NO,1,0,0,0,0,0,0
GENE-2712,NO,1,0,0,0,1,0,1
GENE-2713,NO,1,0,0,0,0,0,0
GENE-2714,NO,1,1,6,0,8,8,1
GENE-2715,NO,1,0,0,0,0,0,0
GENE-2716,NO,1,0,0,0,0,0,0
GENE-2717,NO,1,87,111,126,129,124,133
GENE-2718,NO,1,0,0,0,0,0,0
GENE-2719,NO,1,0,0,0,0,0,0
GENE-2721,NO,1,0,0,0,0,0,0
GENE-2722,NO,1,0,0,0,0,0,0
GENE-2723,NO,1,0,0,0,0,0,0
GENE-2724,NO,1,2846,2663,2404,3102,2330,2075
GENE-2725,NO,1,0,0,0,0,0,0
GENE-2726,NO,1,24,20,16,25,24,24
GENE-2727,NO,1,239,215,296,287,272,219
GENE-2728,NO,1,0,0,0,0,0,0
GENE-2729,NO,1,0,0,0,0,0,0
GENE-2730,NO,1,45,62,47,34,57,54
GENE-2731,NO,1,0,0,0,0,0,0
GENE-2732,NO,1,0,0,0,0,0,0
GENE-2733,YES,1,0,0,0,0,0,0
GENE-2734,NO,1,0,0,0,0,0,0
GENE-2735,NO,1,0,0,0,0,0,0
GENE-2736,NO,1,0,0,0,0,0,0
GENE-2737,NO,1,487,636,509,522,697,764
GENE-2739,NO,1,0,0,0,0,0,0
GENE-2740,NO,1,0,0,0,0,0,0
GENE-2741,NO,1,0,0,0,0,0,0
GENE-2742,NO,1,449,285,300,392,375,301
GENE-2743,NO,1,0,0,0,0,0,0
GENE-2744,NO,1,18,19,25,12,30,28
GENE-2745,NO,1,246,282,256,253,290,250
GENE-2746,NO,1,0,0,0,0,0,0
GENE-2747,NO,1,1,2,1,6,4,2
GENE-2748,NO,1,0,0,0,0,0,0
GENE-2749,NO,1,6,8,8,3,9,8
GENE-2750,NO,1,0,0,0,0,0,0
GENE-2751,NO,1,0,0,0,0,0,0
GENE-2752,NO,1,250,240,299,330,227,268
GENE-2753,NO,1,0,0,0,0,0,0
GENE-2754,NO,1,19,0,610,9,8930,1338
GENE-2755,NO,1,0,0,0,0,0,0
GENE-2756,NO,1,0,0,0,0,0,0
GENE-2757,NO,1,0,0,0,0,0,0
GENE-2758,NO,1,0,0,1,0,0,1
GENE-2759,NO,1,627,438,299,282,419,469
GENE-2760,NO,1,58,70,60,53,62,35
GENE-2761,NO,1,2,1,3,1,2,1
GENE-2762,NO,1,1,2,1,0,1,4
GENE-2763,NO,1,49,48,54,38,44,68
GENE-2764,NO,1,0,0,0,0,0,0
GENE-2765,NO,1,0,0,0,0,0,0
GENE-2766,NO,1,0,0,0,0,0,0
GENE-2767,NO,1,876,683,471,744,479,585
GENE-2768,NO,1,0,0,0,0,0,0
GENE-2769,NO,1,0,0,0,0,0,0
GENE-2770,NO,1,0,0,0,0,0,0
GENE-2771,NO,1,0,0,0,0,0,0
GENE-2772,NO,1,288,330,255,279,274,236
GENE-2773,NO,1,29,49,53,50,54,39
GENE-2774,NO,1,7451,12364,10701,9721,13853,9560
GENE-2776,NO,1,308,306,357,396,357,309
GENE-2777,NO,1,0,0,0,0,0,0
GENE-2778,NO,1,35,44,37,28,48,44
GENE-2779,NO,1,0,0,0,0,0,0
GENE-2780,NO,1,195,172,178,188,147,187
GENE-2781,NO,1,0,0,0,0,0,0
GENE-2782,NO,1,72,119,82,41,53,94
GENE-2783,NO,1,0,0,0,0,0,0
GENE-2784,YES,1,0,0,0,0,0,0
GENE-2785,NO,1,0,1,3,1,1,0
GENE-2786,NO,1,0,0,0,0,0,0
GENE-2787,NO,1,77,78,68,83,89,82
GENE-2788,NO,1,3740,1776,8074,5063,7226,2647
GENE-2789,NO,1,0,0,1,0,1,1
GENE-2790,NO,1,0,0,0,0,0,0
GENE-2791,NO,1,0,0,0,0,0,0
GENE-2792,NO,1,5,3,3,5,7,7
GENE-2793,NO,1,0,0,0,0,0,0
GENE-2794,NO,1,0,0,0,0,0,0
GENE-2795,NO,1,0,0,0,0,0,0
GENE-2796,NO,1,37,52,44,27,39,41
GENE-2797,NO,1,0,0,0,0,0,0
GENE-2798,NO,1,1077,1072,984,949,1178,1125
GENE-2799,NO,1,2778,937,2869,1079,2183,3464
GENE-2800,YES,1,0,0,0,0,0,0
GENE-2802,NO,1,0,0,0,0,0,0
GENE-2803,NO,1,0,0,0,0,0,0
GENE-2804,NO,1,0,0,0,0,0,0
GENE-2806,NO,1,109,128,124,137,72,102
GENE-2807,NO,1,316,474,401,453,382,429
GENE-2808,NO,1,0,0,1,0,0,1
GENE-2809,NO,1,0,0,0,0,0,0
GENE-2810,NO,1,398,457,351,577,352,370
GENE-2811,NO,1,1671,1413,1771,1687,1779,1788
GENE-2812,NO,1,0,0,0,0,0,0
GENE-2813,NO,1,0,0,0,0,0,0
GENE-2814,NO,1,56,55,47,49,50,59
GENE-2815,NO,1,285,230,298,262,242,307
GENE-2816,NO,1,0,0,0,0,0,0
GENE-2817,NO,1,1208,1240,1437,1238,1182,1186
GENE-2818,NO,1,0,0,0,0,0,0
GENE-2819,NO,1,12,3,1,8,10,8
GENE-2820,NO,1,0,0,0,0,0,0
GENE-2821,NO,1,0,0,0,0,0,0
GENE-2822,NO,1,3,6,2,2,3,6
GENE-2823,YES,1,0,0,0,0,0,0
GENE-2824,NO,1,0,0,0,0,0,0
GENE-2825,NO,1,0,0,0,0,0,0
GENE-2826,NO,1,85,82,123,62,108,107
GENE-2827,NO,1,0,0,0,0,0,0
GENE-2828,NO,1,21,17,15,14,11,18
GENE-2829,NO,1,0,0,1,0,0,0
GENE-2830,NO,1,0,0,0,0,0,0
GENE-2831,NO,1,1,3,1,3,1,3
GENE-2832,NO,1,0,0,0,0,0,0
GENE-2833,NO,1,0,0,0,0,0,0
GENE-2834,NO,1,0,0,0,0,0,0
GENE-2835,NO,1,0,0,0,0,0,0
GENE-2836,NO,1,0,0,0,0,0,0
GENE-2837,NO,1,0,0,0,0,0,0
GENE-2838,NO,1,2,0,0,1,0,0
GENE-2839,NO,1,0,0,0,0,0,0
GENE-2840,NO,1,0,0,0,0,0,0
GENE-2841,NO,1,0,0,0,0,0,0
GENE-2842,NO,1,44,63,66,47,51,76
GENE-2843,NO,1,141,147,154,174,151,188
GENE-2844,NO,1,35,25,34,28,36,34
GENE-2845,NO,1,9,6,10,6,2,7
GENE-2846,NO,1,0,0,0,0,0,0
GENE-2847,NO,1,0,0,0,0,0,0
GENE-2848,NO,1,1,1,1,1,0,0
GENE-2849,NO,1,0,0,0,0,0,0
GENE-2850,NO,1,0,0,0,0,0,0
GENE-2851,NO,1,414,312,348,186,260,352
GENE-2852,NO,1,6,6,4,1,2,5
GENE-2853,YES,1,1,2,2,0,0,0
GENE-2854,NO,1,1,5,2,0,2,3
GENE-2855,NO,1,0,0,0,0,0,0
GENE-2856,NO,1,0,0,0,0,0,0
GENE-2857,YES,1,0,0,0,0,0,0
GENE-2858,NO,1,0,0,0,0,0,0
GENE-2859,NO,1,0,0,0,0,0,0
GENE-2860,YES,1,0,0,0,0,0,0
GENE-2861,NO,1,2,3,3,4,2,2
GENE-2862,NO,1,0,0,0,0,0,0
GENE-2863,NO,1,1103,1149,1164,1132,1126,1194
GENE-2864,NO,1,0,1,1,0,0,0
GENE-2865,NO,1,0,0,0,0,0,0
GENE-2866,NO,1,3116,2458,3096,3408,3067,2869
GENE-2867,NO,1,76,88,84,76,82,97
GENE-2868,NO,1,19,12,7,9,13,14
GENE-2869,NO,1,0,0,0,0,0,0
GENE-2870,NO,1,0,0,0,0,0,0
GENE-2871,NO,1,0,0,0,0,0,0
GENE-2872,NO,1,0,0,0,0,0,0
GENE-2873,NO,1,0,0,0,0,0,0
GENE-2874,NO,1,0,0,0,0,0,1
GENE-2875,NO,1,0,0,0,0,0,0
GENE-2876,NO,1,0,0,0,0,0,0
GENE-2877,NO,1,80,644,0,4,0,917
GENE-2879,NO,1,0,0,0,0,0,0
GENE-2880,NO,1,0,0,0,0,0,0
GENE-2881,NO,1,0,0,0,0,0,0
GENE-2882,NO,1,781,770,545,569,704,645
GENE-2883,NO,1,0,0,0,0,0,0
GENE-2884,NO,1,0,3,1,0,0,0
GENE-2885,NO,1,0,0,0,0,0,0
GENE-2886,NO,1,0,0,0,0,0,0
GENE-2887,NO,1,805,760,862,727,773,824
GENE-2888,NO,1,0,0,0,0,0,0
GENE-2889,NO,1,376,226,399,293,392,278
GENE-2890,NO,1,0,0,0,0,0,0
GENE-2891,NO,1,1,0,1,0,0,0
GENE-2892,NO,1,521,476,381,665,375,621
GENE-2893,NO,1,0,0,0,0,0,0
GENE-2894,NO,1,0,0,0,0,0,0
GENE-2895,NO,1,241,248,206,267,230,218
GENE-2896,NO,1,0,0,0,0,0,0
GENE-2897,NO,1,0,0,0,0,0,0
GENE-2898,NO,1,0,0,0,0,0,0
GENE-2899,NO,1,16,11,13,24,14,16
GENE-2900,NO,1,0,0,0,0,0,0
GENE-2901,NO,1,0,0,0,0,0,0
GENE-2902,NO,1,50,44,51,48,50,43
GENE-2903,NO,1,182,159,177,184,171,174
GENE-2904,NO,1,51,85,74,92,106,99
GENE-2905,NO,1,0,0,0,0,0,0
GENE-2906,NO,1,0,0,0,0,0,0
GENE-2907,NO,1,331,259,344,289,292,352
GENE-2908,NO,1,0,0,0,0,0,0
GENE-2909,NO,1,0,0,0,0,0,0
GENE-2910,NO,1,7,2,14,8,12,9
GENE-2911,NO,1,0,0,0,0,0,0
GENE-2912,NO,1,14,3,6,12,14,10
GENE-2913,NO,1,0,0,0,0,0,0
GENE-2914,NO,1,0,0,0,0,0,0
GENE-2915,NO,1,0,0,0,0,0,0
GENE-2916,NO,1,436,134,136,4118,1524,417
GENE-2917,NO,1,51,32,38,37,33,35
GENE-2918,NO,1,0,0,0,0,0,0
GENE-2919,NO,1,0,0,0,0,0,0
GENE-2920,NO,1,0,0,0,0,0,0
GENE-2921,NO,1,0,0,0,0,0,0
GENE-2922,NO,1,3,11,7,14,13,9
GENE-2923,NO,1,0,0,0,0,0,0
GENE-2924,NO,1,2,0,0,0,1,0
GENE-2925,NO,1,11,17,24,22,20,10
GENE-2926,NO,1,0,0,0,0,0,0
GENE-2927,NO,1,0,0,0,0,0,0
GENE-2928,NO,1,0,0,0,0,0,0
GENE-2929,NO,1,0,0,0,0,0,0
GENE-2930,NO,1,0,0,0,0,0,0
GENE-2931,NO,1,1,0,1,0,0,0
GENE-2932,NO,1,0,0,0,0,0,0
GENE-2933,NO,1,38,43,45,50,40,47
GENE-2934,NO,1,0,0,0,0,0,0
GENE-2935,NO,1,0,0,0,0,0,0
GENE-2936,NO,1,1,0,1,0,1,0
GENE-2937,NO,1,1227,586,1519,1979,1462,446
GENE-2938,NO,1,0,0,0,0,0,0
GENE-2939,NO,1,0,0,1,1,1,0
GENE-2940,YES,1,1,1,4,0,0,0
GENE-2941,NO,1,0,0,0,0,0,0
GENE-2942,NO,1,0,0,0,0,0,0
GENE-2943,NO,1,0,0,0,0,0,0
GENE-2944,NO,1,2,5,4,3,3,6
GENE-2945,NO,1,0,0,0,0,0,0
GENE-2946,NO,1,0,0,0,0,0,0
GENE-2948,NO,1,0,0,0,0,0,0
GENE-2949,NO,1,0,0,0,0,0,0
GENE-2950,NO,1,0,1,0,0,0,1
GENE-2951,NO,1,0,0,0,0,0,0
GENE-2952,NO,1,0,0,0,0,0,0
GENE-2953,NO,1,0,0,0,0,0,0
GENE-2954,NO,1,0,0,0,0,0,0
GENE-2955,NO,1,0,0,0,0,0,0
GENE-2956,NO,1,0,0,0,0,0,0
GENE-2957,NO,1,0,0,0,0,0,0
GENE-2958,NO,1,0,1,1,3,2,2
GENE-2959,NO,1,9,6,10,5,5,6
GENE-2960,NO,1,0,0,0,0,0,0
GENE-2961,NO,1,0,0,0,0,0,0
GENE-2962,NO,1,0,0,0,0,0,0
GENE-2963,NO,1,1403,16,803,0,2535,1105
GENE-2964,NO,1,0,0,0,0,0,0
GENE-2965,NO,1,0,0,0,0,0,0
GENE-2966,NO,1,0,0,0,0,0,0
GENE-2967,NO,1,2,4,7,2,4,3
GENE-2968,NO,1,545,532,757,655,793,715
GENE-2969,NO,1,0,0,0,0,0,0
GENE-2970,NO,1,504,200,248,617,240,415
GENE-2971,NO,1,0,0,0,0,0,0
GENE-2972,NO,1,172,1291,1458,477,325,118
GENE-2973,NO,1,0,0,0,0,0,0
GENE-2975,NO,1,0,0,0,0,0,0
GENE-2976,NO,1,0,0,0,0,0,0
GENE-2977,YES,1,0,0,0,0,0,0
GENE-2978,NO,1,0,0,0,0,0,0
GENE-2979,NO,1,0,0,0,0,0,0
GENE-2980,NO,1,3,3,0,0,1,2
GENE-2981,NO,1,7,8,19,11,7,12
GENE-2982,NO,1,40,47,45,50,55,41
GENE-2983,NO,1,1306,1378,1219,1373,864,1022
GENE-2984,NO,1,0,0,0,0,0,0
GENE-2985,NO,1,0,0,0,0,0,0
GENE-2986,NO,1,0,0,0,1,0,0
GENE-2987,YES,1,0,0,0,0,0,0
GENE-2988,NO,1,0,0,0,0,0,0
GENE-2989,NO,1,1,0,0,0,1,0
GENE-2990,YES,1,1,1,1,0,0,0
GENE-2991,NO,1,0,0,0,0,0,0
GENE-2992,NO,1,0,0,0,0,0,0
GENE-2993,NO,1,0,0,0,0,0,0
GENE-2994,NO,1,0,0,0,0,0,0
GENE-2995,NO,1,0,0,0,0,0,0
GENE-2996,NO,1,193,131,59,140,159,154
GENE-2997,NO,1,0,0,0,0,0,0
GENE-2998,NO,1,0,0,0,0,0,0
GENE-2999,NO,1,0,0,0,0,0,0
GENE-3000,NO,1,0,0,0,0,1,1
GENE-3001,NO,1,464,457,508,975,454,629
GENE-3002,NO,1,0,0,0,0,0,0
GENE-3003,NO,1,317,475,657,420,566,488
GENE-3004,NO,1,0,0,0,0,0,0
GENE-3005,NO,1,0,0,0,0,0,0
GENE-3006,NO,1,1333,932,229,543,324,791
GENE-3007,NO,1,551,569,555,587,531,532
GENE-3008,NO,1,0,0,0,0,0,0
GENE-3009,NO,1,0,0,0,0,0,0
GENE-3010,NO,1,0,0,0,0,0,0
GENE-3011,NO,1,4,2,4,5,6,4
GENE-3012,NO,1,0,1,1,0,2,2
GENE-3013,NO,1,4,4,4,6,5,8
GENE-3014,NO,1,0,0,0,0,0,0
GENE-3015,NO,1,31,26,47,39,52,49
GENE-3017,NO,1,0,0,0,0,0,0
GENE-3018,NO,1,1,1,1,0,0,6
GENE-3019,NO,1,31,35,36,50,43,31
GENE-3020,NO,1,185,296,407,393,305,343
GENE-3021,NO,1,0,0,0,0,0,0
GENE-3022,NO,1,0,0,0,0,0,0
GENE-3023,NO,1,0,0,0,0,0,0
GENE-3024,NO,1,0,0,0,0,0,0
GENE-3025,NO,1,437,75,207,140,114,526
GENE-3026,NO,1,0,0,0,0,0,0
GENE-3027,NO,1,0,0,0,0,0,0
GENE-3028,NO,1,0,0,0,0,0,0
GENE-3029,NO,1,0,0,0,0,0,0
GENE-3030,NO,1,0,0,0,0,0,0
GENE-3031,NO,1,0,0,0,0,0,0
GENE-3032,NO,1,1,0,1,1,3,0
GENE-3033,NO,1,15,18,21,22,15,16
GENE-3034,NO,1,1,0,0,0,0,0
GENE-3035,NO,1,0,0,0,0,0,0
GENE-3036,NO,1,0,0,0,0,0,0
GENE-3037,NO,1,0,0,0,0,0,0
GENE-3038,NO,1,0,0,0,0,0,0
GENE-3039,YES,1,0,0,0,0,0,0
GENE-3040,NO,1,35,34,32,27,34,28
GENE-3041,NO,1,0,0,0,0,0,0
GENE-3042,NO,1,0,0,0,0,0,0
GENE-3043,NO,1,10,13,15,11,7,12
GENE-3044,NO,1,0,0,0,0,0,0
GENE-3045,NO,1,786,861,969,799,759,759
GENE-3046,NO,1,0,0,0,0,0,0
GENE-3047,NO,1,332,335,281,279,311,311
GENE-3048,NO,1,0,4,2,3,0,3
GENE-3049,NO,1,16,15,2,7,9,18
GENE-3050,NO,1,0,0,0,0,0,0
GENE-3051,NO,1,1,5,2,5,3,3
GENE-3052,NO,1,0,0,0,0,0,0
GENE-3053,NO,1,0,0,0,0,0,0
GENE-3054,NO,1,0,0,0,0,0,0
GENE-3055,NO,1,55,104,90,69,59,81
GENE-3056,NO,1,0,0,0,0,0,0
GENE-3057,NO,1,0,0,0,0,0,0
GENE-3058,NO,1,0,0,0,0,0,0
GENE-3059,NO,1,103,107,96,224,163,71
GENE-3060,NO,1,0,0,0,0,0,0
GENE-3061,NO,1,249,20,1050,169,675,153
GENE-3062,NO,1,0,0,0,0,0,0
GENE-3063,NO,1,0,0,0,0,0,0
GENE-3064,NO,1,0,0,0,0,0,0
GENE-3065,NO,1,96,50,194,36,22,80
GENE-3066,NO,1,0,0,0,0,0,0
GENE-3067,NO,1,0,0,0,0,0,0
GENE-3068,NO,1,53,53,39,57,61,55
GENE-3069,NO,1,0,0,0,0,0,1
GENE-3070,NO,1,0,0,0,0,0,0
GENE-3071,NO,1,0,0,0,0,0,0
GENE-3072,NO,1,1269,1375,1663,1449,1512,1244
GENE-3073,NO,1,1,0,0,0,0,0
GENE-3074,NO,1,0,1,0,0,1,0
GENE-3075,NO,1,0,0,0,0,0,0
GENE-3076,NO,1,0,0,0,0,0,0
GENE-3077,NO,1,0,0,0,0,0,0
GENE-3078,NO,1,176,192,207,118,131,112
GENE-3079,NO,1,0,0,0,0,0,0
GENE-3080,NO,1,0,0,0,0,0,0
GENE-3081,NO,1,0,0,0,0,0,0
GENE-3082,NO,1,0,0,0,0,0,0
GENE-3083,NO,1,114,83,112,130,101,176
GENE-3084,NO,1,0,0,0,0,0,0
GENE-3085,NO,1,219,250,279,184,231,219
GENE-3086,NO,1,0,0,0,0,0,0
GENE-3087,NO,1,0,0,0,0,0,0
GENE-3088,NO,1,0,0,0,0,0,0
GENE-3090,NO,1,0,0,0,0,0,0
GENE-3091,NO,1,5021,5164,5516,3791,3339,6114
GENE-3092,NO,1,44,43,46,27,34,73
GENE-3093,NO,1,6,1,4,2,4,1
GENE-3094,NO,1,788,604,635,823,504,611
GENE-3095,YES,1,2,0,0,0,4,2
GENE-3096,NO,1,0,0,0,0,0,1
GENE-3097,NO,1,0,0,0,0,0,0
GENE-3098,NO,1,0,0,0,0,0,0
GENE-3099,NO,1,0,0,0,0,0,0
GENE-3100,NO,1,0,0,0,0,0,0
GENE-3101,NO,1,0,0,0,0,0,0
GENE-3102,NO,1,0,0,0,0,0,0
GENE-3103,NO,1,0,0,0,0,0,0
GENE-3104,NO,1,0,0,0,0,0,0
GENE-3105,NO,1,0,0,0,0,0,0
GENE-3106,NO,1,0,0,0,0,0,0
GENE-3107,YES,1,0,0,0,0,0,0
GENE-3108,NO,1,1,1,1,1,2,0
GENE-3109,NO,1,37,4,110,17,6,87
GENE-3110,NO,1,99,114,74,89,99,107
GENE-3111,NO,1,0,0,0,0,0,0
GENE-3112,NO,1,0,0,0,0,0,0
GENE-3113,NO,1,0,0,0,0,0,0
GENE-3114,NO,1,0,0,0,0,0,0
GENE-3115,NO,1,0,0,0,0,0,0
GENE-3116,NO,1,0,0,0,0,0,0
GENE-3117,NO,1,0,0,0,0,0,0
GENE-3118,NO,1,91,122,113,107,111,121
GENE-3119,NO,1,0,0,0,0,0,0
GENE-3120,NO,1,0,0,0,0,0,0
GENE-3121,NO,1,0,0,0,0,0,0
GENE-3122,NO,1,0,0,0,0,0,0
GENE-3123,NO,1,0,0,0,0,0,0
GENE-3124,NO,1,108,153,119,174,162,129
GENE-3125,NO,1,276,47,142,111,270,342
GENE-3126,NO,1,0,0,0,0,0,0
GENE-3127,NO,1,0,0,0,0,0,0
GENE-3128,NO,1,1792,2441,3077,1968,2607,2217
GENE-3129,NO,1,0,0,0,0,0,0
GENE-3130,NO,1,0,1,2,1,3,1
GENE-3131,NO,1,7,6,10,6,8,10
GENE-3133,NO,1,2,4,6,8,7,3
GENE-3134,NO,1,383,340,428,451,475,286
GENE-3135,NO,1,0,0,0,0,0,0
GENE-3136,NO,1,34,42,35,41,42,36
GENE-3137,YES,1,0,0,0,0,0,0
GENE-3138,NO,1,0,0,0,0,0,0
GENE-3139,NO,1,0,0,0,0,0,0
GENE-3140,NO,1,59,41,94,66,57,58
GENE-3141,NO,1,0,0,0,0,0,0
GENE-3142,NO,1,1,2,1,2,0,0
GENE-3143,NO,1,0,0,0,0,0,0
GENE-3144,NO,1,0,0,0,0,0,0
GENE-3145,NO,1,0,0,0,0,0,0
GENE-3146,NO,1,0,0,0,0,0,0
GENE-3147,NO,1,0,0,0,0,0,0
GENE-3148,NO,1,86,121,91,102,88,90
GENE-3149,NO,1,0,0,0,0,0,0
GENE-3150,NO,1,0,0,0,0,0,0
GENE-3151,NO,1,0,0,0,0,0,0
GENE-3152,NO,1,10,5,4,2,9,8
GENE-3153,NO,1,0,0,0,0,0,0
GENE-3154,NO,1,841,1367,1140,859,749,907
GENE-3155,NO,1,0,0,0,0,0,0
GENE-3156,NO,1,0,0,0,0,0,0
GENE-3157,NO,1,0,1,0,2,0,0
GENE-3158,NO,1,0,0,0,0,0,0
GENE-3159,NO,1,0,0,0,0,0,0
GENE-3160,NO,1,0,0,0,0,0,0
GENE-3161,NO,1,1027,941,1036,879,1089,580
GENE-3162,NO,1,56,37,75,106,52,53
GENE-3163,NO,1,1,2,0,0,2,1
GENE-3164,NO,1,61,60,61,60,45,74
GENE-3165,YES,1,0,0,0,0,0,0
GENE-3166,NO,1,0,0,0,0,0,0
GENE-3167,NO,1,0,0,0,0,0,0
GENE-3168,NO,1,0,0,0,0,0,0
GENE-3169,NO,1,49,143,55,39,105,82
GENE-3170,NO,1,0,0,0,0,0,0
GENE-3171,NO,1,39,18,36,26,32,29
GENE-3172,NO,1,0,1,0,0,0,0
GENE-3173,NO,1,686,655,685,513,716,797
GENE-3174,NO,1,0,0,0,0,0,0
GENE-3175,NO,1,0,0,0,0,0,0
GENE-3176,NO,1,0,0,0,0,0,0
GENE-3177,NO,1,0,0,0,0,0,0
GENE-3178,NO,1,0,0,0,0,0,0
GENE-3179,NO,1,0,0,0,0,0,0
GENE-3180,NO,1,0,0,0,0,0,0
GENE-3181,NO,1,0,15,268,5,150,0
GENE-3182,NO,1,0,0,0,0,0,0
GENE-3183,NO,1,0,0,0,0,0,0
GENE-3184,NO,1,0,0,0,0,0,0
GENE-3185,NO,1,0,0,0,0,0,0
GENE-3186,NO,1,0,0,0,0,0,0
GENE-3187,NO,1,0,0,0,0,0,0
GENE-3188,NO,1,0,0,0,0,0,0
GENE-3189,NO,1,0,0,0,0,1,0
GENE-3190,NO,1,0,0,0,0,0,0
GENE-3191,NO,1,64,53,50,63,68,48
GENE-3192,NO,1,0,0,0,0,0,0
GENE-3193,NO,1,0,0,0,0,0,0
GENE-3194,NO,1,0,0,1,0,1,0
GENE-3195,NO,1,0,0,0,0,0,0
GENE-3196,NO,1,0,0,0,0,0,0
GENE-3197,NO,1,0,0,0,0,0,0
GENE-3198,NO,1,74,128,131,79,106,72
GENE-3199,NO,1,0,0,0,0,0,0
GENE-3200,NO,1,0,0,0,0,0,0
GENE-3201,NO,1,0,0,0,0,0,0
GENE-3202,NO,1,0,0,0,0,0,0
GENE-3203,NO,1,0,0,0,0,0,0
GENE-3204,NO,1,0,0,0,0,0,0
GENE-3205,NO,1,0,0,0,0,0,0
GENE-3206,NO,1,0,0,0,0,0,0
GENE-3207,NO,1,422,449,391,356,438,320
GENE-3208,NO,1,0,0,0,0,0,0
GENE-3209,NO,1,0,0,0,0,0,0
GENE-3210,NO,1,462,489,403,504,493,357
GENE-3211,NO,1,2,5,2,7,4,2
GENE-3212,NO,1,0,0,0,0,0,0
GENE-3213,NO,1,0,0,0,0,0,0
GENE-3214,NO,1,1437,1346,1256,789,1756,959
GENE-3215,NO,1,0,0,0,0,0,0
GENE-3216,NO,1,0,0,0,0,0,0
GENE-3218,NO,1,31,39,34,43,46,42
GENE-3219,YES,1,0,0,0,0,0,0
GENE-3220,NO,1,0,0,0,0,0,0
GENE-3221,NO,1,124,114,126,162,123,117
GENE-3222,NO,1,0,0,0,0,0,0
GENE-3223,NO,1,0,0,0,0,0,0
GENE-3224,NO,1,0,0,0,0,0,0
GENE-3225,NO,1,0,0,0,0,0,0
GENE-3226,NO,1,0,0,0,0,0,0
GENE-3227,NO,1,0,0,0,0,0,0
GENE-3228,NO,1,14,13,16,9,4,8
GENE-3229,NO,1,302,458,280,294,326,265
GENE-3230,YES,1,0,0,0,0,0,0
GENE-3231,NO,1,1,0,0,0,0,0
GENE-3232,NO,1,0,0,0,0,0,0
GENE-3233,NO,1,0,0,0,0,0,0
GENE-3234,NO,1,0,0,0,0,0,0
GENE-3235,NO,1,178,104,371,202,312,157
GENE-3236,NO,1,1341,1428,1361,1395,1618,1168
GENE-3237,NO,1,473,500,557,521,600,599
GENE-3238,NO,1,0,0,0,0,0,0
GENE-3239,YES,1,0,0,0,0,0,0
GENE-3240,NO,1,133,88,112,132,107,115
GENE-3241,NO,1,0,0,0,0,0,0
GENE-3242,NO,1,0,0,0,0,0,0
GENE-3243,NO,1,31,19,19,29,27,20
GENE-3244,NO,1,37,46,56,55,20,58
GENE-3245,NO,1,0,0,0,0,0,0
GENE-3246,NO,1,22,26,29,14,17,15
GENE-3247,NO,1,0,0,0,0,0,0
GENE-3248,NO,1,0,0,1,0,0,0
GENE-3249,NO,1,3,99,58,70,44,41
GENE-3250,NO,1,0,0,0,0,0,0
GENE-3251,NO,1,5,7,8,12,14,10
GENE-3252,NO,1,0,0,0,0,0,0
GENE-3253,NO,1,0,0,0,0,0,0
GENE-3254,NO,1,0,0,0,0,0,0
GENE-3255,NO,1,454,605,444,492,621,491
GENE-3256,NO,1,427,357,445,316,535,366
GENE-3257,NO,1,5,0,3,0,18,0
GENE-3258,NO,1,0,0,0,0,0,0
GENE-3259,NO,1,0,0,0,0,0,1
GENE-3260,NO,1,0,0,0,0,0,0
GENE-3261,NO,1,432,518,496,423,353,397
GENE-3262,NO,1,0,0,0,0,0,0
GENE-3263,NO,1,0,0,0,0,0,0
GENE-3264,NO,1,795,737,719,1014,1152,791
GENE-3265,NO,1,0,0,0,0,0,0
GENE-3266,NO,1,0,0,0,0,0,0
GENE-3267,NO,1,0,0,0,0,0,0
GENE-3268,NO,1,0,0,0,0,0,0
GENE-3269,NO,1,0,0,0,0,0,0
GENE-3270,NO,1,0,0,0,0,0,0
GENE-3271,NO,1,0,0,0,1,1,0
GENE-3272,NO,1,233,222,290,216,311,322
GENE-3273,NO,1,0,0,0,0,0,0
GENE-3274,NO,1,0,0,0,0,0,0
GENE-3275,NO,1,0,0,0,0,0,0
GENE-3276,NO,1,4,25,8,3,1,0
GENE-3277,NO,1,138,220,152,240,264,225
GENE-3278,NO,1,0,0,0,0,0,0
GENE-3279,NO,1,0,0,0,0,0,0
GENE-3280,NO,1,0,0,0,0,0,0
GENE-3281,NO,1,0,0,0,0,0,0
GENE-3282,NO,1,7,8,9,6,11,3
GENE-3283,NO,1,0,0,0,0,0,0
GENE-3284,NO,1,1189,1204,1131,1079,1484,1204
GENE-3285,NO,1,0,0,0,0,0,0
GENE-3286,NO,1,36,32,11,27,20,25
GENE-3287,NO,1,0,0,0,0,0,0
GENE-3288,NO,1,695,945,907,866,620,726
GENE-3289,NO,1,0,0,0,0,0,0
GENE-3290,NO,1,140,98,123,130,116,135
GENE-3291,NO,1,52,74,100,79,99,94
GENE-3292,NO,1,0,0,0,0,0,0
GENE-3293,YES,1,0,0,0,1,2,3
GENE-3294,NO,1,244,206,212,243,241,239
GENE-3295,YES,1,0,0,0,0,0,0
GENE-3296,NO,1,2,0,0,1,0,1
GENE-3297,NO,1,0,0,0,1,1,1
GENE-3298,NO,1,0,0,0,0,0,0
GENE-3299,NO,1,0,0,0,0,0,0
GENE-3300,NO,1,229,227,271,274,228,303
GENE-3301,NO,1,137,218,149,103,85,179
GENE-3302,NO,1,0,0,0,0,0,0
GENE-3303,NO,1,92,142,105,85,601,123
GENE-3304,NO,1,160,204,173,162,182,186
GENE-3305,NO,1,0,0,0,0,0,0
GENE-3306,NO,1,0,0,0,0,0,0
GENE-3307,NO,1,0,0,0,0,0,0
GENE-3308,NO,1,0,0,0,0,0,0
GENE-3309,NO,1,0,0,0,0,0,0
GENE-3310,NO,1,0,0,0,0,0,0
GENE-3311,NO,1,0,0,0,0,0,0
GENE-3312,NO,1,46,28,27,39,36,30
GENE-3313,NO,1,120,110,132,107,122,103
GENE-3314,NO,1,0,0,1,0,0,0
GENE-3315,NO,1,0,0,0,0,0,0
GENE-3316,NO,1,0,0,0,0,0,0
GENE-3317,NO,1,22,13,24,21,28,20
GENE-3318,NO,1,0,0,2,0,1,0
GENE-3319,NO,1,0,0,0,0,0,0
GENE-3320,NO,1,0,0,0,0,0,0
GENE-3321,NO,1,0,0,0,0,0,0
GENE-3322,NO,1,0,0,0,0,0,0
GENE-3323,NO,1,131,102,67,104,100,110
GENE-3324,NO,1,25,9,31,29,27,25
GENE-3325,NO,1,0,0,0,0,0,0
GENE-3326,NO,1,0,0,0,0,0,0
GENE-3327,NO,1,0,0,0,0,0,0
GENE-3328,NO,1,0,0,0,0,0,0
GENE-3329,NO,1,45,41,37,45,43,57
GENE-3330,NO,1,134,103,140,106,114,135
GENE-3331,NO,1,0,0,0,0,0,0
GENE-3332,NO,1,792,718,518,628,849,601
GENE-3333,NO,1,0,0,0,0,0,0
GENE-3334,NO,1,45,1223,1520,1079,114,921
GENE-3335,NO,1,0,0,0,0,0,0
GENE-3336,NO,1,0,0,0,1,0,1
GENE-3337,NO,1,0,0,0,0,1,0
GENE-3338,NO,1,0,0,0,0,0,0
GENE-3339,YES,1,0,0,0,0,0,0
GENE-3340,NO,1,0,0,0,0,0,0
GENE-3341,NO,1,0,0,0,0,0,0
GENE-3342,NO,1,0,0,0,0,0,0
GENE-3343,NO,1,0,0,0,0,0,0
GENE-3344,NO,1,216,187,152,223,232,272
GENE-3345,NO,1,11,4,13,10,13,2
GENE-3346,NO,1,0,0,0,0,0,0
GENE-3347,NO,1,0,0,0,0,0,0
GENE-3348,NO,1,0,0,0,0,0,0
GENE-3349,NO,1,0,0,0,0,0,0
GENE-3350,NO,1,0,0,0,0,0,0
GENE-3351,NO,1,0,0,0,0,0,0
GENE-3352,NO,1,0,0,0,0,0,0
GENE-3353,NO,1,1063,1185,1085,1340,1280,1227
GENE-3354,NO,1,0,0,0,0,0,0
GENE-3355,NO,1,0,0,0,0,0,0
GENE-3356,NO,1,434,503,454,466,348,386
GENE-3357,NO,1,0,0,0,0,0,0
GENE-3358,NO,1,1,4,1,1,1,0
GENE-3359,NO,1,0,0,0,0,0,0
GENE-3360,NO,1,1,4,2,1,6,6
GENE-3361,NO,1,0,0,0,0,0,0
GENE-3362,NO,1,434,458,473,438,456,435
GENE-3363,NO,1,0,0,0,0,0,0
GENE-3364,NO,1,38,35,28,35,37,37
GENE-3365,NO,1,2,2,2,0,1,0
GENE-3366,YES,1,0,0,0,0,0,0
GENE-3367,NO,1,451,514,525,485,521,606
GENE-3368,NO,1,325,333,728,776,444,463
GENE-3369,NO,1,0,0,0,0,0,0
GENE-3370,NO,1,793,715,547,816,640,554
GENE-3371,NO,1,0,0,0,0,0,0
GENE-3372,NO,1,0,0,0,0,0,0
GENE-3373,NO,1,0,0,0,0,0,0
GENE-3374,NO,1,0,0,0,0,0,0
GENE-3375,NO,1,1013,1129,920,897,1066,1025
GENE-3376,NO,1,0,0,0,0,0,0
GENE-3377,NO,1,0,0,0,0,0,0
GENE-3378,NO,1,0,0,0,0,0,0
GENE-3379,NO,1,0,0,0,0,0,0
GENE-3380,NO,1,47,41,53,42,59,54
GENE-3381,NO,1,0,0,0,0,0,0
GENE-3382,NO,1,3,2,5,4,1,4
GENE-3383,NO,1,0,0,0,0,0,0
GENE-3384,NO,1,698,702,482,617,703,730
GENE-3385,NO,1,628,605,667,530,594,638
GENE-3386,NO,1,67,59,68,74,30,48
GENE-3387,NO,1,0,0,0,0,0,0
GENE-3388,NO,1,0,0,0,0,0,0
GENE-3389,NO,1,0,0,0,0,0,0
GENE-3390,NO,1,101,118,111,104,102,101
GENE-3391,NO,1,528,663,535,650,732,769
GENE-3392,NO,1,0,2,0,0,0,0
GENE-3393,NO,1,58,0,56,3,1,15
GENE-3394,NO,1,0,0,0,0,0,0
GENE-3395,NO,1,375,419,332,314,371,441
GENE-3396,NO,1,0,0,0,0,0,0
GENE-3397,NO,1,0,0,0,0,0,0
GENE-3398,NO,1,97,106,72,72,62,128
GENE-3399,NO,1,0,0,0,0,0,0
GENE-3400,NO,1,0,0,0,0,0,0
GENE-3401,NO,1,0,0,0,0,0,0
GENE-3402,NO,1,0,0,0,0,0,0
GENE-3403,NO,1,228,211,162,232,240,190
GENE-3404,NO,1,0,0,0,0,0,0
GENE-3405,NO,1,1663,1677,2624,2599,1627,1600
GENE-3406,NO,1,0,0,0,0,0,0
GENE-3407,NO,1,0,0,0,0,0,0
GENE-3408,NO,1,0,0,0,0,0,0
GENE-3409,NO,1,5,5,8,6,5,6
GENE-3410,NO,1,0,0,0,0,0,0
GENE-3411,NO,1,0,0,0,0,0,0
GENE-3412,NO,1,0,0,0,0,0,0
GENE-3413,NO,1,2,8,7,5,6,6
GENE-3414,NO,1,0,0,0,0,0,0
GENE-3415,NO,1,0,0,0,0,0,0
GENE-3416,NO,1,0,0,0,0,0,0
GENE-3417,NO,1,78,33,59,9,47,33
GENE-3418,NO,1,0,0,0,0,0,0
GENE-3419,NO,1,0,0,0,0,0,0
GENE-3420,NO,1,0,0,0,0,0,0
GENE-3421,NO,1,1,0,0,0,70,1
GENE-3422,NO,1,0,0,0,0,0,0
GENE-3423,NO,1,0,0,0,0,0,0
GENE-3424,NO,1,1,0,0,1,0,0
GENE-3425,NO,1,0,0,0,0,0,0
GENE-3426,NO,1,0,0,0,0,0,0
GENE-3427,NO,1,0,0,0,0,0,0
GENE-3428,NO,1,0,0,0,0,0,0
GENE-3429,NO,1,0,0,0,0,0,0
GENE-3430,NO,1,36,98,29,24,36,79
GENE-3431,NO,1,0,0,0,0,0,0
GENE-3432,NO,1,0,0,0,0,0,0
GENE-3433,NO,1,0,0,0,0,0,0
GENE-3434,NO,1,141,147,146,110,185,166
GENE-3435,NO,1,0,0,0,0,0,0
GENE-3436,NO,1,0,0,0,0,0,0
GENE-3437,NO,1,0,0,0,0,0,0
GENE-3438,NO,1,0,0,0,0,0,0
GENE-3439,NO,1,0,0,0,0,0,0
GENE-3440,NO,1,0,0,0,0,0,0
GENE-3441,NO,1,0,0,0,0,0,0
GENE-3442,NO,1,0,0,0,0,0,3
GENE-3443,NO,1,0,0,0,0,0,0
GENE-3444,NO,1,470,450,317,469,458,319
GENE-3445,NO,1,1043,829,1021,857,1014,1010
GENE-3446,NO,1,1,0,1,0,0,0
GENE-3447,NO,1,0,3,2,3,7,3
GENE-3448,NO,1,0,0,0,0,0,0
GENE-3449,YES,1,0,0,0,0,0,0
GENE-3450,NO,1,586,554,710,723,675,752
GENE-3451,NO,1,0,0,0,0,0,0
GENE-3452,NO,1,0,0,0,0,0,0
GENE-3453,NO,1,0,0,0,0,0,0
GENE-3454,NO,1,0,0,0,0,0,0
GENE-3455,NO,1,0,0,0,0,0,0
GENE-3456,NO,1,37,26,48,29,40,35
GENE-3457,NO,1,0,0,0,0,0,0
GENE-3458,NO,1,0,0,0,0,0,0
GENE-3459,NO,1,0,1,3,2,1,2
GENE-3460,NO,1,0,0,0,0,0,0
GENE-3461,NO,1,0,0,0,0,0,0
GENE-3462,NO,1,6329,5924,4863,5618,6804,5556
GENE-3463,NO,1,0,0,0,0,0,0
GENE-3464,NO,1,17628,8198,11929,7871,9132,8721
GENE-3465,NO,1,0,0,0,0,0,0
GENE-3466,NO,1,0,0,0,0,0,0
GENE-3467,NO,1,0,0,0,0,0,0
GENE-3468,NO,1,0,0,0,0,0,0
GENE-3469,NO,1,4,4,2,5,10,6
GENE-3470,YES,1,0,0,0,0,0,0
GENE-3471,NO,1,0,0,0,0,0,0
GENE-3472,NO,1,0,0,0,0,0,0
GENE-3473,NO,1,0,0,0,0,0,0
GENE-3474,NO,1,12,13,8,7,9,4
GENE-3475,NO,1,2,1,0,1,0,0
GENE-3476,NO,1,244,169,210,216,114,310
GENE-3477,NO,1,0,0,0,0,0,0
GENE-3478,NO,1,0,0,0,0,0,0
GENE-3479,NO,1,642,300,834,433,989,523
GENE-3480,NO,1,0,0,0,0,0,0
GENE-3481,NO,1,0,0,0,0,0,0
GENE-3482,NO,1,0,0,0,0,0,0
GENE-3483,NO,1,3,19,17,10,13,7
GENE-3484,NO,1,0,0,0,0,0,0
GENE-3485,NO,1,0,0,0,0,0,0
GENE-3486,NO,1,0,0,0,0,0,0
GENE-3487,NO,1,0,0,0,0,0,0
GENE-3488,NO,1,0,0,0,0,0,0
GENE-3489,NO,1,0,0,0,0,0,0
GENE-3490,NO,1,1981,2228,3048,1227,2068,2952
GENE-3491,NO,1,0,0,0,0,0,0
GENE-3492,NO,1,4,4,1,2,1,0
GENE-3493,NO,1,0,0,0,0,0,0
GENE-3494,NO,1,75,109,74,103,98,76
GENE-3495,NO,1,0,0,0,0,0,0
GENE-3496,NO,1,0,0,0,0,0,0
GENE-3497,NO,1,0,0,0,0,0,0
GENE-3498,NO,1,31,15,3,19,22,12
GENE-3499,YES,1,0,0,0,0,0,0
GENE-3500,NO,1,0,0,0,0,0,0
GENE-3501,NO,1,0,0,0,0,0,0
GENE-3502,NO,1,0,0,0,0,0,0
GENE-3503,NO,1,98,78,65,120,79,92
GENE-3504,NO,1,3,4,5,1,1,1
GENE-3505,NO,1,0,0,0,0,0,0
GENE-3506,NO,1,112,182,183,181,251,319
GENE-3507,NO,1,0,0,0,0,0,0
GENE-3508,NO,1,3,3,2,4,2,2
GENE-3509,NO,1,0,1,0,1,0,0
GENE-3510,NO,1,0,0,0,0,0,0
GENE-3511,NO,1,0,0,0,0,0,0
GENE-3512,NO,1,0,0,0,0,0,0
GENE-3513,NO,1,1,0,0,0,0,0
GENE-3514,NO,1,0,0,0,0,0,0
GENE-3515,NO,1,0,0,0,0,0,0
GENE-3516,NO,1,283,465,157,415,299,295
GENE-3517,NO,1,1,1,0,2,0,0
GENE-3518,NO,1,0,0,1,1,1,0
GENE-3519,NO,1,376,488,789,1468,593,736
GENE-3520,NO,1,0,0,0,0,0,0
GENE-3521,NO,1,310,297,291,369,194,259
GENE-3522,NO,1,0,0,0,0,0,0
GENE-3523,NO,1,144,96,161,97,128,114
GENE-3524,YES,1,0,0,0,0,0,0
GENE-3525,NO,1,0,0,0,0,0,0
GENE-3526,NO,1,19,19,21,24,27,14
GENE-3527,NO,1,316,573,225,245,348,266
GENE-3528,NO,1,937,1072,721,1041,909,1241
GENE-3529,NO,1,0,0,0,0,0,0
GENE-3530,NO,1,343,379,456,420,344,417
GENE-3531,NO,1,34,27,26,19,28,32
GENE-3532,NO,1,0,0,0,0,0,0
GENE-3533,NO,1,0,0,0,0,0,0
GENE-3534,NO,1,150,124,94,103,157,117
GENE-3535,NO,1,3,8,10,9,23,21
GENE-3536,NO,1,0,0,0,0,0,0
GENE-3537,NO,1,2707,2329,2352,2095,1703,2534
GENE-3538,NO,1,0,0,0,0,0,0
GENE-3539,NO,1,0,0,0,0,0,0
GENE-3540,NO,1,0,0,0,0,0,0
GENE-3541,NO,1,44,47,35,34,43,49
GENE-3542,NO,1,0,0,0,0,0,0
GENE-3543,NO,1,8,13,14,14,12,8
GENE-3544,NO,1,0,0,0,0,0,0
GENE-3545,NO,1,23,15,22,18,17,13
GENE-3546,NO,1,1,0,1,0,1,0
GENE-3547,NO,1,38,36,30,29,37,56
GENE-3548,NO,1,0,0,0,0,0,0
GENE-3549,NO,1,0,0,0,0,0,0
GENE-3550,NO,1,3,9,9,11,16,13
GENE-3551,NO,1,3,1,4,4,3,7
GENE-3552,NO,1,0,0,0,0,0,0
GENE-3553,NO,1,0,0,1,0,0,1
GENE-3554,NO,1,0,1,0,1,1,2
GENE-3555,NO,1,0,0,0,0,0,0
GENE-3556,NO,1,102,57,77,59,68,77
GENE-3557,NO,1,0,0,0,0,0,0
GENE-3558,NO,1,0,0,0,0,0,0
GENE-3559,NO,1,0,0,0,0,0,0
GENE-3560,NO,1,0,0,0,0,0,0
GENE-3561,NO,1,0,0,0,0,0,0
GENE-3562,NO,1,0,0,0,0,0,0
GENE-3563,NO,1,0,0,0,0,0,0
GENE-3564,NO,1,0,0,0,0,0,0
GENE-3565,NO,1,0,0,0,0,0,0
GENE-3566,NO,1,0,0,0,0,0,0
GENE-3567,NO,1,0,0,0,0,0,0
GENE-3568,NO,1,13,19,11,11,15,13
GENE-3569,NO,1,0,0,0,0,0,0
GENE-3570,NO,1,92,127,115,116,139,96
GENE-3571,NO,1,0,0,0,0,0,0
GENE-3572,NO,1,103,57,48,93,53,59
GENE-3573,NO,1,0,0,0,0,0,0
GENE-3574,NO,1,1,0,3,1,0,0
GENE-3575,NO,1,0,0,0,0,0,0
GENE-3576,NO,1,0,0,0,0,0,0
GENE-3577,NO,1,0,0,0,0,0,0
GENE-3578,NO,1,0,0,0,0,0,0
GENE-3579,NO,1,1,0,0,1,0,0
GENE-3580,NO,1,0,0,0,0,0,0
GENE-3581,NO,1,29,30,31,40,30,17
GENE-3582,NO,1,0,0,0,0,0,0
GENE-3583,NO,1,0,0,0,0,0,0
GENE-3584,NO,1,89,82,103,113,108,90
GENE-3585,NO,1,0,0,0,0,0,0
GENE-3586,NO,1,0,0,0,0,0,0
GENE-3588,NO,1,0,0,0,0,0,0
GENE-3589,NO,1,2,1,1,1,1,1
GENE-3590,NO,1,108,134,118,117,125,119
GENE-3591,NO,1,0,0,0,0,0,0
GENE-3592,NO,1,0,0,0,0,0,0
GENE-3593,NO,1,138,139,116,109,143,112
GENE-3594,YES,1,0,0,0,0,0,0
GENE-3595,NO,1,106,127,75,161,140,56
GENE-3596,NO,1,0,0,0,0,0,0
GENE-3597,NO,1,0,0,0,0,0,0
GENE-3598,NO,1,0,0,2,0,1,0
GENE-3599,NO,1,0,0,0,0,0,0
GENE-3600,NO,1,101,95,99,100,152,103
GENE-3601,NO,1,0,0,0,0,0,0
GENE-3602,NO,1,48,34,40,43,39,45
GENE-3603,NO,1,85,99,90,67,79,79
GENE-3604,NO,1,238,177,180,143,174,187
GENE-3605,NO,1,0,0,0,0,0,0
GENE-3606,NO,1,0,0,0,0,0,0
GENE-3607,NO,1,15,6,16,29,7,5
GENE-3608,NO,1,108,278,276,239,145,197
GENE-3609,NO,1,0,0,0,0,0,0
GENE-3610,NO,1,153,212,297,279,242,213
GENE-3611,NO,1,0,0,0,0,0,0
GENE-3612,NO,1,0,0,0,0,0,0
GENE-3613,NO,1,0,0,0,0,0,0
GENE-3614,NO,1,11,1,2,32,5,0
GENE-3615,NO,1,0,0,0,0,0,0
GENE-3616,NO,1,0,0,0,0,0,0
GENE-3617,NO,1,0,0,0,0,0,0
GENE-3618,NO,1,0,0,0,0,0,0
GENE-3619,NO,1,135,87,178,161,167,125
GENE-3620,NO,1,0,0,0,0,0,0
GENE-3621,NO,1,0,0,0,0,2,0
GENE-3622,NO,1,0,0,0,0,0,0
GENE-3623,NO,1,0,0,0,0,0,0
GENE-3624,NO,1,2,1,1,1,1,3
GENE-3625,NO,1,0,0,0,0,0,0
GENE-3626,NO,1,0,0,0,0,0,0
GENE-3627,NO,1,0,0,0,0,0,0
GENE-3628,YES,1,0,0,0,0,0,0
GENE-3629,NO,1,0,0,0,0,0,0
GENE-3630,NO,1,0,0,0,0,0,0
GENE-3631,NO,1,11,15,10,14,9,10
GENE-3632,NO,1,0,0,0,0,0,0
GENE-3633,NO,1,0,0,0,0,0,0
GENE-3634,NO,1,75,79,76,76,75,82
GENE-3635,NO,1,0,0,0,0,0,0
GENE-3636,NO,1,0,0,0,0,0,0
GENE-3637,NO,1,697,643,756,621,659,873
GENE-3638,NO,1,42,45,36,36,32,39
GENE-3639,NO,1,0,2,2,3,1,3
GENE-3640,NO,1,0,0,0,0,0,0
GENE-3641,NO,1,0,0,0,0,0,0
GENE-3642,NO,1,0,0,0,0,0,0
GENE-3643,YES,1,0,0,0,0,0,0
GENE-3644,NO,1,0,0,0,0,0,0
GENE-3645,NO,1,0,0,0,0,0,0
GENE-3646,NO,1,1,6,1,0,1,1
GENE-3647,NO,1,0,0,0,0,0,0
GENE-3648,NO,1,0,0,0,0,0,0
GENE-3649,NO,1,0,0,0,0,0,0
GENE-3650,NO,1,28,30,28,22,34,24
GENE-3651,NO,1,0,0,0,0,0,0
GENE-3652,NO,1,3744,3823,4149,2941,3368,3969
GENE-3653,YES,1,0,0,0,0,0,0
GENE-3654,NO,1,0,0,0,0,0,0
GENE-3655,NO,1,0,0,0,0,0,0
GENE-3656,NO,1,0,0,0,0,0,0
GENE-3657,NO,1,0,0,0,0,0,0
GENE-3658,YES,1,0,0,0,0,0,0
GENE-3659,NO,1,0,0,0,0,0,0
GENE-3660,NO,1,0,0,0,0,0,0
GENE-3661,NO,1,0,0,0,0,0,0
GENE-3662,NO,1,0,0,0,0,0,0
GENE-3663,NO,1,0,0,0,0,0,0
GENE-3664,NO,1,689,898,820,907,920,1230
GENE-3665,YES,1,0,0,0,0,0,0
GENE-3666,NO,1,0,0,0,0,0,0
GENE-3667,NO,1,0,0,0,0,0,0
GENE-3668,NO,1,0,0,0,0,0,0
GENE-3669,NO,1,97,113,101,116,118,117
GENE-3670,NO,1,0,0,0,0,0,0
GENE-3671,NO,1,0,0,0,0,0,0
GENE-3672,NO,1,0,0,0,0,0,0
GENE-3673,YES,1,0,0,0,0,0,0
GENE-3674,NO,1,0,0,0,0,0,0
GENE-3675,NO,1,0,0,0,0,0,0
GENE-3676,NO,1,193,226,122,89,114,206
GENE-3677,NO,1,0,0,0,0,0,0
GENE-3678,NO,1,0,0,0,0,0,0
GENE-3679,NO,1,0,0,0,0,0,0
GENE-3680,NO,1,0,0,0,0,0,0
GENE-3681,NO,1,1,1,0,0,0,1
GENE-3682,NO,1,0,0,0,0,0,0
GENE-3683,NO,1,10,7,6,7,7,5
GENE-3684,NO,1,41,31,43,36,59,46
GENE-3685,NO,1,7,5,3,8,3,5
GENE-3686,NO,1,891,888,840,468,708,590
GENE-3687,NO,1,44,69,60,48,69,53
GENE-3689,NO,1,20,25,12,33,26,19
GENE-3690,YES,1,0,0,0,1,0,2
GENE-3691,NO,1,0,0,0,0,0,0
GENE-3692,NO,1,0,0,0,0,0,0
GENE-3693,NO,1,0,0,0,0,0,0
GENE-3694,NO,1,0,0,0,0,0,0
GENE-3695,NO,1,0,0,0,0,0,0
GENE-3696,NO,1,0,0,0,0,0,0
GENE-3697,NO,1,0,0,0,0,0,0
GENE-3698,NO,1,113,216,83,89,82,101
GENE-3699,NO,1,0,0,0,0,0,0
GENE-3700,NO,1,4,5,6,6,5,5
GENE-3701,NO,1,0,0,0,0,0,0
GENE-3702,NO,1,0,0,0,0,0,0
GENE-3703,NO,1,0,0,0,0,0,0
GENE-3704,NO,1,0,0,0,0,0,0
GENE-3705,NO,1,0,0,0,0,0,0
GENE-3706,NO,1,0,0,0,0,0,0
GENE-3707,NO,1,0,0,0,0,0,0
GENE-3708,NO,1,0,0,0,0,0,0
GENE-3709,NO,1,3880,4340,3207,4202,3362,3389
GENE-3710,NO,1,0,0,0,0,0,0
GENE-3711,NO,1,0,0,0,0,0,0
GENE-3712,NO,1,0,0,0,0,0,0
GENE-3713,NO,1,0,0,0,0,0,0
GENE-3714,NO,1,0,0,0,0,0,0
GENE-3715,NO,1,0,0,0,0,0,0
GENE-3716,NO,1,0,0,0,0,0,0
GENE-3717,NO,1,0,0,0,0,0,0
GENE-3718,NO,1,2366,2156,2665,2338,1938,1842
GENE-3719,NO,1,557,433,649,509,831,476
GENE-3720,NO,1,3,4,2,2,3,2
GENE-3721,NO,1,341,213,245,368,234,380
GENE-3722,NO,1,0,0,0,0,0,0
GENE-3723,NO,1,0,0,0,0,0,0
GENE-3724,NO,1,0,40,1,5769,1982,322
GENE-3725,NO,1,0,0,0,0,0,0
GENE-3726,NO,1,0,0,0,0,0,0
GENE-3727,NO,1,0,0,0,0,0,0
GENE-3728,NO,1,0,0,0,0,0,0
GENE-3729,NO,1,0,0,0,0,0,0
GENE-3730,NO,1,0,0,1,0,0,0
GENE-3731,NO,1,74,142,259,46,57,113
GENE-3732,NO,1,0,0,0,0,0,0
GENE-3733,NO,1,0,0,0,0,0,0
GENE-3734,NO,1,150,139,235,178,173,146
GENE-3735,NO,1,0,0,0,0,0,0
GENE-3736,NO,1,0,0,0,0,0,0
GENE-3737,NO,1,0,0,0,0,0,0
GENE-3738,NO,1,0,0,0,0,0,0
GENE-3739,NO,1,282,163,209,246,274,266
GENE-3740,NO,1,0,0,0,0,0,0
GENE-3741,NO,1,0,0,0,0,0,0
GENE-3742,NO,1,0,0,0,0,0,0
GENE-3743,NO,1,0,0,0,0,0,0
GENE-3744,NO,1,147,118,119,122,79,134
GENE-3745,NO,1,30,21,23,28,19,25
GENE-3746,YES,1,0,0,0,20,13,26
GENE-3747,NO,1,0,0,0,0,0,0
GENE-3748,NO,1,0,0,0,0,0,0
GENE-3749,NO,1,0,0,0,0,0,0
GENE-3750,NO,1,12,26,10,31,12,24
GENE-3751,NO,1,0,0,0,0,0,0
GENE-3753,NO,1,0,0,0,0,0,0
GENE-3754,NO,1,0,0,0,0,0,0
GENE-3755,NO,1,8,19,10,7,10,19
GENE-3756,NO,1,0,0,0,0,0,0
GENE-3757,NO,1,0,0,0,0,0,0
GENE-3758,NO,1,0,0,0,0,0,0
GENE-3759,NO,1,2155,1412,1892,1820,1774,1867
GENE-3760,NO,1,155,128,222,232,120,172
GENE-3761,NO,1,234,366,379,409,335,389
GENE-3762,NO,1,414,454,292,256,173,420
GENE-3763,NO,1,0,0,0,0,0,0
GENE-3764,NO,1,28,34,38,27,34,28
GENE-3765,NO,1,0,0,0,0,0,0
GENE-3766,NO,1,1,1,2,1,2,1
GENE-3767,NO,1,75,53,51,47,70,36
GENE-3768,NO,1,0,0,0,0,0,0
GENE-3769,NO,1,0,0,0,0,0,0
GENE-3770,NO,1,0,0,0,0,0,0
GENE-3771,NO,1,0,0,0,0,0,0
GENE-3773,NO,1,5171,6816,5818,4840,5737,5835
GENE-3774,NO,1,6,10,6,6,8,9
GENE-3775,NO,1,0,0,0,0,0,0
GENE-3776,NO,1,0,0,0,0,0,0
GENE-3777,NO,1,557,487,580,560,426,778
GENE-3778,NO,1,0,0,0,0,0,0
GENE-3779,NO,1,0,0,0,0,0,0
GENE-3780,NO,1,0,0,0,0,0,0
GENE-3782,NO,1,0,0,0,0,0,0
GENE-3783,NO,1,13,11,11,14,11,11
GENE-3784,NO,1,0,0,0,0,0,0
GENE-3785,NO,1,10,10,9,16,13,7
GENE-3786,NO,1,0,0,0,0,0,0
GENE-3787,NO,1,15,55,34,21,100,9
GENE-3788,NO,1,0,0,0,0,0,0
GENE-3789,NO,1,0,0,0,0,0,0
GENE-3790,NO,1,0,0,0,0,0,0
GENE-3791,NO,1,0,0,0,0,0,0
GENE-3792,YES,1,0,0,0,0,0,0
GENE-3793,NO,1,2,0,2,1,2,1
GENE-3794,NO,1,26,24,30,18,22,21
GENE-3795,NO,1,1069,766,1659,464,1154,1570
GENE-3796,NO,1,0,0,0,0,0,0
GENE-3797,NO,1,112,44,65,70,68,62
GENE-3799,NO,1,0,0,0,0,0,0
GENE-3800,NO,1,12,14,4,13,26,6
GENE-3801,NO,1,22,22,15,19,27,22
GENE-3802,NO,1,142,112,158,190,116,126
GENE-3803,NO,1,0,0,0,0,0,0
GENE-3804,NO,1,0,0,0,0,0,0
GENE-3805,NO,1,0,0,0,0,0,0
GENE-3806,NO,1,0,0,0,0,0,0
GENE-3807,NO,1,0,0,0,0,0,0
GENE-3808,NO,1,0,0,0,0,0,0
GENE-3809,NO,1,0,0,0,0,0,0
GENE-3810,NO,1,0,0,0,0,0,0
GENE-3811,NO,1,203,246,256,211,232,240
GENE-3812,NO,1,4,5,4,8,5,3
GENE-3813,NO,1,0,0,0,0,0,0
GENE-3814,NO,1,0,0,0,0,0,0
GENE-3815,NO,1,0,0,0,0,0,0
GENE-3816,NO,1,0,0,0,0,0,0
GENE-3817,NO,1,0,0,0,0,0,0
GENE-3818,NO,1,0,0,0,0,0,0
GENE-3819,NO,1,60,69,46,38,56,33
GENE-3820,NO,1,1324,1164,1328,1570,1324,1342
GENE-3821,NO,1,0,0,0,0,0,0
GENE-3822,NO,1,0,0,0,0,0,0
GENE-3823,NO,1,0,0,0,0,0,0
GENE-3824,YES,1,1,0,0,0,0,1
GENE-3825,NO,1,0,0,0,0,0,0
GENE-3826,NO,1,0,0,0,0,0,0
GENE-3827,NO,1,0,0,0,0,0,0
GENE-3828,YES,1,0,0,0,0,0,0
GENE-3829,NO,1,0,0,0,0,0,0
GENE-3830,NO,1,0,0,0,0,0,0
GENE-3831,NO,1,0,0,0,0,0,0
GENE-3832,NO,1,0,0,0,0,0,0
GENE-3833,NO,1,0,0,0,0,0,0
GENE-3834,NO,1,0,0,0,0,0,0
GENE-3835,NO,1,0,0,0,0,0,0
GENE-3836,NO,1,2052,2831,4287,398,3743,310
GENE-3837,NO,1,322,330,325,260,251,288
GENE-3838,YES,1,0,0,0,0,0,0
GENE-3839,NO,1,0,0,0,0,0,0
GENE-3840,NO,1,0,0,0,0,0,0
GENE-3841,NO,1,0,0,0,0,0,0
GENE-3842,NO,1,41,43,42,40,37,37
GENE-3843,NO,1,0,0,0,0,0,0
GENE-3844,NO,1,0,0,0,0,0,0
GENE-3845,NO,1,0,0,0,0,0,0
GENE-3846,NO,1,0,0,0,0,0,0
GENE-3847,NO,1,0,0,0,0,0,0
GENE-3848,NO,1,0,0,0,0,0,0
GENE-3849,NO,1,0,0,0,0,0,0
GENE-3850,NO,1,0,0,0,0,0,0
GENE-3851,NO,1,0,0,0,0,0,0
GENE-3852,NO,1,10,9,8,5,6,8
GENE-3853,NO,1,0,0,0,0,0,0
GENE-3854,NO,1,0,0,0,0,0,0
GENE-3855,NO,1,0,0,0,0,0,0
GENE-3856,NO,1,0,1,0,0,0,0
GENE-3857,NO,1,0,0,0,0,0,0
GENE-3858,NO,1,1,2,1,5,2,7
GENE-3859,NO,1,0,0,0,0,0,0
GENE-3860,NO,1,0,0,0,0,0,0
GENE-3862,NO,1,1,0,0,0,0,0
GENE-3863,YES,1,0,0,0,0,0,0
GENE-3864,NO,1,0,0,0,0,0,0
GENE-3865,NO,1,0,0,0,0,0,0
GENE-3866,NO,1,0,0,0,0,0,0
GENE-3867,NO,1,4,15,2,3,12,1
GENE-3868,NO,1,0,0,0,0,0,0
GENE-3869,NO,1,116,86,121,134,93,100
GENE-3870,NO,1,1,3,0,3,0,0
GENE-3871,NO,1,0,0,0,0,0,0
GENE-3872,YES,1,0,2,1,2,1,2
GENE-3873,NO,1,2502,1945,2645,2276,2154,2193
GENE-3874,NO,1,0,0,0,0,0,0
GENE-3875,NO,1,814,782,790,860,1099,952
GENE-3876,NO,1,35,19,34,20,36,28
GENE-3877,NO,1,0,0,0,0,0,0
GENE-3878,NO,1,555,854,617,510,407,860
GENE-3879,NO,1,0,0,0,0,0,0
GENE-3880,NO,1,0,0,0,0,0,0
GENE-3881,YES,1,0,0,0,0,0,0
GENE-3882,NO,1,102,90,82,102,78,116
GENE-3883,NO,1,0,0,0,0,0,0
GENE-3884,NO,1,0,0,1,1,0,0
GENE-3885,NO,1,0,0,0,0,0,0
GENE-3886,NO,1,0,0,0,0,0,0
GENE-3887,NO,1,2,1,1,0,3,0
GENE-3888,NO,1,0,0,0,0,0,0
GENE-3889,NO,1,561,342,960,543,276,493
GENE-3890,NO,1,3,4,5,4,2,2
GENE-3891,NO,1,22,22,34,23,19,44
GENE-3892,NO,1,0,0,0,0,0,0
GENE-3893,NO,1,0,0,0,0,0,0
GENE-3894,YES,1,1,0,0,1,0,0
GENE-3895,NO,1,0,0,0,0,0,0
GENE-3896,NO,1,2,0,0,0,2,0
GENE-3897,NO,1,6,5,8,5,10,4
GENE-3898,NO,1,0,0,0,0,0,0
GENE-3899,YES,1,0,0,0,0,0,0
GENE-3900,NO,1,0,0,0,0,0,0
GENE-3901,NO,1,0,0,0,0,0,0
GENE-3902,NO,1,0,0,0,0,0,0
GENE-3903,NO,1,0,0,0,0,0,0
GENE-3904,NO,1,0,0,0,0,0,0
GENE-3905,NO,1,0,0,1,0,0,0
GENE-3906,NO,1,0,0,0,0,0,0
GENE-3907,NO,1,0,0,0,0,0,0
GENE-3908,NO,1,183,173,192,172,213,199
GENE-3909,NO,1,0,0,0,0,0,0
GENE-3910,NO,1,0,0,0,0,0,0
GENE-3911,NO,1,0,0,0,0,0,0
GENE-3912,NO,1,449,290,349,414,395,285
GENE-3913,NO,1,0,0,0,0,0,0
GENE-3914,NO,1,0,0,0,0,0,0
GENE-3915,NO,1,0,0,0,0,0,0
GENE-3916,NO,1,0,0,0,0,0,0
GENE-3917,NO,1,129,119,131,149,115,139
GENE-3918,NO,1,0,0,0,0,0,0
GENE-3919,NO,1,0,0,0,0,0,0
GENE-3920,NO,1,0,0,0,0,0,0
GENE-3921,NO,1,0,0,0,0,0,0
GENE-3922,NO,1,10,2,7,1,6,2
GENE-3923,NO,1,0,0,0,0,0,0
GENE-3924,NO,1,221,248,221,209,183,210
GENE-3926,NO,1,0,0,0,0,0,0
GENE-3927,NO,1,0,0,0,0,0,0
GENE-3928,NO,1,0,0,0,0,0,0
GENE-3929,NO,1,0,0,0,0,0,0
GENE-3930,NO,1,0,0,0,0,0,0
GENE-3931,NO,1,0,0,0,0,0,0
GENE-3932,NO,1,0,0,0,0,0,0
GENE-3933,NO,1,0,0,0,0,0,0
GENE-3934,NO,1,0,0,0,0,0,0
GENE-3935,NO,1,0,0,0,0,0,0
GENE-3936,NO,1,0,0,0,0,0,0
GENE-3937,NO,1,0,0,0,0,0,0
GENE-3938,NO,1,158,164,159,227,166,157
GENE-3939,NO,1,0,0,0,0,0,0
GENE-3940,NO,1,1566,1772,1665,1640,1861,1296
GENE-3941,NO,1,0,0,0,0,0,0
GENE-3942,NO,1,111,256,109,168,242,104
GENE-3943,NO,1,0,0,0,0,0,0
GENE-3944,NO,1,0,0,0,0,0,0
GENE-3945,NO,1,0,0,0,0,0,0
GENE-3946,NO,1,0,0,0,0,0,0
GENE-3947,NO,1,0,0,0,0,0,1
GENE-3948,NO,1,0,0,0,0,0,0
GENE-3949,NO,1,0,0,0,0,0,0
GENE-3950,NO,1,49,56,46,39,50,45
GENE-3951,NO,1,15,6,34,29,17,15
GENE-3952,NO,1,232,169,220,247,240,193
GENE-3953,NO,1,0,0,0,0,0,0
GENE-3954,NO,1,0,0,0,0,0,0
GENE-3955,NO,1,9,7,8,7,10,7
GENE-3956,NO,1,0,0,0,0,0,0
GENE-3957,NO,1,42,31,50,49,47,51
GENE-3958,NO,1,737,584,708,647,672,630
GENE-3959,NO,1,0,0,0,0,0,0
GENE-3960,NO,1,0,0,0,0,0,0
GENE-3961,NO,1,54,73,55,76,64,60
GENE-3962,NO,1,0,0,0,0,0,0
GENE-3963,NO,1,0,0,0,0,0,0
GENE-3964,NO,1,0,0,0,0,0,0
GENE-3965,NO,1,75,55,58,75,84,64
GENE-3966,NO,1,0,0,0,0,0,0
GENE-3967,NO,1,0,0,0,0,0,0
GENE-3968,NO,1,0,0,0,0,0,0
GENE-3969,NO,1,531,572,810,598,550,692
GENE-3970,NO,1,0,0,0,0,0,0
GENE-3971,YES,1,0,0,0,0,0,0
GENE-3972,NO,1,0,0,0,0,0,0
GENE-3973,NO,1,0,0,0,0,0,0
GENE-3974,NO,1,0,0,0,0,0,0
GENE-3975,NO,1,0,0,0,0,0,0
GENE-3976,NO,1,0,0,0,0,0,0
GENE-3977,NO,1,0,0,0,0,0,0
GENE-3978,NO,1,0,0,0,0,0,0
GENE-3979,NO,1,0,0,0,2,0,1
GENE-3980,NO,1,0,0,0,0,0,0
GENE-3981,NO,1,2,0,1,0,1,0
GENE-3982,NO,1,0,0,0,0,0,0
GENE-3983,NO,1,0,0,0,0,0,0
GENE-3984,NO,1,0,0,0,0,0,0
GENE-3985,NO,1,0,0,0,0,0,0
GENE-3986,NO,1,1,0,1,0,2,2
GENE-3987,NO,1,0,0,0,0,0,0
GENE-3988,NO,1,49,51,52,41,44,57
GENE-3989,NO,1,20,13,22,17,22,21
GENE-3990,YES,1,0,0,0,0,0,0
GENE-3991,NO,1,5,3,3,4,5,6
GENE-3992,YES,1,0,0,0,0,0,0
GENE-3993,NO,1,0,0,0,0,0,0
GENE-3994,NO,1,0,0,0,0,0,0
GENE-3995,NO,1,0,0,0,0,0,0
GENE-3996,NO,1,248,300,251,298,312,206
GENE-3997,NO,1,0,0,0,0,0,0
GENE-3998,NO,1,2,4,4,2,2,4
GENE-3999,YES,1,0,0,0,0,0,0
GENE-4000,NO,1,5,0,3,5,4,2
GENE-4002,NO,1,0,0,0,0,0,0
GENE-4003,NO,1,191,148,143,131,134,137
GENE-4004,NO,1,464,515,412,412,407,383
GENE-4005,NO,1,923,1013,986,820,842,899
GENE-4006,NO,1,15,7,10,9,9,14
GENE-4007,NO,1,0,0,0,0,0,0
GENE-4008,NO,1,0,0,0,0,0,0
GENE-4009,NO,1,0,0,0,0,0,0
GENE-4010,NO,1,0,0,0,0,0,0
GENE-4011,NO,1,0,0,0,0,0,0
GENE-4012,YES,1,0,0,1,1,2,2
GENE-4013,NO,1,0,0,0,0,0,0
GENE-4014,NO,1,0,0,0,0,0,0
GENE-4015,NO,1,116,1180,1030,1181,2022,2465
GENE-4016,NO,1,0,0,0,0,0,0
GENE-4017,NO,1,0,0,0,0,0,0
GENE-4018,NO,1,6,7,4,7,8,12
GENE-4019,NO,1,36,57,18,29,48,26
GENE-4020,NO,1,0,0,0,0,0,0
GENE-4021,NO,1,0,0,0,0,0,0
GENE-4022,NO,1,0,0,0,0,0,0
GENE-4023,NO,1,380,421,542,411,463,463
GENE-4024,NO,1,177,163,211,228,229,269
GENE-4025,NO,1,0,0,0,0,0,0
GENE-4026,NO,1,0,0,0,0,0,0
GENE-4027,NO,1,20,25,11,20,13,20
GENE-4028,NO,1,69,36,33,49,65,48
GENE-4029,NO,1,421,450,502,424,538,456
GENE-4030,NO,1,5,1,3,5,0,2
GENE-4031,NO,1,0,0,0,0,0,0
GENE-4032,NO,1,0,0,0,0,0,0
GENE-4033,NO,1,16,16,15,21,17,15
GENE-4034,NO,1,0,0,0,0,0,0
GENE-4036,NO,1,746,738,869,803,636,995
GENE-4037,NO,1,0,0,0,0,0,0
GENE-4039,NO,1,0,0,0,0,0,0
GENE-4040,NO,1,6,8,3,4,3,9
GENE-4041,NO,1,0,0,0,0,0,0
GENE-4042,NO,1,0,0,0,0,0,0
GENE-4043,NO,1,0,0,0,0,0,0
GENE-4044,NO,1,468,462,418,464,431,399
GENE-4045,NO,1,7,10,8,4,9,4
GENE-4046,NO,1,0,0,0,0,0,0
GENE-4047,NO,1,0,0,0,0,0,0
GENE-4048,NO,1,0,0,0,0,0,0
GENE-4049,NO,1,0,0,0,0,0,0
GENE-4050,NO,1,0,0,0,0,0,0
GENE-4051,NO,1,5719,6198,5995,5779,5767,4313
GENE-4052,NO,1,0,0,0,0,0,0
GENE-4053,NO,1,0,0,0,0,1,0
GENE-4054,NO,1,0,0,0,0,0,0
GENE-4055,NO,1,79,75,82,63,63,52
GENE-4056,NO,1,539,1781,367,1391,1895,2381
GENE-4057,NO,1,0,0,0,0,0,0
GENE-4058,NO,1,0,0,0,0,0,0
GENE-4059,NO,1,0,0,0,0,0,0
GENE-4060,NO,1,0,0,0,0,0,0
GENE-4061,NO,1,0,0,0,0,0,0
GENE-4062,NO,1,0,0,0,0,0,0
GENE-4063,NO,1,176,157,179,192,180,191
GENE-4064,NO,1,0,0,0,0,0,0
GENE-4065,NO,1,0,0,0,0,0,0
GENE-4066,NO,1,0,0,0,0,0,0
GENE-4067,NO,1,0,0,0,0,0,0
GENE-4068,NO,1,0,0,0,0,0,0
GENE-4069,NO,1,2,4,4,3,2,6
GENE-4070,NO,1,0,0,0,0,0,0
GENE-4071,NO,1,0,0,0,0,0,0
GENE-4072,YES,1,1,1,0,0,0,0
GENE-4073,NO,1,0,0,0,0,0,0
GENE-4074,NO,1,0,0,0,0,0,0
GENE-4075,NO,1,0,0,0,0,0,0
GENE-4076,NO,1,2,1,1,1,0,1
GENE-4077,NO,1,0,0,0,0,0,0
GENE-4078,NO,1,0,0,0,0,0,0
GENE-4079,NO,1,0,0,0,0,0,0
GENE-4080,NO,1,0,0,0,0,0,0
GENE-4081,NO,1,0,0,0,0,0,0
GENE-4082,NO,1,0,0,0,0,0,0
GENE-4083,NO,1,0,0,0,0,0,0
GENE-4084,NO,1,0,0,0,0,0,0
GENE-4085,NO,1,0,0,0,0,0,0
GENE-4086,NO,1,0,0,0,0,0,0
GENE-4087,NO,1,0,0,0,0,0,0
GENE-4088,YES,1,0,0,0,0,0,0
GENE-4089,NO,1,0,0,0,0,0,0
GENE-4090,NO,1,81,93,74,74,66,88
GENE-4091,NO,1,0,0,0,0,0,0
GENE-4093,NO,1,0,0,0,0,0,0
GENE-4094,NO,1,0,0,0,0,0,0
GENE-4095,NO,1,0,0,0,0,0,0
GENE-4096,NO,1,0,0,0,0,0,0
GENE-4097,NO,1,0,0,0,0,0,0
GENE-4098,NO,1,0,0,0,0,0,0
GENE-4099,NO,1,72,48,59,37,63,35
GENE-4100,NO,1,7,9,15,11,16,13
GENE-4101,NO,1,14,14,11,16,9,15
GENE-4102,NO,1,0,0,0,0,0,0
GENE-4103,NO,1,320,253,301,366,198,249
GENE-4104,NO,1,0,0,0,0,0,0
GENE-4105,NO,1,0,0,0,0,0,0
GENE-4106,NO,1,0,0,0,0,0,0
GENE-4107,NO,1,0,0,0,0,0,0
GENE-4108,YES,1,0,0,0,0,0,0
GENE-4109,NO,1,0,0,0,0,0,0
GENE-4110,NO,1,0,0,0,0,0,0
GENE-4111,NO,1,108,121,108,86,104,83
GENE-4112,YES,1,0,0,0,0,0,0
GENE-4113,NO,1,0,0,0,0,0,0
GENE-4114,NO,1,0,0,0,0,0,0
GENE-4115,NO,1,0,0,0,0,0,0
GENE-4116,NO,1,0,0,0,0,0,0
GENE-4117,NO,1,0,0,0,0,0,0
GENE-4118,NO,1,55,52,64,62,56,44
GENE-4119,NO,1,0,0,0,0,0,0
GENE-4120,NO,1,238,128,165,295,128,194
GENE-4121,NO,1,0,0,0,0,0,0
GENE-4122,NO,1,0,0,0,0,0,0
GENE-4123,NO,1,0,0,0,0,0,0
GENE-4124,NO,1,37,23,28,15,25,34
GENE-4125,NO,1,0,0,0,0,0,0
GENE-4126,NO,1,9,11,13,12,7,8
GENE-4127,NO,1,0,0,0,0,0,0
GENE-4128,NO,1,0,0,0,0,0,0
GENE-4129,NO,1,0,0,0,0,0,0
GENE-4130,NO,1,0,0,0,0,0,0
GENE-4131,NO,1,0,1,1,1,0,1
GENE-4132,NO,1,2641,2372,2715,3324,3247,2925
GENE-4133,NO,1,0,0,0,0,0,0
GENE-4134,NO,1,0,0,0,0,0,0
GENE-4135,NO,1,0,0,0,0,0,0
GENE-4136,NO,1,0,0,0,0,0,0
GENE-4137,NO,1,0,0,0,0,0,0
GENE-4138,NO,1,0,0,0,0,0,0
GENE-4139,NO,1,0,0,0,0,0,0
GENE-4140,NO,1,0,0,0,0,0,0
GENE-4141,NO,1,0,0,0,0,0,0
GENE-4142,NO,1,0,0,0,0,0,0
GENE-4143,NO,1,63,53,49,64,52,59
GENE-4145,NO,1,0,0,0,0,0,0
GENE-4146,NO,1,0,0,0,0,0,0
GENE-4147,NO,1,0,0,0,0,0,0
GENE-4148,NO,1,0,0,0,0,0,0
GENE-4149,NO,1,0,0,0,0,0,0
GENE-4150,NO,1,0,0,0,0,0,0
GENE-4151,NO,1,0,1,1,0,2,2
GENE-4152,NO,1,0,0,0,0,0,0
GENE-4153,NO,1,2,1,0,0,1,1
GENE-4154,NO,1,309,242,290,314,305,332
GENE-4155,NO,1,0,0,0,0,0,0
GENE-4156,NO,1,71,79,61,68,59,65
GENE-4157,NO,1,0,0,0,0,0,0
GENE-4158,NO,1,0,0,0,0,0,0
GENE-4159,NO,1,6,5,8,2,8,5
GENE-4160,NO,1,0,0,0,0,0,0
GENE-4161,NO,1,0,0,0,0,0,0
GENE-4162,NO,1,0,0,0,0,0,0
GENE-4163,NO,1,0,0,0,0,0,0
GENE-4164,NO,1,0,0,0,0,0,0
GENE-4165,NO,1,0,0,0,0,0,0
GENE-4166,NO,1,0,0,0,0,0,0
GENE-4167,NO,1,102,77,84,93,114,98
GENE-4168,NO,1,0,1,0,2,0,1
GENE-4169,NO,1,40,40,40,36,21,41
GENE-4170,NO,1,0,0,1,0,0,0
GENE-4171,NO,1,0,0,0,0,0,0
GENE-4172,NO,1,13,10,5,5,4,8
GENE-4173,NO,1,0,0,0,0,0,0
GENE-4174,NO,1,0,0,0,0,0,0
GENE-4175,NO,1,0,0,0,0,0,0
GENE-4176,NO,1,2,8,2,16,16,20
GENE-4177,NO,1,16,31,17,20,10,25
GENE-4178,NO,1,600,765,579,728,667,405
GENE-4179,NO,1,0,0,0,0,0,0
GENE-4180,NO,1,0,0,0,0,0,0
GENE-4181,NO,1,0,0,0,0,0,0
GENE-4182,NO,1,0,0,0,0,0,0
GENE-4183,NO,1,0,0,0,0,0,0
GENE-4184,NO,1,560,622,646,692,608,660
GENE-4185,YES,1,0,0,0,0,0,0
GENE-4186,NO,1,0,0,0,0,0,0
GENE-4187,NO,1,0,0,0,0,0,0
GENE-4188,NO,1,0,0,0,0,0,0
GENE-4189,NO,1,0,0,0,0,0,0
GENE-4190,NO,1,0,0,0,0,0,0
GENE-4191,NO,1,582,454,406,418,484,393
GENE-4192,NO,1,347,257,301,309,212,276
GENE-4193,NO,1,0,0,0,0,0,0
GENE-4194,NO,1,240,326,177,294,233,305
GENE-4195,NO,1,0,0,0,0,0,0
GENE-4196,NO,1,0,0,0,0,0,0
GENE-4197,NO,1,0,0,0,0,0,0
GENE-4198,NO,1,0,1,0,0,0,1
GENE-4199,NO,1,358,175,810,1252,568,415
GENE-4200,NO,1,0,0,0,0,0,0
GENE-4201,NO,1,3,4,3,2,6,2
GENE-4202,NO,1,12,19,15,25,16,19
GENE-4203,NO,1,0,0,0,0,0,0
GENE-4204,NO,1,15,15,5,15,14,9
GENE-4205,NO,1,0,0,0,0,0,0
GENE-4206,NO,1,13,19,28,32,16,27
GENE-4207,NO,1,0,0,0,0,0,0
GENE-4208,NO,1,56,67,65,65,58,74
GENE-4209,NO,1,0,0,0,0,0,0
GENE-4210,NO,1,0,0,0,0,0,0
GENE-4211,NO,1,0,0,0,0,0,0
GENE-4212,NO,1,0,0,0,0,0,0
GENE-4213,NO,1,0,0,0,0,0,0
GENE-4214,NO,1,0,0,0,0,0,0
GENE-4215,NO,1,0,0,0,0,0,0
GENE-4216,NO,1,0,0,0,0,0,0
GENE-4217,NO,1,0,1,0,1,0,0
GENE-4218,NO,1,0,0,0,0,0,0
GENE-4219,NO,1,0,0,0,0,0,0
GENE-4220,NO,1,0,0,0,0,0,0
GENE-4221,NO,1,0,0,0,0,0,0
GENE-4222,NO,1,2,1,4,2,1,3
GENE-4223,NO,1,0,0,0,0,0,0
GENE-4224,NO,1,4,1,1,0,4,0
GENE-4225,NO,1,0,0,0,0,0,0
GENE-4226,NO,1,0,0,0,0,0,0
GENE-4227,NO,1,0,0,0,0,0,0
GENE-4228,NO,1,305,106,5114,435,1373,2527
GENE-4229,NO,1,2,0,0,2,0,0
GENE-4230,NO,1,18,8,9,14,7,13
GENE-4231,NO,1,0,0,0,0,0,0
GENE-4232,NO,1,551,393,619,436,788,378
GENE-4233,NO,1,0,0,0,0,0,0
GENE-4234,NO,1,0,0,0,0,0,0
GENE-4235,NO,1,598,559,502,592,683,542
GENE-4236,NO,1,402,388,389,322,344,350
GENE-4238,NO,1,0,0,0,0,0,0
GENE-4239,NO,1,0,0,0,0,0,0
GENE-4240,NO,1,0,0,0,0,0,0
GENE-4241,NO,1,42,28,34,35,27,31
GENE-4242,NO,1,0,0,0,0,0,0
GENE-4243,NO,1,1,0,1,1,0,1
GENE-4244,YES,1,0,0,0,0,0,0
GENE-4245,NO,1,0,0,0,0,0,0
GENE-4246,NO,1,0,0,0,0,0,0
GENE-4247,NO,1,0,0,0,0,0,0
GENE-4248,NO,1,3,0,3,1,4,2
GENE-4249,NO,1,64,59,44,51,43,69
GENE-4250,NO,1,3758,3195,2686,3964,2613,3724
GENE-4251,NO,1,0,0,0,0,0,0
GENE-4252,NO,1,0,0,0,0,0,0
GENE-4253,NO,1,206,237,258,225,238,201
GENE-4254,NO,1,53,59,47,51,57,46
GENE-4255,NO,1,0,0,0,0,0,0
GENE-4256,NO,1,0,0,0,0,0,0
GENE-4257,NO,1,0,0,0,0,0,0
GENE-4258,NO,1,0,0,0,0,0,0
GENE-4259,NO,1,0,0,0,0,0,0
GENE-4260,NO,1,0,0,0,0,0,0
GENE-4261,NO,1,169,128,127,152,137,157
GENE-4262,NO,1,0,0,0,0,0,0
GENE-4263,YES,1,0,0,0,0,0,0
GENE-4264,NO,1,0,0,0,0,0,0
GENE-4265,NO,1,0,0,0,0,0,0
GENE-4266,NO,1,3,0,0,0,0,0
GENE-4267,NO,1,57,38,31,45,58,29
GENE-4268,NO,1,524,938,576,705,830,655
GENE-4269,NO,1,172,154,185,116,233,189
GENE-4270,NO,1,0,0,0,0,0,0
GENE-4271,NO,1,1,1,3,1,2,1
GENE-4272,NO,1,0,0,0,0,0,0
GENE-4273,NO,1,228,247,188,298,229,254
GENE-4274,NO,1,0,0,0,0,0,0
GENE-4275,NO,1,0,0,0,0,0,0
GENE-4276,NO,1,3,16,3,4,11,8
GENE-4277,NO,1,70,95,97,100,106,111
GENE-4278,NO,1,0,0,0,0,0,0
GENE-4279,NO,1,0,0,0,0,0,0
GENE-4280,NO,1,0,0,0,0,0,0
GENE-4281,NO,1,0,0,0,0,0,0
GENE-4282,NO,1,0,0,0,0,0,0
GENE-4283,NO,1,61,18,29,57,98,49
GENE-4284,NO,1,0,0,0,0,0,0
GENE-4285,NO,1,1951,1985,1675,1548,1745,1696
GENE-4286,NO,1,0,0,0,0,0,0
GENE-4287,NO,1,0,0,0,0,0,0
GENE-4288,NO,1,0,0,0,0,0,0
GENE-4289,NO,1,0,0,0,0,0,0
GENE-4290,NO,1,840,523,433,502,479,593
GENE-4291,NO,1,44,74,76,71,65,60
GENE-4292,NO,1,0,0,0,0,0,0
GENE-4293,NO,1,27,18,24,28,19,15
GENE-4294,NO,1,258,324,365,362,391,398
GENE-4295,NO,1,0,0,0,0,0,0
GENE-4296,NO,1,0,0,0,0,0,0
GENE-4297,NO,1,0,0,0,0,0,0
GENE-4298,NO,1,0,5,2,4,3,4
GENE-4299,NO,1,0,0,0,0,0,0
GENE-4300,NO,1,0,0,0,0,0,0
GENE-4301,NO,1,0,0,0,0,0,0
GENE-4302,NO,1,0,0,0,0,0,0
GENE-4303,NO,1,0,0,0,0,0,0
GENE-4304,YES,1,0,0,0,0,0,0
GENE-4305,NO,1,0,0,0,0,0,0
GENE-4306,NO,1,0,0,0,0,0,0
GENE-4307,NO,1,113,118,80,112,75,75
GENE-4308,NO,1,0,0,0,0,0,0
GENE-4309,NO,1,0,0,0,0,0,0
GENE-4310,NO,1,0,0,0,0,0,0
GENE-4311,NO,1,0,0,0,0,0,0
GENE-4312,YES,1,0,0,0,0,0,0
GENE-4313,NO,1,51,56,45,57,57,56
GENE-4314,NO,1,0,0,0,0,0,0
GENE-4315,NO,1,0,0,0,0,0,0
GENE-4317,NO,1,257,239,275,298,305,316
GENE-4318,NO,1,0,0,0,0,0,0
GENE-4319,NO,1,3,0,1,0,0,0
GENE-4320,NO,1,0,0,0,0,0,0
GENE-4321,NO,1,0,0,0,0,0,0
GENE-4322,NO,1,0,0,0,0,0,0
GENE-4323,YES,1,0,0,0,0,0,0
GENE-4324,NO,1,0,0,0,0,0,0
GENE-4325,NO,1,0,0,0,0,0,0
GENE-4326,NO,1,0,0,0,0,0,0
GENE-4327,YES,1,0,0,0,0,0,0
GENE-4328,NO,1,0,1,0,0,0,0
GENE-4329,NO,1,3,2,4,7,5,2
GENE-4330,NO,1,0,0,0,0,0,0
GENE-4331,NO,1,0,0,0,0,0,0
GENE-4332,NO,1,4510,4527,3902,2926,3107,3503
GENE-4333,NO,1,0,0,0,0,0,0
GENE-4334,NO,1,0,0,0,0,0,0
GENE-4335,NO,1,0,0,0,0,0,0
GENE-4336,YES,1,0,0,0,0,0,0
GENE-4337,NO,1,0,0,0,0,0,0
GENE-4338,NO,1,0,0,0,0,0,0
GENE-4339,NO,1,0,0,0,0,0,0
GENE-4340,NO,1,1,0,1,2,0,2
GENE-4341,NO,1,0,0,0,0,0,0
GENE-4342,NO,1,11,18,16,22,20,22
GENE-4343,NO,1,0,0,0,0,0,0
GENE-4344,NO,1,0,0,0,0,0,0
GENE-4345,NO,1,0,0,0,0,0,0
GENE-4346,NO,1,0,0,0,0,0,0
GENE-4347,NO,1,0,0,0,0,0,0
GENE-4348,NO,1,0,0,0,0,0,0
GENE-4349,NO,1,0,0,0,0,0,0
GENE-4350,NO,1,0,0,0,0,0,0
GENE-4351,NO,1,31,12,27,28,26,23
GENE-4352,NO,1,30,54,42,32,52,42
GENE-4353,NO,1,0,0,0,0,0,0
GENE-4354,NO,1,2579,2816,3326,3207,3135,2944
GENE-4355,NO,1,0,0,1,0,0,1
GENE-4356,NO,1,0,0,0,0,0,0
GENE-4357,NO,1,274,198,280,239,221,324
GENE-4358,NO,1,0,0,0,0,0,0
GENE-4359,NO,1,0,0,0,0,0,0
GENE-4360,NO,1,186,268,275,302,273,261
GENE-4361,NO,1,0,0,0,0,0,0
GENE-4362,NO,1,560,607,605,566,537,480
GENE-4363,NO,1,312,231,239,283,231,270
GENE-4364,NO,1,0,0,0,0,0,0
GENE-4365,NO,1,0,0,0,0,0,0
GENE-4366,NO,1,0,0,0,0,0,0
GENE-4367,NO,1,0,0,0,0,0,0
GENE-4368,NO,1,0,0,0,0,0,0
GENE-4369,NO,1,0,0,0,0,0,0
GENE-4370,NO,1,40,41,28,38,27,41
GENE-4371,NO,1,0,4,0,4,1,1
GENE-4372,NO,1,0,0,0,0,0,0
GENE-4374,NO,1,0,0,0,0,0,0
GENE-4375,NO,1,0,0,0,0,0,0
GENE-4376,NO,1,0,0,0,0,0,0
GENE-4377,NO,1,12,13,25,3,9,13
GENE-4378,NO,1,0,0,0,0,0,0
GENE-4379,NO,1,0,0,0,0,0,0
GENE-4380,NO,1,3,0,1,2,0,4
GENE-4381,NO,1,0,0,0,0,0,0
GENE-4383,NO,1,0,0,0,0,0,0
GENE-4384,NO,1,0,0,0,0,0,0
GENE-4385,NO,1,0,0,0,0,0,0
GENE-4386,NO,1,0,0,0,0,0,0
GENE-4387,NO,1,0,0,0,0,0,0
GENE-4389,NO,1,0,0,0,0,0,0
GENE-4390,NO,1,0,0,0,0,0,0
GENE-4391,NO,1,34,2,7,0,0,5
GENE-4392,NO,1,0,0,0,0,0,0
GENE-4393,NO,1,0,0,0,0,0,0
GENE-4394,NO,1,0,0,0,0,0,0
GENE-4395,NO,1,0,0,0,2,0,0
GENE-4396,NO,1,3,4,2,3,2,3
GENE-4397,NO,1,0,0,0,0,0,0
GENE-4398,NO,1,0,0,0,0,0,0
GENE-4399,NO,1,3,1,0,0,1,1
GENE-4400,NO,1,0,0,0,0,0,0
GENE-4401,NO,1,0,0,0,0,0,0
GENE-4402,NO,1,0,0,0,0,0,0
GENE-4403,NO,1,0,0,0,0,0,0
GENE-4404,NO,1,0,0,0,0,0,0
GENE-4405,NO,1,0,0,0,0,0,0
GENE-4406,NO,1,1055,1277,717,1223,971,716
GENE-4407,NO,1,2,1,5,1,3,1
GENE-4408,NO,1,41,42,33,45,41,37
GENE-4409,NO,1,3,3,0,1,0,2
GENE-4410,NO,1,30,23,38,24,25,26
GENE-4411,NO,1,13603,10400,15033,18652,23553,11579
GENE-4412,NO,1,0,0,0,0,0,0
GENE-4413,NO,1,0,0,0,0,0,0
GENE-4414,NO,1,0,0,0,0,0,0
GENE-4415,NO,1,0,0,0,0,0,0
GENE-4416,NO,1,0,0,0,0,0,0
GENE-4417,NO,1,23,15,31,21,20,34
GENE-4418,NO,1,98,96,110,76,124,137
GENE-4419,NO,1,0,0,0,0,0,0
GENE-4420,NO,1,0,0,0,0,0,0
GENE-4421,NO,1,0,0,0,0,0,0
GENE-4422,NO,1,0,0,0,0,0,0
GENE-4423,NO,1,0,0,0,0,0,0
GENE-4424,NO,1,0,0,0,0,0,0
GENE-4425,NO,1,387,253,268,381,160,169
GENE-4426,YES,1,3,4,1,11,7,7
GENE-4427,YES,1,0,0,0,0,0,0
GENE-4428,NO,1,472,249,107,226,264,217
GENE-4429,NO,1,0,0,0,0,0,0
GENE-4430,NO,1,0,0,0,0,0,0
GENE-4431,NO,1,578,1277,2372,1439,1236,1541
GENE-4432,NO,1,0,0,0,0,0,0
GENE-4433,NO,1,0,0,0,0,0,0
GENE-4434,NO,1,0,0,0,0,0,0
GENE-4435,NO,1,0,0,0,0,0,0
GENE-4436,NO,1,0,0,0,0,0,0
GENE-4437,NO,1,0,0,0,0,0,0
GENE-4438,NO,1,0,0,0,0,0,0
GENE-4439,NO,1,0,0,0,0,0,0
GENE-4440,NO,1,0,0,0,0,0,0
GENE-4441,NO,1,85,107,106,132,104,139
GENE-4442,YES,1,0,0,0,1,0,0
GENE-4443,NO,1,0,0,0,0,0,0
GENE-4444,NO,1,0,0,0,0,0,0
GENE-4445,NO,1,0,0,0,0,0,0
GENE-4446,NO,1,726,677,640,774,650,682
GENE-4447,NO,1,0,0,0,0,0,0
GENE-4448,NO,1,13125,5251,7540,9987,6399,7054
GENE-4449,NO,1,1,1,2,5,3,3
GENE-4450,NO,1,16,17,27,16,12,19
GENE-4451,NO,1,344,379,346,345,343,285
GENE-4452,NO,1,0,0,0,0,0,0
GENE-4453,NO,1,0,0,0,0,0,0
GENE-4454,NO,1,0,0,0,0,0,0
GENE-4455,NO,1,0,0,0,0,0,0
GENE-4456,NO,1,1,0,1,2,2,1
GENE-4457,NO,1,2,3,0,4,1,4
GENE-4458,NO,1,0,0,0,0,0,0
GENE-4459,NO,1,0,0,0,0,0,0
GENE-4460,NO,1,0,0,0,0,0,0
GENE-4461,NO,1,1,0,0,1,1,0
GENE-4462,NO,1,300,214,371,68,167,393
GENE-4463,NO,1,0,0,0,0,0,0
GENE-4464,NO,1,13,15,31,22,18,22
GENE-4465,NO,1,0,0,0,0,0,0
GENE-4466,NO,1,26,19,12,21,12,14
GENE-4467,NO,1,0,0,0,0,0,0
GENE-4468,NO,1,8,11,16,16,14,11
GENE-4469,NO,1,7,6,8,13,7,7
GENE-4470,NO,1,0,0,0,0,0,0
GENE-4471,NO,1,0,0,0,0,0,0
GENE-4472,NO,1,0,0,0,0,0,0
GENE-4473,NO,1,12,8,14,12,13,12
GENE-4474,NO,1,0,0,0,0,0,0
GENE-4475,NO,1,0,0,0,0,0,0
GENE-4476,NO,1,233,242,243,231,245,225
GENE-4477,NO,1,0,0,0,0,0,0
GENE-4478,NO,1,1,3,1,0,1,0
GENE-4479,NO,1,0,0,0,0,0,0
GENE-4480,NO,1,0,0,0,0,0,0
GENE-4481,NO,1,0,0,0,0,0,0
GENE-4482,NO,1,0,0,0,0,0,0
GENE-4483,NO,1,0,0,0,0,0,0
GENE-4484,NO,1,0,0,0,0,0,0
GENE-4485,NO,1,212,231,209,233,254,264
GENE-4486,NO,1,0,0,0,0,0,0
GENE-4487,NO,1,0,0,0,0,0,0
GENE-4488,NO,1,23,22,23,16,28,36
GENE-4489,NO,1,999,1101,935,821,984,937
GENE-4490,NO,1,94,116,115,96,84,85
GENE-4491,NO,1,0,0,0,0,0,0
GENE-4492,NO,1,0,0,0,0,0,0
GENE-4493,NO,1,599,356,554,601,647,528
GENE-4494,NO,1,0,13,2,1,0,0
GENE-4495,NO,1,915,723,1365,845,1459,205
GENE-4496,NO,1,0,0,0,0,0,0
GENE-4497,NO,1,0,0,1,1,0,0
GENE-4498,NO,1,21,30,30,29,21,31
GENE-4499,NO,1,2,3,3,1,1,1
GENE-4500,NO,1,0,0,0,0,0,0
GENE-4501,NO,1,0,0,0,0,0,0
GENE-4502,NO,1,0,0,0,0,0,0
GENE-4503,NO,1,2,1,1,0,1,1
GENE-4504,NO,1,0,0,0,0,0,0
GENE-4505,YES,1,0,0,0,0,0,0
GENE-4506,NO,1,0,0,0,0,0,0
GENE-4507,NO,1,0,0,0,0,0,0
GENE-4509,NO,1,0,0,0,0,0,0
GENE-4510,NO,1,0,0,0,0,0,0
GENE-4511,NO,1,0,1,0,0,2,0
GENE-4512,NO,1,35,26,34,26,23,26
GENE-4513,NO,1,37,23,38,25,33,22
GENE-4514,NO,1,1066,1040,1101,913,1197,1076
GENE-4515,NO,1,0,0,0,0,0,0
GENE-4516,NO,1,0,0,0,0,0,0
GENE-4517,NO,1,0,0,0,0,0,0
GENE-4518,NO,1,0,0,0,1,0,0
GENE-4519,NO,1,0,0,0,0,1,0
GENE-4520,NO,1,1012,1071,1345,920,1398,1112
GENE-4521,NO,1,1039,951,465,1353,1329,315
GENE-4522,NO,1,1785,2537,7088,362,2747,1198
GENE-4523,NO,1,0,0,0,0,0,0
GENE-4524,NO,1,103,88,96,91,109,98
GENE-4525,NO,1,0,0,0,0,0,0
GENE-4526,NO,1,0,0,0,0,0,0
GENE-4527,NO,1,74,87,69,99,84,127
GENE-4528,NO,1,0,0,0,0,0,0
GENE-4529,NO,1,0,0,0,0,0,0
GENE-4530,NO,1,0,0,0,0,0,0
GENE-4531,NO,1,0,0,0,0,0,0
GENE-4532,NO,1,0,0,0,0,0,0
GENE-4533,NO,1,0,0,0,0,0,0
GENE-4534,NO,1,0,0,0,0,0,0
GENE-4535,NO,1,0,0,0,0,0,0
GENE-4536,NO,1,0,0,0,0,0,0
GENE-4537,NO,1,0,0,0,0,0,0
GENE-4538,NO,1,786,515,574,772,650,695
GENE-4539,NO,1,1,0,1,0,1,0
GENE-4540,NO,1,0,0,0,0,0,0
GENE-4541,NO,1,85,87,110,102,92,128
GENE-4542,NO,1,0,0,0,0,0,0
GENE-4543,NO,1,0,0,0,0,0,0
GENE-4544,NO,1,85,75,97,147,97,124
GENE-4545,NO,1,102,77,115,91,95,98
GENE-4546,NO,1,0,0,0,0,0,0
GENE-4547,NO,1,0,0,0,0,0,0
GENE-4548,YES,1,0,0,0,0,0,0
GENE-4549,NO,1,0,0,0,0,0,0
GENE-4550,NO,1,0,0,0,0,0,0
GENE-4551,NO,1,0,0,0,0,0,0
GENE-4552,NO,1,16,12,15,15,15,7
GENE-4553,NO,1,156,121,134,201,136,116
GENE-4554,NO,1,0,0,0,0,0,0
GENE-4555,NO,1,101,128,83,180,91,84
GENE-4557,NO,1,0,0,0,0,0,0
GENE-4558,NO,1,0,0,0,0,0,0
GENE-4559,NO,1,0,0,0,0,0,0
GENE-4560,NO,1,0,0,0,0,0,0
GENE-4561,NO,1,0,0,0,0,0,0
GENE-4562,NO,1,75,70,47,54,72,57
GENE-4563,NO,1,376,469,292,332,330,390
GENE-4564,NO,1,0,0,0,0,0,0
GENE-4565,NO,1,111,126,130,120,116,117
GENE-4566,NO,1,955,18,57,25,192,199
GENE-4567,YES,1,0,0,0,1,0,0
GENE-4568,NO,1,0,0,0,0,0,0
GENE-4569,NO,1,0,0,0,0,0,0
GENE-4570,NO,1,0,0,0,0,0,0
GENE-4571,NO,1,0,0,0,0,0,0
GENE-4572,NO,1,0,0,0,0,0,0
GENE-4573,NO,1,0,0,0,0,0,0
GENE-4574,NO,1,0,0,0,0,0,0
GENE-4575,YES,1,0,0,0,0,0,0
GENE-4576,NO,1,0,0,0,0,0,0
GENE-4577,NO,1,448,295,359,407,472,390
GENE-4578,NO,1,0,0,0,0,0,0
GENE-4579,NO,1,0,0,0,0,0,0
GENE-4580,NO,1,67,55,57,48,66,71
GENE-4581,NO,1,0,0,0,0,0,0
GENE-4582,NO,1,1,2,0,0,1,0
GENE-4583,NO,1,0,0,0,0,0,0
GENE-4584,NO,1,0,0,0,0,0,0
GENE-4585,YES,1,0,0,0,0,0,0
GENE-4586,NO,1,0,0,0,0,0,0
GENE-4587,NO,1,0,0,0,0,0,0
GENE-4588,NO,1,0,0,0,0,0,0
GENE-4589,NO,1,0,0,0,0,0,1
GENE-4590,NO,1,0,0,0,0,0,0
GENE-4591,NO,1,195,149,158,167,186,194
GENE-4592,NO,1,224,198,211,44,194,241
GENE-4593,NO,1,0,0,0,0,0,0
GENE-4594,NO,1,0,0,0,0,0,0
GENE-4595,NO,1,0,0,0,0,0,0
GENE-4596,NO,1,0,0,0,0,0,0
GENE-4597,NO,1,73,74,64,83,142,98
GENE-4598,NO,1,1,1,4,1,0,2
GENE-4599,NO,1,0,0,0,0,0,0
GENE-4600,NO,1,1,0,0,1,0,2
GENE-4601,NO,1,1,5,3,8,7,3
GENE-4602,NO,1,0,0,0,0,0,0
GENE-4603,NO,1,0,0,0,0,0,0
GENE-4604,NO,1,5,36,7,21,6,5
GENE-4605,NO,1,0,0,0,0,0,0
GENE-4606,NO,1,0,0,0,0,0,0
GENE-4607,NO,1,0,0,0,0,0,0
GENE-4608,NO,1,449,406,436,479,480,421
GENE-4609,NO,1,0,0,0,0,0,0
GENE-4610,NO,1,0,0,0,0,0,0
GENE-4611,NO,1,0,0,0,0,0,0
GENE-4612,NO,1,2,7,6,9,3,6
GENE-4614,NO,1,1135,1351,856,942,898,853
GENE-4615,NO,1,0,0,0,0,0,0
GENE-4616,NO,1,3,3,4,3,0,1
GENE-4617,NO,1,0,0,0,0,0,0
GENE-4618,NO,1,82,62,73,134,106,101
GENE-4619,NO,1,0,0,0,0,0,0
GENE-4620,NO,1,32,26,49,38,22,34
GENE-4621,NO,1,0,0,0,0,0,0
GENE-4622,NO,1,0,0,0,0,0,0
GENE-4623,YES,1,0,0,0,0,0,0
GENE-4624,NO,1,0,0,0,0,0,0
GENE-4625,NO,1,0,0,0,0,0,0
GENE-4626,NO,1,0,0,0,0,0,0
GENE-4627,NO,1,2332,1550,2221,1466,1875,1663
GENE-4628,NO,1,36,37,40,38,40,38
GENE-4629,NO,1,0,0,0,0,0,0
GENE-4630,NO,1,115,123,108,132,110,140
GENE-4631,NO,1,117,110,74,93,109,105
GENE-4632,NO,1,0,0,0,0,0,0
GENE-4633,NO,1,0,0,0,0,0,0
GENE-4634,NO,1,0,0,0,1,0,1
GENE-4635,NO,1,0,1,0,0,0,0
GENE-4636,NO,1,0,0,0,0,0,0
GENE-4637,NO,1,205,210,183,225,339,367
GENE-4638,NO,1,302,334,423,183,320,388
GENE-4639,NO,1,0,0,0,0,0,0
GENE-4640,NO,1,174,447,789,461,782,33
GENE-4641,NO,1,0,0,0,0,0,0
GENE-4642,NO,1,0,0,0,0,0,0
GENE-4643,NO,1,3,2,5,5,4,4
GENE-4644,NO,1,0,0,0,0,0,0
GENE-4645,NO,1,0,0,0,0,0,0
GENE-4646,NO,1,0,0,0,0,0,0
GENE-4647,NO,1,0,0,0,0,0,0
GENE-4648,NO,1,0,0,0,0,0,0
GENE-4649,NO,1,0,0,0,0,0,0
GENE-4650,NO,1,23,29,20,23,26,22
GENE-4651,NO,1,278,253,222,372,267,315
GENE-4652,NO,1,4797,4172,5845,5573,5031,5539
GENE-4653,NO,1,0,0,0,0,0,0
GENE-4654,NO,1,5,11,14,7,5,19
GENE-4655,NO,1,0,0,0,0,0,0
GENE-4656,NO,1,4575,4538,4543,4503,4708,4496
GENE-4657,NO,1,0,0,0,0,0,0
GENE-4658,NO,1,78,59,71,49,76,66
GENE-4659,NO,1,0,0,0,0,0,0
GENE-4660,NO,1,0,0,0,0,0,0
GENE-4661,NO,1,0,1,0,0,0,0
GENE-4662,NO,1,0,0,0,0,0,0
GENE-4663,NO,1,141,366,205,183,317,181
GENE-4664,NO,1,34,46,38,42,34,52
GENE-4665,YES,1,0,0,0,0,0,0
GENE-4666,NO,1,0,0,0,0,0,0
GENE-4667,NO,1,0,0,0,0,0,0
GENE-4668,NO,1,0,0,0,0,0,0
GENE-4669,YES,1,0,0,0,0,0,0
GENE-4670,NO,1,0,0,0,0,0,0
GENE-4671,NO,1,0,0,0,0,0,0
GENE-4672,NO,1,50,43,52,43,32,13
GENE-4673,NO,1,0,0,0,0,0,0
GENE-4674,NO,1,0,0,0,0,0,0
GENE-4675,NO,1,0,0,0,0,0,0
GENE-4676,NO,1,3,4,0,7,2,7
GENE-4677,NO,1,355,376,230,324,239,437
GENE-4678,NO,1,0,0,0,0,0,0
GENE-4679,NO,1,0,0,0,0,0,0
GENE-4680,NO,1,0,0,0,0,0,0
GENE-4681,NO,1,0,0,0,0,0,0
GENE-4682,NO,1,0,0,0,0,0,0
GENE-4683,NO,1,0,0,0,0,0,0
GENE-4684,NO,1,0,0,0,0,0,0
GENE-4685,NO,1,0,0,0,0,0,0
GENE-4686,NO,1,0,0,0,0,0,0
GENE-4687,NO,1,1,0,2,0,0,0
GENE-4688,NO,1,0,0,0,0,0,0
GENE-4689,NO,1,0,0,0,0,0,0
GENE-4690,NO,1,0,0,1,0,1,0
GENE-4691,NO,1,0,0,0,0,0,0
GENE-4692,NO,1,9,8,8,13,7,12
GENE-4693,YES,1,3,3,3,0,0,0
GENE-4694,NO,1,0,0,0,1,0,0
GENE-4695,NO,1,0,0,0,0,0,0
GENE-4696,NO,1,435,447,492,406,478,408
GENE-4697,NO,1,42,62,56,45,49,42
GENE-4698,NO,1,0,0,0,0,0,0
GENE-4699,NO,1,0,0,0,0,0,0
GENE-4700,NO,1,0,0,0,0,0,0
GENE-4701,NO,1,0,0,0,0,0,0
GENE-4702,NO,1,10,1,8,8,24,39
GENE-4703,NO,1,0,0,0,0,0,0
GENE-4704,NO,1,0,0,0,0,0,0
GENE-4705,NO,1,0,0,0,0,0,0
GENE-4706,NO,1,0,0,0,0,0,0
GENE-4707,NO,1,0,0,0,0,0,0
GENE-4708,NO,1,0,0,0,0,0,0
GENE-4709,NO,1,10,3,123,26,2,141
GENE-4710,NO,1,128,173,168,132,148,134
GENE-4711,NO,1,6,8,1,4,4,7
GENE-4712,NO,1,12,14,12,14,5,15
GENE-4713,NO,1,4,5,5,12,6,5
GENE-4714,NO,1,126,273,186,164,198,236
GENE-4715,NO,1,0,0,0,0,0,0
GENE-4716,NO,1,0,0,0,0,0,0
GENE-4717,NO,1,0,0,0,0,0,0
GENE-4718,NO,1,0,0,0,0,0,0
GENE-4719,NO,1,0,0,0,0,0,0
GENE-4720,NO,1,0,0,0,0,0,0
GENE-4721,NO,1,0,0,0,0,0,0
GENE-4722,NO,1,0,0,0,0,0,0
GENE-4723,NO,1,3,4,1,0,2,0
GENE-4724,NO,1,0,0,0,0,0,0
GENE-4725,NO,1,0,0,0,0,0,0
GENE-4726,NO,1,0,0,0,0,0,0
GENE-4727,NO,1,84,65,63,72,84,75
GENE-4728,NO,1,0,0,0,0,0,0
GENE-4729,NO,1,0,0,0,0,0,0
GENE-4730,NO,1,0,0,0,0,0,0
GENE-4731,NO,1,241,329,215,288,272,240
GENE-4732,NO,1,2,5,4,2,2,3
GENE-4733,NO,1,0,0,0,0,0,0
GENE-4734,NO,1,0,0,0,0,0,0
GENE-4735,NO,1,162,138,104,132,137,131
GENE-4736,NO,1,67,43,42,37,51,42
GENE-4737,NO,1,97,151,178,177,71,221
GENE-4738,NO,1,0,0,0,0,0,0
GENE-4739,NO,1,0,0,0,0,0,0
GENE-4740,NO,1,0,0,0,0,0,0
GENE-4741,NO,1,0,0,0,0,0,0
GENE-4742,NO,1,0,0,0,0,0,0
GENE-4743,NO,1,0,0,0,0,0,0
GENE-4744,NO,1,0,0,0,0,0,0
GENE-4745,NO,1,0,0,0,0,0,0
GENE-4746,NO,1,0,0,0,0,0,0
GENE-4747,NO,1,0,0,0,0,0,0
GENE-4748,NO,1,0,0,0,0,0,0
GENE-4749,YES,1,25,3,4,3,0,2
GENE-4750,NO,1,198,231,240,179,206,183
GENE-4751,NO,1,19,18,19,14,14,21
GENE-4752,NO,1,0,0,0,0,0,0
GENE-4753,NO,1,150,142,145,117,159,133
GENE-4754,NO,1,0,0,0,0,0,0
GENE-4755,NO,1,0,0,0,0,0,0
GENE-4756,NO,1,6,11,10,13,14,8
GENE-4757,NO,1,2,3,1,1,1,1
GENE-4758,NO,1,0,0,0,0,0,0
GENE-4759,NO,1,0,0,0,0,0,0
GENE-4761,NO,1,0,0,0,0,0,0
GENE-4762,NO,1,0,0,0,0,0,0
GENE-4763,NO,1,0,0,0,0,0,0
GENE-4764,NO,1,0,1,1,0,0,0
GENE-4765,NO,1,0,0,0,1,0,0
GENE-4766,NO,1,504,450,481,462,526,495
GENE-4767,NO,1,0,0,0,0,0,0
GENE-4768,NO,1,0,0,0,0,0,0
GENE-4769,NO,1,0,0,0,0,0,0
GENE-4770,NO,1,12,6,6,8,7,6
GENE-4771,YES,1,0,0,0,0,0,0
GENE-4772,NO,1,42,38,48,36,44,40
GENE-4773,NO,1,0,0,0,0,0,0
GENE-4774,NO,1,0,0,0,1,1,1
GENE-4775,NO,1,0,0,0,0,0,0
GENE-4776,NO,1,0,0,0,0,0,0
GENE-4777,NO,1,0,0,0,0,0,0
GENE-4778,NO,1,14,22,11,16,12,14
GENE-4779,NO,1,16,13,18,26,17,9
GENE-4781,NO,1,0,0,1,1,2,1
GENE-4782,NO,1,0,0,0,0,0,0
GENE-4783,NO,1,5108,1285,2477,3347,1623,2949
GENE-4784,NO,1,0,0,0,0,0,0
GENE-4785,NO,1,0,0,0,0,0,0
GENE-4786,NO,1,0,0,0,0,0,0
GENE-4787,NO,1,0,0,0,0,0,0
GENE-4788,NO,1,0,0,0,0,0,0
GENE-4789,NO,1,0,0,0,0,0,0
GENE-4790,NO,1,89,64,80,68,59,57
GENE-4791,NO,1,0,0,0,0,0,0
GENE-4792,NO,1,118,123,143,105,133,106
GENE-4793,NO,1,0,0,0,0,0,0
GENE-4794,NO,1,0,0,0,0,0,0
GENE-4795,NO,1,7,11,3,6,13,8
GENE-4796,NO,1,365,372,382,366,388,319
GENE-4797,NO,1,0,0,0,0,0,0
GENE-4798,NO,1,0,0,0,0,0,0
GENE-4799,NO,1,0,0,0,0,0,0
GENE-4800,NO,1,0,0,0,0,0,0
GENE-4801,NO,1,0,0,0,0,0,0
GENE-4803,YES,1,0,0,0,0,0,0
GENE-4804,NO,1,193,187,183,193,165,158
GENE-4805,NO,1,0,0,0,0,0,0
GENE-4806,NO,1,29,28,24,20,29,19
GENE-4807,NO,1,0,0,0,0,0,0
GENE-4808,NO,1,0,0,0,0,0,0
GENE-4809,NO,1,0,0,0,1,0,2
GENE-4810,NO,1,0,0,0,0,0,0
GENE-4811,NO,1,0,0,0,0,0,0
GENE-4812,NO,1,0,0,0,0,0,0
GENE-4813,NO,1,3762,3517,3311,3315,3320,4152
GENE-4814,NO,1,100,81,81,52,60,67
GENE-4815,NO,1,68,79,90,55,83,45
GENE-4816,NO,1,11,4,5,7,5,10
GENE-4817,NO,1,0,0,0,0,0,0
GENE-4818,NO,1,10,7,14,0,0,11
GENE-4819,NO,1,6,17,14,6,14,6
GENE-4820,YES,1,0,0,0,0,0,0
GENE-4821,NO,1,353,349,344,439,368,382
GENE-4822,NO,1,1,0,0,0,0,1
GENE-4823,NO,1,0,0,0,0,0,0
GENE-4824,NO,1,0,0,0,0,0,0
GENE-4825,NO,1,76,57,78,48,42,58
GENE-4826,NO,1,0,0,0,0,0,0
GENE-4827,NO,1,0,0,0,0,0,0
GENE-4828,NO,1,615,499,549,601,586,491
GENE-4829,NO,1,0,0,0,0,0,0
GENE-4830,NO,1,28,41,38,24,32,24
GENE-4831,NO,1,0,0,0,0,0,0
GENE-4832,NO,1,0,0,0,0,0,0
GENE-4833,NO,1,4787,5312,6070,6396,4641,6311
GENE-4834,NO,1,0,0,0,0,0,0
GENE-4835,NO,1,19,19,16,20,16,28
GENE-4836,NO,1,0,0,0,0,0,0
GENE-4837,NO,1,590,880,571,517,795,606
GENE-4838,NO,1,0,0,0,0,0,0
GENE-4839,NO,1,0,0,0,0,0,0
GENE-4840,NO,1,0,0,0,0,0,0
GENE-4841,NO,1,1574,1981,1272,1484,1717,1021
GENE-4842,NO,1,3,5,6,9,5,10
GENE-4843,NO,1,0,0,0,0,0,0
GENE-4844,NO,1,0,0,0,0,0,0
GENE-4845,NO,1,0,0,0,0,0,0
GENE-4846,NO,1,36,35,31,37,24,52
GENE-4847,NO,1,0,0,0,0,0,0
GENE-4848,NO,1,0,0,0,0,0,0
GENE-4849,NO,1,0,0,0,0,0,0
GENE-4850,NO,1,0,0,0,0,0,0
GENE-4851,NO,1,0,0,0,0,0,0
GENE-4852,NO,1,0,0,0,0,0,0
GENE-4853,NO,1,0,0,0,0,0,0
GENE-4854,NO,1,0,0,0,0,0,0
GENE-4855,NO,1,0,0,0,0,0,0
GENE-4856,NO,1,0,0,0,0,0,0
GENE-4858,NO,1,1167,822,93,1127,35,0
GENE-4859,NO,1,0,0,0,0,0,0
GENE-4860,NO,1,0,0,0,0,0,0
GENE-4861,NO,1,15,12,16,16,12,16
GENE-4862,NO,1,46,52,72,48,73,28
GENE-4863,NO,1,0,0,0,0,0,0
GENE-4864,NO,1,0,0,0,0,0,0
GENE-4865,NO,1,8,16,17,14,19,11
GENE-4866,NO,1,0,0,0,0,0,0
GENE-4867,NO,1,0,0,0,0,0,0
GENE-4868,NO,1,0,0,0,0,0,0
GENE-4869,NO,1,0,0,0,0,0,0
GENE-4870,NO,1,0,0,0,0,0,0
GENE-4871,NO,1,0,0,0,0,0,0
GENE-4872,NO,1,0,0,0,0,0,0
GENE-4873,NO,1,0,0,0,0,0,0
GENE-4874,NO,1,4,0,4,7,8,1
GENE-4875,NO,1,0,0,0,0,0,0
GENE-4876,NO,1,19,15,23,31,21,37
GENE-4877,NO,1,497,550,463,566,473,514
GENE-4878,NO,1,0,0,0,0,0,0
GENE-4879,NO,1,0,0,0,0,0,0
GENE-4880,NO,1,0,0,0,0,0,0
GENE-4881,NO,1,0,0,0,0,0,0
GENE-4882,NO,1,0,0,0,0,0,0
GENE-4883,NO,1,0,0,0,0,0,0
GENE-4884,NO,1,0,0,0,0,0,0
GENE-4885,NO,1,116,64,80,84,110,77
GENE-4886,NO,1,0,0,0,0,0,0
GENE-4887,NO,1,0,0,0,0,0,0
GENE-4888,NO,1,0,0,0,0,0,0
GENE-4889,NO,1,0,0,0,0,0,0
GENE-4890,YES,1,0,0,0,0,0,0
GENE-4891,NO,1,2,44,43,101,16,6
GENE-4892,NO,1,0,0,0,0,0,0
GENE-4893,NO,1,0,0,0,0,0,0
GENE-4894,NO,1,0,0,0,0,0,0
GENE-4895,NO,1,6,6,8,2,6,8
GENE-4896,YES,1,0,0,0,0,0,0
GENE-4897,NO,1,0,0,0,0,0,0
GENE-4898,NO,1,0,0,0,0,0,0
GENE-4899,NO,1,0,0,1,0,0,0
GENE-4900,NO,1,0,0,0,0,0,0
GENE-4901,NO,1,0,0,0,0,0,0
GENE-4902,NO,1,0,0,0,0,0,0
GENE-4903,NO,1,2,13,2,19,253,0
GENE-4904,NO,1,0,0,0,0,0,0
GENE-4905,NO,1,0,0,0,0,0,0
GENE-4906,NO,1,0,0,0,0,0,0
GENE-4907,NO,1,0,0,0,0,0,0
GENE-4908,NO,1,6,10,10,6,9,12
GENE-4909,NO,1,0,0,0,0,0,0
GENE-4910,NO,1,216,219,202,147,155,165
GENE-4911,NO,1,0,0,0,0,0,0
GENE-4912,NO,1,0,0,0,0,0,0
GENE-4913,NO,1,23,21,37,25,32,28
GENE-4914,NO,1,0,0,0,0,0,0
GENE-4915,NO,1,52,55,77,78,63,45
GENE-4916,NO,1,0,0,0,0,0,0
GENE-4917,NO,1,0,0,0,0,0,0
GENE-4918,NO,1,0,0,0,0,0,0
GENE-4919,NO,1,0,0,0,0,0,0
GENE-4920,NO,1,0,0,0,0,0,0
GENE-4921,NO,1,0,0,0,0,0,0
GENE-4922,NO,1,6,5,4,3,5,2
GENE-4923,NO,1,0,0,0,0,0,0
GENE-4924,NO,1,7,8,9,10,5,7
GENE-4925,NO,1,56,53,62,64,62,53
GENE-4926,NO,1,0,0,0,0,0,0
GENE-4927,NO,1,1,4,3,1,3,1
GENE-4928,NO,1,1075,1199,1253,1061,1163,1315
GENE-4929,NO,1,0,0,0,0,0,0
GENE-4930,NO,1,0,0,0,0,0,0
GENE-4931,NO,1,17,4,7,5,3,7
GENE-4932,NO,1,0,0,0,0,0,0
GENE-4933,NO,1,375,303,416,392,397,557
GENE-4934,NO,1,0,0,0,0,0,0
GENE-4935,NO,1,0,0,0,0,0,0
GENE-4936,NO,1,0,0,0,0,0,0
GENE-4937,NO,1,0,0,0,0,0,0
GENE-4938,NO,1,0,0,0,0,0,0
GENE-4939,NO,1,3,4,0,0,0,1
GENE-4940,NO,1,0,0,0,0,0,0
GENE-4941,NO,1,0,0,0,0,0,0
GENE-4942,NO,1,313,263,343,215,226,278
GENE-4943,NO,1,73,69,62,101,82,48
GENE-4944,NO,1,0,0,0,0,0,0
GENE-4945,NO,1,0,0,0,0,0,0
GENE-4946,NO,1,0,0,0,0,0,0
GENE-4947,NO,1,57,50,49,64,61,78
GENE-4948,NO,1,0,0,0,0,0,0
GENE-4949,NO,1,0,0,0,0,0,0
GENE-4950,NO,1,0,0,0,0,0,0
GENE-4951,NO,1,90,97,139,181,62,104
GENE-4952,NO,1,0,0,0,0,0,0
GENE-4953,NO,1,0,0,0,0,0,0
GENE-4954,NO,1,2096,1881,1373,1314,1419,1956
GENE-4955,NO,1,310,735,490,358,892,795
GENE-4957,NO,1,0,0,0,0,0,0
GENE-4958,NO,1,0,0,0,0,0,0
GENE-4959,NO,1,0,0,0,0,0,0
GENE-4960,NO,1,0,0,0,0,0,0
GENE-4961,YES,1,0,0,0,0,0,0
GENE-4962,NO,1,0,0,0,0,0,0
GENE-4963,NO,1,0,0,0,0,0,0
GENE-4964,NO,1,0,0,0,0,0,0
GENE-4965,NO,1,52,60,30,61,53,44
GENE-4966,NO,1,26,35,22,17,33,19
GENE-4967,NO,1,0,2,0,2,1,3
GENE-4968,NO,1,0,0,0,0,0,0
GENE-4969,NO,1,0,0,0,0,0,0
GENE-4970,NO,1,60,77,71,73,71,63
GENE-4971,NO,1,0,0,0,0,0,0
GENE-4972,NO,1,0,0,0,0,0,0
GENE-4973,NO,1,0,0,0,0,0,0
GENE-4974,NO,1,0,0,0,0,0,0
GENE-4975,NO,1,0,0,0,1,0,0
GENE-4976,NO,1,0,0,0,0,0,0
GENE-4977,NO,1,0,0,0,0,0,0
GENE-4978,NO,1,0,0,0,0,0,0
GENE-4979,NO,1,0,0,0,0,0,1
GENE-4980,NO,1,760,524,650,783,697,627
GENE-4981,NO,1,0,0,0,0,0,0
GENE-4982,NO,1,0,0,0,0,0,0
GENE-4983,NO,1,0,0,0,0,0,0
GENE-4984,NO,1,107,126,176,127,112,157
GENE-4985,NO,1,0,0,0,0,0,0
GENE-4986,NO,1,0,0,0,0,0,0
GENE-4987,NO,1,0,0,0,0,0,0
GENE-4988,NO,1,0,0,0,0,0,0
GENE-4989,NO,1,0,0,0,0,0,0
GENE-4990,YES,1,0,0,0,0,0,0
GENE-4991,NO,1,8,15,17,14,17,12
GENE-4992,NO,1,56,33,42,44,44,57
GENE-4993,NO,1,0,0,0,0,0,0
GENE-4994,NO,1,28,50,40,56,35,27
GENE-4995,NO,1,0,0,0,0,0,0
GENE-4996,NO,1,47,64,52,53,41,54
GENE-4997,NO,1,0,0,0,0,0,0
GENE-4998,NO,1,0,0,2,0,1,2
GENE-4999,NO,1,0,0,0,0,0,0
GENE-5000,NO,1,0,0,0,0,0,0
GENE-5001,NO,1,20,7,14,8,9,6
GENE-5002,NO,1,0,0,0,0,0,0
GENE-5003,NO,1,0,0,0,0,0,0
GENE-5004,NO,1,2883,3602,7396,4447,5648,6533
GENE-5005,NO,1,0,0,0,0,0,0
GENE-5006,NO,1,24,21,17,16,20,18
GENE-5007,YES,1,0,0,0,0,0,0
GENE-5008,NO,1,0,0,0,0,0,0
GENE-5009,NO,1,3,0,0,2,1,5
GENE-5010,NO,1,0,0,0,0,0,0
GENE-5011,NO,1,0,0,0,0,0,0
GENE-5012,NO,1,0,0,0,0,0,0
GENE-5013,NO,1,0,0,0,0,0,0
GENE-5014,NO,1,14,6,6,7,6,12
GENE-5015,NO,1,26,19,16,23,29,18
GENE-5016,NO,1,2,1,2,2,1,0
GENE-5017,NO,1,0,0,0,0,0,0
GENE-5018,NO,1,1,2,0,0,4,3
GENE-5019,NO,1,18,48,37,32,40,27
GENE-5020,NO,1,0,0,0,0,0,0
GENE-5021,NO,1,0,0,0,0,0,0
GENE-5022,NO,1,0,0,0,0,0,0
GENE-5023,NO,1,0,0,0,0,0,0
GENE-5024,NO,1,2,1,1,1,4,1
GENE-5025,NO,1,0,0,0,0,0,0
GENE-5026,NO,1,0,0,0,0,0,0
GENE-5027,NO,1,0,0,0,0,0,0
GENE-5028,NO,1,0,1,0,0,1,1
GENE-5029,NO,1,0,0,0,0,0,0
GENE-5030,NO,1,0,0,0,0,0,0
GENE-5031,NO,1,0,0,1,1,1,0
GENE-5032,NO,1,0,0,2,0,1,0
GENE-5033,NO,1,17,23,29,32,28,38
GENE-5034,NO,1,0,0,0,0,0,0
GENE-5035,NO,1,0,0,0,0,0,0
GENE-5036,NO,1,10,6,10,14,8,6
GENE-5037,NO,1,0,0,0,0,0,0
GENE-5038,NO,1,0,0,0,0,0,0
GENE-5039,NO,1,0,0,0,0,0,0
GENE-5040,NO,1,0,0,0,0,0,0
GENE-5041,NO,1,0,0,0,0,0,0
GENE-5042,NO,1,0,0,0,0,0,0
GENE-5043,NO,1,0,0,0,0,0,0
GENE-5044,NO,1,20,32,28,23,19,25
GENE-5045,NO,1,1,0,0,0,0,0
GENE-5046,NO,1,0,0,0,0,0,0
GENE-5047,NO,1,9,6,8,10,7,6
GENE-5048,NO,1,1,0,3,2,4,2
GENE-5049,NO,1,0,0,0,0,0,0
GENE-5050,NO,1,0,0,0,0,0,0
GENE-5051,NO,1,1,0,1,0,0,1
GENE-5052,YES,1,0,0,0,0,0,0
GENE-5053,NO,1,1,5,3,1,2,0
GENE-5054,NO,1,0,0,0,0,0,0
GENE-5055,NO,1,19,20,22,12,13,20
GENE-5056,NO,1,0,0,0,0,0,0
GENE-5057,NO,1,0,0,0,0,0,0
GENE-5058,NO,1,0,0,1,0,2,1
GENE-5059,NO,1,0,0,0,0,0,0
GENE-5060,NO,1,20,27,33,23,34,19
GENE-5061,NO,1,6,13,12,10,8,7
GENE-5062,NO,1,0,0,0,0,0,0
GENE-5063,NO,1,0,0,0,0,0,0
GENE-5064,NO,1,0,0,0,0,0,0
GENE-5065,NO,1,2,2,0,2,3,0
GENE-5066,NO,1,0,0,0,0,0,0
GENE-5067,NO,1,22,26,21,17,15,26
GENE-5068,NO,1,0,0,0,0,0,0
GENE-5069,NO,1,0,0,0,0,0,0
GENE-5070,NO,1,71,55,47,59,69,76
GENE-5071,YES,1,0,0,0,0,0,0
GENE-5072,NO,1,0,0,0,0,0,0
GENE-5073,NO,1,0,0,0,0,0,0
GENE-5074,NO,1,0,0,0,0,0,0
GENE-5075,NO,1,15,11,7,11,15,6
GENE-5076,NO,1,0,0,0,0,0,0
GENE-5077,NO,1,0,0,0,0,0,0
GENE-5078,NO,1,0,0,0,0,0,0
GENE-5079,NO,1,0,0,0,0,0,0
GENE-5080,NO,1,0,0,0,0,0,0
GENE-5081,NO,1,0,0,0,0,0,0
GENE-5082,NO,1,0,0,0,0,0,0
GENE-5084,NO,1,0,0,0,0,0,0
GENE-5085,NO,1,0,0,0,0,0,0
GENE-5086,NO,1,0,0,0,0,0,0
GENE-5087,NO,1,431,447,407,426,406,322
GENE-5088,NO,1,0,0,0,0,0,0
GENE-5089,NO,1,0,0,0,0,0,0
GENE-5090,NO,1,0,0,0,0,0,0
GENE-5091,NO,1,38,39,44,45,46,57
GENE-5092,NO,1,0,0,0,0,0,0
GENE-5093,NO,1,767,800,438,623,352,873
GENE-5094,NO,1,67115,71219,57553,53773,70596,58529
GENE-5095,NO,1,32,41,56,53,52,47
GENE-5096,NO,1,0,0,0,0,0,0
GENE-5097,NO,1,0,0,0,0,0,0
GENE-5098,NO,1,0,0,0,0,0,0
GENE-5099,NO,1,800,767,584,645,756,662
GENE-5100,NO,1,0,0,0,0,0,0
GENE-5101,NO,1,0,0,0,0,0,0
GENE-5102,NO,1,0,0,0,0,0,0
GENE-5103,NO,1,0,0,0,0,0,0
GENE-5104,NO,1,9,3,11,6,16,8
GENE-5105,NO,1,0,0,0,0,0,0
GENE-5106,NO,1,0,0,0,0,0,0
GENE-5107,NO,1,0,0,0,0,0,0
GENE-5108,NO,1,27,44,16,29,13,32
GENE-5109,NO,1,22,18,14,32,19,30
GENE-5110,NO,1,187,174,176,167,186,170
GENE-5111,NO,1,0,0,0,0,0,0
GENE-5112,NO,1,1121,1287,1255,1451,1280,1110
GENE-5113,NO,1,55,55,74,73,34,60
GENE-5114,YES,1,0,0,0,0,0,0
GENE-5115,NO,1,0,0,0,0,0,0
GENE-5116,NO,1,0,0,0,0,0,0
GENE-5117,NO,1,0,0,0,0,0,0
GENE-5118,NO,1,0,0,0,0,0,0
GENE-5119,NO,1,0,0,0,0,0,0
GENE-5120,NO,1,4,6,13,14,5,9
GENE-5121,NO,1,0,0,0,0,0,0
GENE-5122,NO,1,0,1,0,0,0,0
GENE-5123,NO,1,0,0,0,0,0,0
GENE-5124,NO,1,0,0,0,0,0,0
GENE-5125,NO,1,0,0,0,0,0,0
GENE-5126,NO,1,0,0,0,0,0,0
GENE-5127,NO,1,0,0,0,0,0,0
GENE-5128,NO,1,0,0,0,0,0,0
GENE-5129,NO,1,0,0,0,0,0,0
GENE-5130,NO,1,0,0,0,0,0,0
GENE-5131,NO,1,0,0,0,0,0,0
GENE-5132,NO,1,0,0,0,0,0,0
GENE-5133,NO,1,0,0,0,0,0,0
GENE-5134,NO,1,37,29,31,41,34,29
GENE-5135,NO,1,0,0,0,0,0,0
GENE-5136,NO,1,4,7,8,7,11,8
GENE-5137,NO,1,0,0,0,0,0,0
GENE-5138,NO,1,0,0,0,0,0,0
GENE-5139,NO,1,0,0,0,0,0,0
GENE-5140,NO,1,1,0,0,0,0,1
GENE-5141,NO,1,0,0,0,0,0,0
GENE-5142,NO,1,0,0,0,0,0,0
GENE-5143,NO,1,1369,1468,1295,1330,1187,1254
GENE-5144,NO,1,0,0,0,0,0,0
GENE-5145,NO,1,0,0,0,0,1,1
GENE-5146,NO,1,0,0,0,0,0,0
GENE-5147,NO,1,0,0,0,0,0,0
GENE-5148,NO,1,0,1,0,1,0,0
GENE-5149,NO,1,0,0,0,0,0,0
GENE-5150,NO,1,41,37,41,27,30,35
GENE-5151,NO,1,0,0,0,0,0,0
GENE-5152,NO,1,15,21,19,32,13,17
GENE-5153,NO,1,0,0,0,0,0,0
GENE-5154,NO,1,0,0,0,0,0,0
GENE-5155,NO,1,0,0,0,0,0,0
GENE-5156,NO,1,0,0,0,0,0,0
GENE-5157,NO,1,180,414,336,275,368,321
GENE-5158,NO,1,0,0,0,0,0,0
GENE-5159,NO,1,0,0,0,0,0,0
GENE-5160,NO,1,26,37,32,27,32,40
GENE-5161,NO,1,0,0,0,0,0,0
GENE-5162,NO,1,0,0,0,0,0,0
GENE-5163,NO,1,1,1,3,0,3,0
GENE-5164,NO,1,0,0,0,0,0,0
GENE-5165,NO,1,0,0,0,0,0,0
GENE-5166,NO,1,99,97,117,63,103,46
GENE-5167,NO,1,108,101,102,130,101,123
GENE-5168,NO,1,0,0,0,0,0,0
GENE-5169,YES,1,0,0,0,0,0,1
GENE-5170,YES,1,0,0,0,0,0,0
GENE-5171,NO,1,0,0,0,0,0,0
GENE-5172,NO,1,22,28,37,39,29,33
GENE-5173,NO,1,44,64,62,55,45,91
GENE-5174,NO,1,41,26,21,43,26,38
GENE-5175,NO,1,0,0,0,0,0,0
GENE-5176,NO,1,0,0,0,0,0,0
GENE-5177,NO,1,0,0,0,0,0,0
GENE-5178,NO,1,3,6,6,5,10,6
GENE-5179,NO,1,0,0,0,0,0,0
GENE-5180,NO,1,0,0,0,0,0,0
GENE-5181,NO,1,0,0,0,0,0,0
GENE-5182,NO,1,28,38,17,37,54,31
GENE-5183,NO,1,346,265,324,271,313,190
GENE-5184,NO,1,0,0,0,0,0,0
GENE-5185,NO,1,8,3,2,8,15,2
GENE-5186,NO,1,0,0,0,0,0,0
GENE-5187,NO,1,0,0,0,0,0,0
GENE-5188,NO,1,0,0,0,0,0,0
GENE-5189,NO,1,45,50,49,62,22,34
GENE-5191,NO,1,0,0,0,0,0,0
GENE-5192,NO,1,0,0,0,0,0,0
GENE-5193,NO,1,101,142,166,92,180,127
GENE-5194,NO,1,0,0,0,0,0,0
GENE-5195,YES,1,2,0,0,2,0,1
GENE-5196,NO,1,0,0,0,0,0,0
GENE-5197,NO,1,0,0,0,0,0,0
GENE-5198,NO,1,0,0,0,0,0,0
GENE-5199,NO,1,0,0,0,0,0,0
GENE-5200,NO,1,0,0,0,0,0,0
GENE-5201,NO,1,0,0,0,0,0,0
GENE-5202,NO,1,0,0,0,0,0,0
GENE-5203,NO,1,0,0,0,0,0,0
GENE-5204,NO,1,0,0,0,0,0,0
GENE-5205,NO,1,0,0,0,0,0,0
GENE-5206,NO,1,0,0,0,0,0,0
GENE-5207,NO,1,0,0,0,0,0,0
GENE-5208,NO,1,0,0,0,0,0,0
GENE-5209,YES,1,0,0,0,0,0,2
GENE-5210,NO,1,0,0,0,1,0,0
GENE-5211,NO,1,7,3,8,8,10,5
GENE-5212,NO,1,0,0,0,0,0,0
GENE-5213,NO,1,0,0,0,0,0,0
GENE-5214,NO,1,0,1,0,0,0,0
GENE-5215,NO,1,0,0,0,0,0,0
GENE-5216,NO,1,0,0,0,0,0,0
GENE-5217,NO,1,0,0,0,0,0,0
GENE-5218,NO,1,0,0,0,0,0,0
GENE-5219,NO,1,0,0,0,0,0,0
GENE-5220,NO,1,0,0,0,0,0,0
GENE-5221,NO,1,1,1,0,0,0,3
GENE-5222,NO,1,0,0,1,0,2,0
GENE-5223,NO,1,45,249,24,347,40,150
GENE-5224,YES,1,0,0,0,0,0,0
GENE-5225,NO,1,2,0,1,0,1,0
GENE-5226,NO,1,3,1,0,0,2,1
GENE-5227,NO,1,0,0,0,0,0,0
GENE-5228,NO,1,0,0,0,0,0,0
GENE-5229,NO,1,3,0,1,1,0,1
GENE-5230,NO,1,30,42,19,41,35,37
GENE-5232,NO,1,0,0,0,0,0,0
GENE-5233,YES,1,0,0,0,0,0,0
GENE-5234,NO,1,0,0,0,0,0,0
GENE-5235,NO,1,0,0,1,0,0,0
GENE-5236,YES,1,0,0,0,0,0,0
GENE-5237,NO,1,665,857,572,639,682,794
GENE-5238,NO,1,0,0,0,0,0,0
GENE-5239,NO,1,0,0,0,0,0,0
GENE-5240,NO,1,0,0,0,0,0,0
GENE-5241,NO,1,0,0,0,0,0,0
GENE-5242,NO,1,0,0,0,0,0,0
GENE-5243,NO,1,0,0,0,0,0,0
GENE-5244,NO,1,0,0,0,0,0,0
GENE-5245,NO,1,0,0,0,0,0,0
GENE-5246,YES,1,0,0,0,0,0,0
GENE-5247,NO,1,0,0,0,0,0,0
GENE-5248,NO,1,28,29,17,30,16,28
GENE-5249,NO,1,0,0,0,0,0,0
GENE-5251,NO,1,111,83,43,26,69,90
GENE-5252,NO,1,0,0,0,0,0,0
GENE-5253,NO,1,0,0,0,0,0,0
GENE-5254,NO,1,4,4,1,1,4,3
GENE-5255,NO,1,18,16,46,16,29,25
GENE-5256,NO,1,0,0,0,0,0,0
GENE-5257,NO,1,0,0,0,0,0,0
GENE-5258,NO,1,0,0,0,0,0,0
GENE-5259,NO,1,132,82,96,86,104,107
GENE-5260,NO,1,0,0,0,0,0,0
GENE-5261,NO,1,1016,1569,1501,1329,1387,1105
GENE-5262,NO,1,29,90,63,57,31,44
GENE-5263,NO,1,461,202,301,131,22,112
GENE-5264,NO,1,0,0,0,0,0,0
GENE-5265,NO,1,0,0,0,0,0,0
GENE-5266,NO,1,0,0,0,0,0,0
GENE-5267,NO,1,306,231,171,253,178,131
GENE-5268,NO,1,0,0,0,0,0,0
GENE-5269,NO,1,0,0,0,0,0,0
GENE-5270,NO,1,60,61,59,75,70,56
GENE-5271,NO,1,1,2,3,0,0,1
GENE-5272,NO,1,0,0,0,0,0,0
GENE-5274,NO,1,26,29,27,28,25,17
GENE-5275,NO,1,0,0,0,0,0,0
GENE-5276,NO,1,153,157,230,307,257,381
GENE-5277,NO,1,0,0,0,0,0,0
GENE-5278,NO,1,6,11,11,11,12,8
GENE-5279,NO,1,0,0,0,0,0,0
GENE-5280,NO,1,0,0,0,0,0,0
GENE-5281,NO,1,0,0,0,0,0,0
GENE-5282,NO,1,0,0,0,0,0,0
GENE-5283,NO,1,0,0,0,0,0,0
GENE-5284,NO,1,0,0,0,0,0,0
GENE-5285,NO,1,0,0,0,0,0,0
GENE-5286,NO,1,0,0,0,0,0,0
GENE-5287,NO,1,0,0,0,0,0,0
GENE-5288,NO,1,14,21,11,22,19,11
GENE-5289,NO,1,0,0,0,0,0,0
GENE-5290,NO,1,0,0,0,0,0,0
GENE-5291,NO,1,0,0,0,0,0,0
GENE-5292,NO,1,0,0,0,1,2,0
GENE-5293,NO,1,0,0,0,0,0,0
GENE-5294,NO,1,7878,8249,9652,5454,6870,7143
GENE-5295,NO,1,0,0,0,0,0,0
GENE-5296,NO,1,0,0,0,0,0,0
GENE-5297,NO,1,0,0,0,0,0,0
GENE-5298,NO,1,0,0,0,0,0,0
GENE-5299,NO,1,0,0,0,0,0,0
GENE-5300,NO,1,0,0,0,0,0,0
GENE-5301,NO,1,0,0,0,0,0,0
GENE-5302,NO,1,0,0,0,0,0,0
GENE-5303,NO,1,0,0,0,0,0,0
GENE-5304,NO,1,7,3,5,2,5,4
GENE-5305,NO,1,0,0,0,0,0,0
GENE-5306,NO,1,3,6,7,5,6,9
GENE-5307,NO,1,0,0,0,0,0,0
GENE-5308,NO,1,1,7,5,7,5,6
GENE-5309,NO,1,885,1069,889,821,821,918
GENE-5310,NO,1,0,0,0,0,0,0
GENE-5311,NO,1,0,0,0,0,0,0
GENE-5312,NO,1,0,0,1,0,0,0
GENE-5313,NO,1,0,0,0,0,0,0
GENE-5314,NO,1,0,0,0,0,0,0
GENE-5315,NO,1,0,0,0,0,0,0
GENE-5316,NO,1,0,0,0,0,0,0
GENE-5317,NO,1,0,0,0,0,0,0
GENE-5318,NO,1,0,0,0,0,0,2
GENE-5319,NO,1,0,0,0,0,0,0
GENE-5320,NO,1,0,0,0,0,0,0
GENE-5321,NO,1,0,0,0,0,0,0
GENE-5322,NO,1,0,0,0,0,0,0
GENE-5323,NO,1,0,0,0,0,0,0
GENE-5324,NO,1,0,0,0,0,0,0
GENE-5325,NO,1,0,0,0,0,0,0
GENE-5326,NO,1,44,49,35,34,46,48
GENE-5327,NO,1,0,0,0,0,0,0
GENE-5328,NO,1,0,0,0,0,0,0
GENE-5329,NO,1,0,0,0,0,0,0
GENE-5330,NO,1,0,0,0,0,0,0
GENE-5331,NO,1,20,38,21,23,33,27
GENE-5332,NO,1,340,355,377,369,419,388
GENE-5333,NO,1,0,0,0,0,0,0
GENE-5334,NO,1,0,0,0,0,0,0
GENE-5335,YES,1,0,0,0,0,0,0
GENE-5336,NO,1,0,0,0,0,0,0
GENE-5337,NO,1,1,2,1,1,0,2
GENE-5338,NO,1,0,0,0,0,0,0
GENE-5339,NO,1,1,0,0,0,0,0
GENE-5340,NO,1,571,665,616,599,713,551
GENE-5341,NO,1,45,334,219,243,121,106
GENE-5342,NO,1,0,0,0,0,0,0
GENE-5343,NO,1,200,329,113,111,178,387
GENE-5344,NO,1,2,3,0,0,0,1
GENE-5345,NO,1,0,0,0,0,0,0
GENE-5346,NO,1,0,0,0,0,0,0
GENE-5347,NO,1,0,0,0,0,0,0
GENE-5348,NO,1,0,0,0,0,0,0
GENE-5349,NO,1,0,0,0,0,0,0
GENE-5350,NO,1,4,0,0,1,0,1
GENE-5351,NO,1,7,7,6,11,4,9
GENE-5352,NO,1,0,0,0,0,0,0
GENE-5353,NO,1,2,0,1,0,2,0
GENE-5354,NO,1,0,0,0,0,0,0
GENE-5355,NO,1,260,263,222,209,289,226
GENE-5356,NO,1,82,85,90,86,115,75
GENE-5357,NO,1,0,0,0,0,0,0
GENE-5358,NO,1,0,0,0,0,0,0
GENE-5359,NO,1,0,0,0,0,0,0
GENE-5360,NO,1,460,367,378,394,341,340
GENE-5361,NO,1,0,0,0,0,0,0
GENE-5362,NO,1,0,0,0,0,0,0
GENE-5363,NO,1,14,21,11,15,11,18
GENE-5364,YES,1,0,0,0,0,0,0
GENE-5365,NO,1,0,0,0,0,0,0
GENE-5366,NO,1,0,0,0,0,0,0
GENE-5367,NO,1,0,0,0,0,0,0
GENE-5368,NO,1,0,0,0,0,0,0
GENE-5369,NO,1,2679,2357,2066,1379,2079,1720
GENE-5370,NO,1,0,0,0,0,0,0
GENE-5371,NO,1,0,0,0,0,0,0
GENE-5372,NO,1,0,0,0,0,0,0
GENE-5373,NO,1,0,0,0,0,0,0
GENE-5374,NO,1,0,0,0,0,0,0
GENE-5375,NO,1,0,0,0,0,0,0
GENE-5376,NO,1,0,0,0,0,0,0
GENE-5377,NO,1,0,0,0,0,0,0
GENE-5378,NO,1,0,0,0,0,0,0
GENE-5379,NO,1,0,0,0,0,0,0
GENE-5380,NO,1,0,0,0,0,0,0
GENE-5381,NO,1,0,0,1,0,1,0
GENE-5382,YES,1,0,0,0,0,0,0
GENE-5383,NO,1,0,0,0,0,0,0
GENE-5384,NO,1,0,0,0,0,0,0
GENE-5385,NO,1,0,0,0,0,0,0
GENE-5386,NO,1,919,969,1211,949,1052,895
GENE-5387,NO,1,0,0,0,0,0,0
GENE-5388,NO,1,0,0,0,0,0,0
GENE-5389,NO,1,0,0,0,0,0,0
GENE-5390,NO,1,0,0,0,0,0,0
GENE-5391,NO,1,0,0,0,0,0,0
GENE-5392,NO,1,0,0,0,0,0,0
GENE-5394,NO,1,0,0,0,0,0,0
GENE-5395,NO,1,0,0,0,0,0,0
GENE-5396,NO,1,46,45,36,46,47,47
GENE-5397,NO,1,0,0,0,0,0,0
GENE-5398,NO,1,0,0,1,1,1,0
GENE-5399,NO,1,1,1,1,3,1,2
GENE-5400,NO,1,0,0,0,0,0,0
GENE-5401,NO,1,1404,770,1206,1397,901,1037
GENE-5402,NO,1,0,0,0,0,0,0
GENE-5403,NO,1,0,0,0,0,0,0
GENE-5404,NO,1,15,14,18,13,18,12
GENE-5405,NO,1,0,0,0,0,0,0
GENE-5406,NO,1,2,1,1,0,3,2
GENE-5407,NO,1,0,0,0,0,0,0
GENE-5408,NO,1,5,2,3,3,2,5
GENE-5409,NO,1,0,0,0,0,0,0
GENE-5410,NO,1,0,0,0,0,0,0
GENE-5411,NO,1,0,0,0,0,0,0
GENE-5412,NO,1,0,0,0,0,0,0
GENE-5413,NO,1,0,0,0,0,0,0
GENE-5414,NO,1,8,4,11,10,17,25
GENE-5415,NO,1,0,0,0,0,0,0
GENE-5416,NO,1,0,0,0,0,0,0
GENE-5417,NO,1,0,0,0,0,0,0
GENE-5418,NO,1,0,0,0,0,0,0
GENE-5419,NO,1,1,3,3,0,3,0
GENE-5420,NO,1,555,563,587,516,614,576
GENE-5421,NO,1,35,34,25,15,24,21
GENE-5422,NO,1,0,0,0,0,0,0
GENE-5423,NO,1,0,0,0,0,0,0
GENE-5424,NO,1,0,0,0,0,0,0
GENE-5425,NO,1,27,15,31,13,27,13
GENE-5426,NO,1,0,0,0,0,0,0
GENE-5427,NO,1,0,0,0,0,0,0
GENE-5428,NO,1,0,0,0,0,0,0
GENE-5429,NO,1,0,0,0,0,0,0
GENE-5430,NO,1,0,0,0,0,0,0
GENE-5431,NO,1,0,0,0,0,0,0
GENE-5432,NO,1,0,0,0,0,0,0
GENE-5433,NO,1,0,0,0,0,0,0
GENE-5434,NO,1,125,139,130,103,144,132
GENE-5435,NO,1,0,0,0,0,0,0
GENE-5436,NO,1,0,0,0,0,0,0
GENE-5437,NO,1,47,54,52,48,54,42
GENE-5438,NO,1,1,3,3,2,8,3
GENE-5439,NO,1,4,2,6,1,3,4
GENE-5440,NO,1,0,0,0,0,0,0
GENE-5441,NO,1,0,0,0,0,0,0
GENE-5442,NO,1,0,0,0,0,0,0
GENE-5444,NO,1,0,0,0,0,0,0
GENE-5445,NO,1,0,0,0,0,0,0
GENE-5446,NO,1,0,0,0,0,0,0
GENE-5447,NO,1,612,384,653,705,805,453
GENE-5448,YES,1,0,0,0,0,0,2
GENE-5449,NO,1,165,137,161,159,162,118
GENE-5450,NO,1,1,0,2,1,1,0
GENE-5451,NO,1,0,0,0,1,1,0
GENE-5452,NO,1,0,0,0,0,0,0
GENE-5453,NO,1,0,0,0,0,0,0
GENE-5454,NO,1,0,4,3,3,4,6
GENE-5455,NO,1,674,876,860,925,801,701
GENE-5456,NO,1,0,0,0,0,0,0
GENE-5457,NO,1,0,0,0,0,0,0
GENE-5458,NO,1,0,0,0,0,0,0
GENE-5459,NO,1,0,0,0,0,0,0
GENE-5460,NO,1,0,0,0,0,0,0
GENE-5461,NO,1,2,1,4,3,4,1
GENE-5462,NO,1,0,0,0,0,0,0
GENE-5463,NO,1,0,0,0,0,0,0
GENE-5464,NO,1,0,0,0,0,0,0
GENE-5465,NO,1,0,0,0,0,0,0
GENE-5466,NO,1,0,0,0,0,0,0
GENE-5467,NO,1,0,0,0,0,0,0
GENE-5470,NO,1,0,0,0,0,0,0
GENE-5471,NO,1,1,0,2,4,1,1
GENE-5472,NO,1,0,0,0,0,0,0
GENE-5473,NO,1,0,0,0,0,0,0
GENE-5474,NO,1,0,0,0,0,0,0
GENE-5475,NO,1,24,27,36,18,20,22
GENE-5476,NO,1,31,36,43,45,33,38
GENE-5477,NO,1,0,0,0,0,0,0
GENE-5478,NO,1,0,0,0,0,0,0
GENE-5479,NO,1,19,13,24,25,24,23
GENE-5480,NO,1,18,22,25,15,26,15
GENE-5481,NO,1,829,1173,778,1445,361,827
GENE-5482,NO,1,0,0,0,0,0,0
GENE-5483,NO,1,0,0,0,0,0,0
GENE-5484,NO,1,0,0,0,0,0,0
GENE-5485,NO,1,0,0,0,0,0,0
GENE-5486,NO,1,155,191,184,153,147,200
GENE-5487,NO,1,0,0,0,0,0,0
GENE-5488,NO,1,0,0,0,0,0,0
GENE-5489,NO,1,0,0,0,0,0,0
GENE-5490,NO,1,0,0,0,0,0,0
GENE-5491,NO,1,0,0,0,0,0,0
GENE-5492,NO,1,114,88,55,77,88,76
GENE-5493,NO,1,0,0,0,0,0,0
GENE-5494,NO,1,0,0,0,0,0,0
GENE-5495,NO,1,0,0,0,0,0,0
GENE-5496,NO,1,0,0,0,0,0,0
GENE-5497,NO,1,58,36,56,53,48,47
GENE-5498,NO,1,0,0,0,0,0,0
GENE-5499,NO,1,34,26,21,15,28,30
GENE-5500,NO,1,0,0,0,0,0,0
GENE-5501,NO,1,0,0,2,0,0,0
GENE-5502,NO,1,0,0,0,0,0,0
GENE-5503,NO,1,313,229,189,265,83,248
GENE-5505,NO,1,0,0,0,0,0,0
GENE-5506,NO,1,0,0,0,0,0,0
GENE-5507,NO,1,0,0,0,0,0,0
GENE-5508,NO,1,15,8,6,7,7,6
GENE-5509,NO,1,0,0,0,0,0,0
GENE-5510,NO,1,0,0,1,0,0,0
GENE-5511,NO,1,0,0,0,0,0,0
GENE-5512,NO,1,3,2,1,2,0,1
GENE-5513,NO,1,0,0,0,0,0,0
GENE-5514,NO,1,58,68,69,97,72,45
GENE-5515,NO,1,392,408,453,456,435,488
GENE-5516,NO,1,0,0,0,0,0,0
GENE-5517,NO,1,438,427,530,304,501,429
GENE-5518,NO,1,0,0,0,0,0,0
GENE-5519,NO,1,0,0,0,0,0,0
GENE-5520,NO,1,0,0,0,1,0,1
GENE-5521,NO,1,0,0,0,0,0,0
GENE-5522,NO,1,0,0,0,0,0,0
GENE-5523,NO,1,0,0,0,0,0,0
GENE-5524,NO,1,0,0,0,0,0,0
GENE-5525,NO,1,0,0,0,0,0,0
GENE-5526,NO,1,0,0,0,0,0,0
GENE-5527,NO,1,0,0,0,0,0,0
GENE-5528,YES,1,0,0,0,0,0,0
GENE-5529,NO,1,0,0,0,0,0,0
GENE-5530,NO,1,4,0,0,11,0,2
GENE-5531,NO,1,0,0,0,0,0,0
GENE-5532,NO,1,0,0,0,0,0,0
GENE-5533,NO,1,0,0,0,0,0,0
GENE-5534,NO,1,0,0,0,0,0,0
GENE-5535,NO,1,58,80,65,86,71,102
GENE-5536,NO,1,12,26,12,25,10,23
GENE-5537,NO,1,0,0,0,0,0,0
GENE-5538,NO,1,0,0,0,0,0,0
GENE-5539,NO,1,0,0,0,0,0,0
GENE-5540,NO,1,1626,1414,1564,1584,1658,1616
GENE-5541,NO,1,0,0,0,0,0,0
GENE-5542,NO,1,0,0,0,0,0,0
GENE-5543,NO,1,0,0,0,0,0,0
GENE-5544,NO,1,0,0,0,0,0,0
GENE-5545,NO,1,0,0,0,0,0,0
GENE-5546,NO,1,0,1,0,0,0,0
GENE-5547,NO,1,0,0,0,0,0,0
GENE-5548,NO,1,0,0,0,0,0,0
GENE-5549,NO,1,0,0,0,0,0,0
GENE-5550,NO,1,0,0,0,0,0,0
GENE-5551,NO,1,0,0,0,0,0,0
GENE-5552,NO,1,0,0,0,0,0,0
GENE-5553,NO,1,0,0,0,0,0,0
GENE-5554,NO,1,0,0,0,0,0,0
GENE-5555,NO,1,0,0,0,0,0,0
GENE-5556,NO,1,212,201,210,190,202,226
GENE-5557,NO,1,2,2,2,2,5,2
GENE-5558,NO,1,0,0,0,0,0,0
GENE-5559,NO,1,8,6,4,1,11,6
GENE-5560,NO,1,0,4,0,0,0,0
GENE-5561,YES,1,0,0,0,0,0,0
GENE-5562,NO,1,0,0,0,0,0,0
GENE-5563,NO,1,0,0,0,0,0,0
GENE-5564,NO,1,0,0,0,0,0,0
GENE-5565,NO,1,0,0,0,0,0,0
GENE-5566,NO,1,0,0,0,0,0,0
GENE-5567,NO,1,692,742,675,756,697,660
GENE-5568,NO,1,0,0,0,0,0,0
GENE-5569,NO,1,0,0,0,0,0,0
GENE-5570,NO,1,0,0,0,0,0,0
GENE-5571,NO,1,0,0,0,0,0,0
GENE-5572,NO,1,0,0,0,0,0,0
GENE-5573,NO,1,201,165,182,188,201,195
GENE-5574,NO,1,0,0,0,0,0,0
GENE-5575,NO,1,0,0,0,0,0,0
GENE-5576,NO,1,0,0,0,0,0,0
GENE-5577,NO,1,0,0,0,0,0,0
GENE-5578,NO,1,71,69,73,87,92,85
GENE-5579,NO,1,0,0,0,0,0,0
GENE-5580,NO,1,283,248,309,186,258,277
GENE-5581,NO,1,0,0,0,0,0,0
GENE-5582,NO,1,0,0,0,0,0,0
GENE-5583,NO,1,0,0,0,0,0,0
GENE-5584,NO,1,0,0,0,0,0,0
GENE-5585,NO,1,0,0,0,0,0,0
GENE-5586,NO,1,66,100,117,115,52,144
GENE-5587,NO,1,0,0,0,0,0,0
GENE-5588,NO,1,0,0,0,0,0,0
GENE-5589,NO,1,0,0,0,0,0,0
GENE-5590,NO,1,60,53,29,59,29,46
GENE-5591,NO,1,606,412,445,647,383,408
GENE-5592,NO,1,23,15,11,29,12,19
GENE-5593,NO,1,120,237,192,135,234,191
GENE-5594,NO,1,481,651,370,407,414,491
GENE-5595,NO,1,0,0,0,0,0,0
GENE-5596,NO,1,6,3,5,3,4,0
GENE-5597,NO,1,0,0,0,0,0,0
GENE-5598,NO,1,0,0,0,0,0,0
GENE-5599,NO,1,0,0,0,0,0,0
GENE-5600,NO,1,0,0,0,0,0,0
GENE-5601,NO,1,63,105,102,139,80,126
GENE-5602,YES,1,0,0,0,0,0,0
GENE-5603,NO,1,0,0,0,0,0,0
GENE-5604,NO,1,37,43,46,35,31,35
GENE-5605,NO,1,0,0,0,0,0,0
GENE-5606,NO,1,131,115,114,92,130,124
GENE-5607,NO,1,0,0,0,0,0,0
GENE-5608,NO,1,0,0,0,0,0,0
GENE-5609,NO,1,0,0,0,0,0,0
GENE-5610,NO,1,0,0,0,0,0,0
GENE-5611,NO,1,36,24,15,30,23,20
GENE-5612,NO,1,0,0,0,0,0,0
GENE-5613,NO,1,0,0,0,0,0,0
GENE-5614,NO,1,0,0,0,0,0,0
GENE-5615,NO,1,29,17,34,29,24,21
GENE-5616,NO,1,0,0,0,0,0,0
GENE-5617,NO,1,204,179,126,118,123,280
GENE-5618,NO,1,0,0,0,0,0,1
GENE-5619,NO,1,1,3,1,0,1,0
GENE-5620,NO,1,2191,1516,1906,2333,1487,1771
GENE-5621,NO,1,0,0,0,0,0,0
GENE-5622,NO,1,0,0,0,0,0,0
GENE-5623,NO,1,0,0,0,0,0,0
GENE-5624,NO,1,0,0,0,0,0,0
GENE-5625,NO,1,0,0,0,0,0,0
GENE-5626,NO,1,0,0,0,0,0,0
GENE-5627,NO,1,1,0,0,0,0,0
GENE-5628,NO,1,73,94,69,71,62,58
GENE-5629,NO,1,145,98,75,119,77,113
GENE-5630,YES,1,0,0,0,0,0,0
GENE-5631,YES,1,0,0,0,0,0,0
GENE-5632,NO,1,0,0,0,0,0,0
GENE-5633,NO,1,0,0,0,0,0,0
GENE-5634,NO,1,0,0,0,0,0,0
GENE-5635,NO,1,0,0,0,0,0,0
GENE-5636,NO,1,2,1,1,2,1,1
GENE-5637,NO,1,96,97,86,89,102,77
GENE-5638,NO,1,0,0,0,0,0,0
GENE-5639,NO,1,0,0,0,0,0,0
GENE-5640,NO,1,0,0,0,0,0,0
GENE-5641,NO,1,1239,1135,1295,1152,1235,1067
GENE-5642,NO,1,3935,4330,5405,5702,3585,4018
GENE-5643,NO,1,0,0,0,0,0,0
GENE-5644,NO,1,0,0,0,0,0,0
GENE-5645,NO,1,0,0,0,0,0,0
GENE-5646,YES,1,0,0,0,0,0,0
GENE-5647,NO,1,216,133,185,147,133,197
GENE-5648,YES,1,2,0,0,0,0,0
GENE-5649,NO,1,28,34,28,32,23,20
GENE-5650,NO,1,2,6,7,4,8,9
GENE-5651,NO,1,0,0,0,0,0,0
GENE-5652,NO,1,0,0,0,0,0,0
GENE-5653,YES,1,0,0,0,0,0,0
GENE-5654,NO,1,0,0,0,0,0,0
GENE-5655,NO,1,108,85,173,122,98,144
GENE-5656,NO,1,176,133,167,162,135,166
GENE-5657,NO,1,0,0,0,0,0,0
GENE-5658,NO,1,39,27,24,33,22,22
GENE-5659,NO,1,22,17,17,10,9,18
GENE-5660,NO,1,0,0,0,0,0,0
GENE-5661,NO,1,0,0,0,0,0,0
GENE-5662,NO,1,1,2,0,1,2,0
GENE-5663,NO,1,2,1,2,2,6,2
GENE-5664,NO,1,0,0,0,0,0,0
GENE-5665,NO,1,0,0,0,0,0,0
GENE-5666,NO,1,0,0,0,0,0,0
GENE-5667,YES,1,5,1,2,5,1,5
GENE-5668,NO,1,0,0,0,0,0,0
GENE-5669,NO,1,0,0,0,0,0,0
GENE-5670,NO,1,0,0,0,0,0,0
GENE-5671,YES,1,9,14,15,10,3,8
GENE-5672,NO,1,0,0,0,0,0,0
GENE-5673,NO,1,0,0,0,0,0,0
GENE-5674,NO,1,11,39,15,25,10,25
GENE-5675,NO,1,0,0,0,0,0,0
GENE-5676,NO,1,0,0,0,0,0,0
GENE-5677,NO,1,49,69,70,87,58,44
GENE-5678,NO,1,29,32,39,26,21,43
GENE-5679,NO,1,0,0,0,0,0,0
GENE-5680,NO,1,0,0,0,0,0,0
GENE-5681,YES,1,0,0,0,0,0,0
GENE-5682,NO,1,0,0,0,0,0,0
GENE-5683,NO,1,0,0,0,0,0,0
GENE-5684,NO,1,0,0,0,0,0,0
GENE-5685,NO,1,0,0,0,0,0,0
GENE-5686,NO,1,0,0,0,0,0,0
GENE-5687,YES,1,3,3,0,5,10,5
GENE-5688,NO,1,0,0,0,0,0,0
GENE-5689,NO,1,7,4,1,5,2,10
GENE-5690,NO,1,0,0,0,0,0,0
GENE-5691,NO,1,55,48,63,66,41,43
GENE-5692,NO,1,0,0,0,0,0,0
GENE-5693,NO,1,0,0,0,0,0,0
GENE-5694,NO,1,0,0,0,0,0,0
GENE-5695,NO,1,163,147,164,159,180,146
GENE-5696,YES,1,0,0,0,0,0,0
GENE-5697,NO,1,0,0,0,0,0,0
GENE-5698,NO,1,0,0,0,0,0,0
GENE-5699,NO,1,447,424,452,444,434,422
GENE-5700,NO,1,49,29,47,39,35,44
GENE-5701,NO,1,141,121,148,166,146,85
GENE-5702,NO,1,0,0,0,0,0,0
GENE-5703,NO,1,0,0,0,0,0,0
GENE-5704,NO,1,33,6,10,339,26,25
GENE-5705,NO,1,0,0,0,0,0,0
GENE-5706,NO,1,0,0,0,0,0,0
GENE-5707,NO,1,0,0,0,0,0,0
GENE-5708,NO,1,0,0,0,0,0,0
GENE-5709,NO,1,0,0,0,0,0,0
GENE-5710,NO,1,74,57,54,52,66,77
GENE-5711,NO,1,19,21,15,24,19,16
GENE-5712,NO,1,756,669,985,655,1011,676
GENE-5713,NO,1,0,0,0,0,0,0
GENE-5714,NO,1,0,0,0,0,0,0
GENE-5715,NO,1,0,0,0,0,0,0
GENE-5716,NO,1,0,0,0,0,0,0
GENE-5717,NO,1,0,1,0,0,0,0
GENE-5718,NO,1,0,0,0,0,0,0
GENE-5719,NO,1,0,0,0,0,0,0
GENE-5720,NO,1,676,540,584,531,547,829
GENE-5721,NO,1,282,506,422,479,392,695
GENE-5722,NO,1,227,230,293,243,217,235
GENE-5723,NO,1,0,0,0,0,0,0
GENE-5724,NO,1,0,0,0,0,0,0
GENE-5725,NO,1,161,120,98,83,136,145
GENE-5726,NO,1,0,0,0,0,0,0
GENE-5727,NO,1,0,0,0,0,0,0
GENE-5728,NO,1,0,0,0,0,0,0
GENE-5729,NO,1,0,0,0,0,0,0
GENE-5730,NO,1,262,292,302,273,307,329
GENE-5731,NO,1,0,0,0,0,0,0
GENE-5732,NO,1,0,0,0,0,0,0
GENE-5733,NO,1,0,2,0,0,0,0
GENE-5734,NO,1,432,267,213,234,257,243
GENE-5735,NO,1,0,0,0,0,0,0
GENE-5736,NO,1,0,0,0,0,0,0
GENE-5737,NO,1,0,0,0,0,0,0
GENE-5738,NO,1,0,0,0,0,0,0
GENE-5739,NO,1,0,0,0,0,0,0
GENE-5740,NO,1,11,16,17,12,17,12
GENE-5741,NO,1,0,0,0,0,0,0
GENE-5742,NO,1,0,0,0,0,0,0
GENE-5743,NO,1,0,0,0,0,0,0
GENE-5744,NO,1,0,0,0,0,0,0
GENE-5745,NO,1,0,0,0,0,0,0
GENE-5746,NO,1,0,0,0,0,0,0
GENE-5747,NO,1,0,0,0,0,0,0
GENE-5748,NO,1,1279,752,763,985,871,1411
GENE-5749,NO,1,0,0,0,0,0,0
GENE-5750,NO,1,14,17,25,14,9,13
GENE-5751,NO,1,0,0,0,0,0,0
GENE-5752,NO,1,16,9,19,14,11,11
GENE-5753,NO,1,0,0,0,0,0,0
GENE-5754,NO,1,3,1,1,3,0,1
GENE-5755,NO,1,41,51,50,115,49,46
GENE-5756,NO,1,412,377,409,381,304,280
GENE-5757,NO,1,0,0,0,0,0,0
GENE-5758,NO,1,2,3,0,1,0,5
GENE-5759,NO,1,0,0,0,0,0,0
GENE-5760,NO,1,0,0,0,0,0,0
GENE-5761,NO,1,336,418,367,369,387,401
GENE-5762,NO,1,0,0,0,0,0,0
GENE-5763,NO,1,0,0,0,1,0,0
GENE-5764,NO,1,1,1,0,0,1,1
GENE-5765,NO,1,0,0,0,0,0,0
GENE-5766,NO,1,0,0,0,0,0,0
GENE-5767,NO,1,0,0,0,0,0,0
GENE-5768,NO,1,0,0,0,0,0,0
GENE-5769,NO,1,1,1,4,1,3,0
GENE-5770,NO,1,0,0,0,0,0,0
GENE-5771,NO,1,10,10,18,10,6,17
GENE-5772,NO,1,13,7,8,11,9,9
GENE-5773,YES,1,0,0,0,0,0,0
GENE-5774,NO,1,0,0,0,0,0,0
GENE-5775,YES,1,0,0,0,0,0,0
GENE-5776,NO,1,0,0,0,0,0,0
GENE-5777,NO,1,704,664,706,685,593,646
GENE-5778,NO,1,506,516,542,511,404,543
GENE-5779,NO,1,0,0,0,0,0,0
GENE-5780,YES,1,3,1,6,4,12,10
GENE-5781,YES,1,6,10,5,0,0,1
GENE-5782,NO,1,0,0,0,0,0,0
GENE-5783,NO,1,0,0,0,0,0,0
GENE-5784,NO,1,0,0,1,0,2,0
GENE-5785,NO,1,0,0,0,0,0,0
GENE-5786,NO,1,0,0,0,1,0,1
GENE-5787,NO,1,0,0,0,0,0,0
GENE-5788,NO,1,0,0,0,0,0,0
GENE-5789,NO,1,0,0,0,0,0,0
GENE-5790,NO,1,0,0,0,0,0,0
GENE-5791,NO,1,0,0,0,0,0,0
GENE-5792,NO,1,0,0,0,0,0,0
GENE-5793,NO,1,0,0,0,0,0,0
GENE-5794,NO,1,0,0,0,0,0,0
GENE-5795,NO,1,0,0,0,0,0,0
GENE-5796,NO,1,26,20,20,21,28,16
GENE-5797,NO,1,47,49,33,57,56,57
GENE-5798,NO,1,259,303,168,194,239,266
GENE-5799,NO,1,1,0,1,0,6,2
GENE-5800,NO,1,2,2,1,2,3,1
GENE-5801,NO,1,10,11,10,24,3,15
GENE-5802,NO,1,0,0,0,0,0,0
GENE-5803,NO,1,0,0,0,0,0,0
GENE-5804,NO,1,0,0,0,0,0,0
GENE-5805,NO,1,9,8,5,11,12,5
GENE-5806,NO,1,0,0,0,0,0,0
GENE-5807,NO,1,0,0,0,0,0,0
GENE-5808,NO,1,179,143,179,181,182,166
GENE-5809,NO,1,155,196,112,171,135,135
GENE-5810,NO,1,7,1,9,5,2,1
GENE-5811,NO,1,0,0,0,0,0,0
GENE-5812,NO,1,1,1,0,0,3,0
GENE-5813,NO,1,0,0,0,0,0,0
GENE-5814,NO,1,0,0,0,0,0,0
GENE-5815,NO,1,0,0,0,0,0,0
GENE-5816,NO,1,0,0,0,0,0,0
GENE-5817,NO,1,0,0,0,0,0,0
GENE-5818,NO,1,2,1,2,2,4,0
GENE-5819,NO,1,73,84,111,84,56,79
GENE-5820,NO,1,0,0,0,0,0,0
GENE-5821,NO,1,22,28,19,20,20,24
GENE-5822,NO,1,0,0,0,0,0,0
GENE-5823,NO,1,0,0,0,0,0,0
GENE-5824,NO,1,0,0,0,0,0,0
GENE-5825,NO,1,331,328,281,340,337,286
GENE-5826,NO,1,74,82,78,88,65,100
GENE-5827,NO,1,0,0,0,0,0,0
GENE-5828,NO,1,0,0,0,0,0,0
GENE-5829,NO,1,0,0,0,0,0,0
GENE-5830,NO,1,0,0,0,0,0,0
GENE-5831,YES,1,3,1,0,18,9,11
GENE-5832,NO,1,106,91,87,80,124,79
GENE-5833,NO,1,2,9,7,4,4,4
GENE-5835,NO,1,12,6,8,14,10,7
GENE-5836,NO,1,0,0,0,0,0,0
GENE-5837,NO,1,0,0,0,0,0,0
GENE-5838,NO,1,568,305,739,1070,710,789
GENE-5839,NO,1,0,0,0,0,0,0
GENE-5840,NO,1,0,0,0,1,0,2
GENE-5841,NO,1,0,0,0,0,0,0
GENE-5842,NO,1,0,0,0,0,0,0
GENE-5843,NO,1,537,1000,842,738,839,805
GENE-5844,NO,1,18,25,24,32,51,22
GENE-5845,NO,1,111,60,69,48,80,62
GENE-5846,NO,1,0,0,0,0,0,0
GENE-5847,NO,1,29,15,16,31,12,21
GENE-5848,NO,1,890,731,736,773,734,724
GENE-5849,NO,1,0,0,0,0,1,0
GENE-5850,YES,1,0,0,0,0,0,0
GENE-5851,NO,1,0,0,0,0,0,0
GENE-5852,NO,1,74,82,123,94,106,52
GENE-5853,NO,1,0,0,0,0,0,0
GENE-5854,NO,1,4,3,3,4,1,1
GENE-5855,NO,1,1441,1441,1507,1463,1471,1434
GENE-5856,NO,1,0,0,0,0,0,0
GENE-5857,NO,1,0,0,0,0,0,0
GENE-5858,NO,1,0,0,0,0,0,0
GENE-5859,NO,1,0,0,1,1,0,1
GENE-5860,NO,1,5,2,3,6,5,6
GENE-5861,NO,1,0,0,0,0,0,0
GENE-5862,NO,1,0,0,0,0,0,0
GENE-5863,NO,1,0,0,0,0,0,0
GENE-5864,NO,1,0,0,0,0,0,0
GENE-5865,NO,1,0,0,0,0,0,0
GENE-5866,NO,1,0,0,0,0,0,0
GENE-5867,NO,1,0,0,0,0,0,0
GENE-5868,NO,1,0,0,0,0,0,0
GENE-5869,NO,1,0,0,0,0,0,0
GENE-5870,NO,1,1,0,2,2,1,1
GENE-5871,NO,1,0,0,0,0,0,0
GENE-5872,NO,1,0,1,0,0,1,0
GENE-5873,NO,1,608,716,798,629,735,680
GENE-5874,NO,1,171,228,215,168,166,143
GENE-5875,NO,1,0,0,0,0,0,0
GENE-5876,NO,1,0,0,0,0,0,0
GENE-5877,NO,1,0,0,0,0,0,0
GENE-5878,NO,1,0,0,0,0,0,0
GENE-5879,NO,1,0,0,0,0,0,0
GENE-5880,NO,1,51,41,40,30,30,33
GENE-5881,NO,1,0,0,0,0,0,0
GENE-5882,YES,1,0,0,0,1,0,1
GENE-5883,NO,1,0,0,0,0,0,0
GENE-5884,NO,1,0,0,0,0,0,0
GENE-5885,NO,1,0,0,0,0,0,0
GENE-5886,NO,1,0,0,0,0,0,0
GENE-5887,NO,1,1428,1368,1986,582,1773,1490
GENE-5888,NO,1,0,0,0,0,0,0
GENE-5889,NO,1,0,0,0,0,0,0
GENE-5890,NO,1,0,0,0,0,0,0
GENE-5891,NO,1,0,0,0,0,0,0
GENE-5892,NO,1,0,0,0,0,0,0
GENE-5893,NO,1,0,0,0,0,0,0
GENE-5894,NO,1,0,0,0,0,0,0
GENE-5895,NO,1,0,0,0,0,0,0
GENE-5896,NO,1,0,0,0,0,0,0
GENE-5897,NO,1,0,0,0,0,0,0
GENE-5898,NO,1,0,0,0,0,0,0
GENE-5899,YES,1,0,0,0,0,0,0
GENE-5900,NO,1,1090,942,912,569,707,841
GENE-5901,NO,1,0,0,0,0,0,0
GENE-5902,NO,1,1,3,4,1,5,3
GENE-5903,NO,1,76,62,66,53,39,85
GENE-5904,NO,1,0,0,0,0,0,0
GENE-5905,NO,1,1027,1129,1071,879,1135,805
GENE-5906,NO,1,0,0,0,0,0,0
GENE-5907,NO,1,0,0,0,0,0,0
GENE-5908,NO,1,0,0,0,0,0,0
GENE-5909,NO,1,0,0,0,0,0,0
GENE-5910,NO,1,0,0,0,0,0,0
GENE-5911,NO,1,0,0,0,0,0,0
GENE-5912,NO,1,1380,1348,2397,314,421,699
GENE-5913,NO,1,15,18,20,19,10,9
GENE-5914,NO,1,0,0,0,0,0,0
GENE-5915,NO,1,0,0,0,0,0,0
GENE-5916,NO,1,0,0,0,0,0,0
GENE-5917,NO,1,84,90,60,76,83,64
GENE-5918,NO,1,3,2,0,0,2,0
GENE-5919,NO,1,111,85,185,118,99,138
GENE-5920,NO,1,0,0,0,0,0,0
GENE-5921,NO,1,0,0,0,0,0,0
GENE-5922,NO,1,0,0,0,0,0,0
GENE-5923,NO,1,0,0,0,0,0,0
GENE-5924,NO,1,1,0,0,0,0,0
GENE-5925,NO,1,0,0,0,0,0,0
GENE-5926,NO,1,0,0,0,0,0,0
GENE-5927,NO,1,0,0,0,0,0,0
GENE-5928,NO,1,0,0,0,0,0,0
GENE-5929,YES,1,1,2,1,3,0,3
GENE-5930,NO,1,0,0,0,0,0,0
GENE-5931,NO,1,0,0,0,0,0,0
GENE-5932,NO,1,0,0,0,0,0,0
GENE-5933,NO,1,0,0,0,0,0,0
GENE-5934,NO,1,0,0,0,0,0,0
GENE-5935,NO,1,8,12,9,5,13,10
GENE-5936,NO,1,629,468,591,648,470,657
GENE-5937,NO,1,426,67,253,472,244,69
GENE-5939,NO,1,7865,9975,7639,8008,7178,7787
GENE-5940,NO,1,98,55,155,109,84,92
GENE-5942,NO,1,0,0,0,0,0,0
GENE-5943,NO,1,69,63,59,62,75,75
GENE-5944,NO,1,178,186,135,161,199,167
GENE-5945,YES,1,0,0,0,0,0,0
GENE-5946,NO,1,20,140,8,33,101,73
GENE-5947,NO,1,1,0,0,0,0,0
GENE-5948,NO,1,46,55,52,66,47,68
GENE-5949,NO,1,0,0,0,0,0,0
GENE-5950,NO,1,46,32,51,95,36,43
GENE-5951,NO,1,0,0,0,0,0,0
GENE-5952,NO,1,0,0,0,0,0,0
GENE-5953,NO,1,0,0,0,1,0,0
GENE-5954,NO,1,0,0,0,0,0,0
GENE-5955,NO,1,0,0,0,0,0,0
GENE-5956,NO,1,21,22,23,14,24,16
GENE-5957,NO,1,0,0,0,0,0,0
GENE-5958,NO,1,0,0,0,0,0,0
GENE-5959,NO,1,10,4,10,13,8,8
GENE-5960,NO,1,0,0,0,0,0,0
GENE-5961,NO,1,0,0,0,0,0,0
GENE-5962,NO,1,0,0,0,0,0,0
GENE-5963,NO,1,1075,1018,928,891,926,1022
GENE-5964,NO,1,263,264,317,286,286,290
GENE-5965,NO,1,944,741,651,709,903,824
GENE-5966,NO,1,0,0,3,0,0,0
GENE-5967,NO,1,0,0,0,0,0,0
GENE-5968,NO,1,0,0,0,0,0,0
GENE-5969,NO,1,0,0,0,0,0,0
GENE-5970,NO,1,0,0,0,0,0,0
GENE-5971,NO,1,0,0,0,0,0,0
GENE-5972,NO,1,0,0,0,0,0,0
GENE-5973,NO,1,0,0,0,0,0,0
GENE-5974,NO,1,0,0,0,0,0,0
GENE-5975,NO,1,6,5,3,4,7,5
GENE-5976,NO,1,0,0,0,0,0,0
GENE-5977,NO,1,0,0,0,0,0,0
GENE-5978,NO,1,172,205,204,190,235,199
GENE-5979,NO,1,0,0,0,0,0,0
GENE-5980,NO,1,0,0,0,0,0,0
GENE-5981,NO,1,973,992,922,937,924,881
GENE-5982,NO,1,0,0,0,0,0,0
GENE-5983,NO,1,1,0,1,0,1,0
GENE-5984,NO,1,0,0,0,0,0,0
GENE-5985,NO,1,58,31,32,4,17,85
GENE-5986,NO,1,593,3,45,0,61,97
GENE-5987,NO,1,0,0,0,0,0,0
GENE-5988,NO,1,35,42,44,38,46,43
GENE-5989,NO,1,0,0,0,0,0,0
GENE-5990,NO,1,486,347,512,453,394,408
GENE-5991,NO,1,2594,2328,2101,2694,1759,2646
GENE-5992,NO,1,0,0,0,0,0,0
GENE-5993,NO,1,0,0,1,2,0,0
GENE-5994,NO,1,0,0,0,0,0,0
GENE-5995,NO,1,0,0,0,0,0,0
GENE-5996,NO,1,0,0,0,0,0,0
GENE-5997,NO,1,0,0,0,0,0,0
GENE-5998,NO,1,0,0,0,0,0,0
GENE-5999,NO,1,0,0,0,0,0,0
GENE-6000,NO,1,0,0,0,0,0,0
GENE-6001,NO,1,0,4,0,1,0,1
GENE-6002,NO,1,0,0,0,0,0,0
GENE-6003,NO,1,3,4,1,0,2,1
GENE-6004,NO,1,0,0,0,0,0,0
GENE-6005,NO,1,0,0,0,0,0,0
GENE-6006,YES,1,0,0,0,0,0,0
GENE-6007,NO,1,0,0,0,0,0,0
GENE-6008,NO,1,0,0,0,0,0,0
GENE-6009,NO,1,106,76,70,46,79,62
GENE-6010,NO,1,0,0,0,0,0,0
GENE-6011,NO,1,0,0,0,0,0,0
GENE-6012,NO,1,0,0,0,0,0,0
GENE-6013,NO,1,30,49,20,20,15,14
GENE-6014,NO,1,0,0,0,0,0,0
GENE-6015,NO,1,0,0,0,0,0,0
GENE-6016,NO,1,3,1,1,2,1,0
GENE-6017,NO,1,386,1017,790,636,526,553
GENE-6018,NO,1,0,0,0,0,0,0
GENE-6019,NO,1,1845,764,459,776,686,253
GENE-6020,NO,1,0,0,0,0,0,0
GENE-6021,NO,1,8,12,12,6,1,3
GENE-6022,NO,1,5628,5365,4046,5846,5379,5333
GENE-6023,NO,1,0,0,0,0,0,0
GENE-6024,NO,1,0,0,0,0,0,0
GENE-6025,NO,1,0,0,0,0,0,0
GENE-6026,NO,1,17,21,11,25,35,18
GENE-6027,NO,1,0,0,0,0,0,0
GENE-6028,YES,1,0,0,0,0,0,0
GENE-6029,NO,1,628,428,417,548,454,301
GENE-6030,NO,1,2,2,1,3,0,1
GENE-6031,NO,1,9,5,3,6,6,7
GENE-6032,NO,1,284,299,226,235,306,236
GENE-6033,YES,1,0,0,0,0,0,0
GENE-6034,NO,1,0,0,0,0,0,0
GENE-6035,NO,1,0,0,0,0,0,0
GENE-6036,NO,1,0,0,0,0,0,0
GENE-6037,NO,1,16,18,16,20,6,13
GENE-6038,NO,1,0,0,0,0,0,0
GENE-6039,NO,1,21,14,10,10,34,34
GENE-6040,NO,1,0,0,0,0,0,0
GENE-6041,NO,1,0,0,0,0,0,0
GENE-6042,YES,1,0,0,0,0,0,0
GENE-6043,NO,1,0,0,0,0,0,0
GENE-6044,YES,1,0,0,0,0,0,0
GENE-6045,NO,1,0,0,0,0,0,0
GENE-6046,NO,1,0,0,0,0,0,0
GENE-6047,NO,1,47,26,28,20,13,12
GENE-6048,NO,1,0,0,0,0,0,0
GENE-6049,NO,1,0,0,0,0,0,0
GENE-6050,NO,1,1,0,4,0,3,3
GENE-6051,NO,1,747,622,532,855,736,691
GENE-6052,NO,1,2,0,0,2,3,4
GENE-6053,NO,1,0,0,0,0,0,0
GENE-6054,NO,1,0,0,0,0,0,0
GENE-6055,NO,1,2,3,4,7,4,2
GENE-6056,NO,1,0,0,0,0,0,0
GENE-6057,NO,1,8,6,9,7,11,9
GENE-6058,NO,1,125,97,81,96,105,95
GENE-6059,NO,1,0,0,0,0,0,0
GENE-6060,NO,1,0,0,0,0,0,0
GENE-6061,NO,1,30,11,23,36,50,33
GENE-6062,NO,1,0,0,0,0,0,0
GENE-6063,NO,1,0,0,0,0,0,0
GENE-6064,NO,1,15,17,16,13,29,13
GENE-6065,NO,1,0,0,0,0,0,0
GENE-6066,NO,1,0,0,0,0,0,0
GENE-6067,NO,1,1,0,1,1,2,3
GENE-6068,NO,1,0,0,0,0,0,0
GENE-6069,YES,1,0,0,0,0,1,0
GENE-6070,NO,1,0,1,1,0,2,1
GENE-6071,NO,1,0,0,0,0,0,0
GENE-6072,NO,1,0,0,1,0,0,0
GENE-6073,NO,1,0,0,0,0,0,0
GENE-6074,NO,1,0,0,0,0,0,0
GENE-6075,NO,1,281,175,324,262,375,406
GENE-6076,NO,1,0,0,0,0,0,0
GENE-6078,NO,1,0,0,0,0,0,0
GENE-6079,NO,1,0,2,0,0,0,0
GENE-6080,NO,1,0,0,0,0,0,0
GENE-6081,NO,1,0,0,0,0,0,0
GENE-6082,NO,1,0,0,0,0,0,0
GENE-6083,NO,1,0,0,0,0,0,0
GENE-6084,NO,1,0,0,0,0,0,0
GENE-6085,NO,1,774,403,246,953,2096,37
GENE-6086,NO,1,0,0,0,0,0,0
GENE-6087,NO,1,0,0,0,0,0,0
GENE-6088,NO,1,0,0,0,0,0,0
GENE-6089,NO,1,0,0,0,0,0,0
GENE-6090,NO,1,0,0,0,0,0,0
GENE-6091,NO,1,269,215,301,142,303,226
GENE-6092,NO,1,0,0,0,0,0,0
GENE-6093,NO,1,0,0,0,0,0,0
GENE-6094,NO,1,0,0,0,0,0,0
GENE-6095,NO,1,0,0,0,0,0,0
GENE-6096,NO,1,0,0,0,0,0,0
GENE-6097,NO,1,0,0,0,0,0,0
GENE-6098,NO,1,0,0,0,0,0,0
GENE-6099,NO,1,0,0,0,0,0,0
GENE-6100,NO,1,0,0,0,0,0,0
GENE-6101,YES,1,0,0,0,0,0,0
GENE-6102,NO,1,0,0,0,0,0,0
GENE-6103,NO,1,0,0,0,0,0,0
GENE-6104,NO,1,0,0,0,0,0,0
GENE-6105,NO,1,0,0,0,0,0,0
GENE-6106,NO,1,0,0,0,0,0,0
GENE-6107,NO,1,1,0,0,0,1,1
GENE-6108,NO,1,23,33,31,43,30,41
GENE-6109,NO,1,0,0,0,0,0,0
GENE-6110,NO,1,0,0,0,0,0,0
GENE-6111,NO,1,0,0,0,0,0,0
GENE-6112,NO,1,94,104,109,60,73,110
GENE-6113,NO,1,5,4,6,2,5,7
GENE-6114,NO,1,9,16,19,12,11,25
GENE-6115,NO,1,0,0,0,0,0,0
GENE-6116,NO,1,0,0,0,0,0,0
GENE-6117,NO,1,2,1,0,0,1,0
GENE-6118,NO,1,130,140,152,119,123,136
GENE-6119,NO,1,0,0,0,0,0,0
GENE-6120,NO,1,0,0,0,0,0,0
GENE-6121,YES,1,0,0,0,0,0,0
GENE-6122,NO,1,0,0,0,0,0,0
GENE-6123,NO,1,0,0,0,0,0,0
GENE-6124,NO,1,0,0,0,0,0,0
GENE-6125,NO,1,0,0,0,0,0,0
GENE-6126,NO,1,0,0,0,0,0,0
GENE-6127,NO,1,0,0,0,0,0,0
GENE-6128,NO,1,0,0,0,0,0,0
GENE-6129,NO,1,0,0,0,0,0,0
GENE-6130,NO,1,2,1,1,1,0,2
GENE-6131,NO,1,0,0,0,0,0,0
GENE-6132,NO,1,0,0,0,0,0,0
GENE-6133,NO,1,0,0,0,0,0,0
GENE-6134,NO,1,18,15,24,15,14,15
GENE-6135,NO,1,0,0,0,0,0,0
GENE-6136,NO,1,254,316,278,301,266,255
GENE-6137,NO,1,0,0,0,0,0,0
GENE-6138,NO,1,0,0,0,0,0,0
GENE-6139,NO,1,0,0,0,0,0,0
GENE-6140,NO,1,0,0,0,0,0,0
GENE-6141,NO,1,279,314,307,385,282,284
GENE-6142,NO,1,0,0,0,0,0,0
GENE-6143,NO,1,0,0,0,0,0,0
GENE-6144,YES,1,0,0,0,0,0,0
GENE-6145,NO,1,8,9,8,11,8,11
GENE-6146,NO,1,0,0,0,0,0,0
GENE-6147,NO,1,109,105,121,89,98,96
GENE-6148,NO,1,0,0,0,0,0,0
GENE-6149,NO,1,0,0,0,0,0,0
GENE-6150,NO,1,8,3,4,1,10,1
GENE-6151,NO,1,0,0,0,0,0,0
GENE-6152,NO,1,0,0,0,0,0,0
GENE-6153,NO,1,1980,1496,1836,1778,1674,1474
GENE-6154,NO,1,0,0,0,0,0,0
GENE-6155,NO,1,0,0,0,0,0,0
GENE-6156,NO,1,0,0,0,0,0,0
GENE-6157,NO,1,0,0,0,0,0,0
GENE-6158,NO,1,0,0,0,0,0,0
GENE-6159,NO,1,0,0,0,0,0,0
GENE-6160,NO,1,1,0,0,0,0,1
GENE-6161,NO,1,0,0,0,0,0,0
GENE-6162,NO,1,1,0,0,0,2,1
GENE-6163,NO,1,0,0,0,0,0,0
GENE-6164,NO,1,0,0,0,0,0,0
GENE-6165,NO,1,0,3,0,1,3,0
GENE-6166,NO,1,0,0,0,0,0,0
GENE-6167,NO,1,0,0,0,0,0,0
GENE-6168,NO,1,0,0,0,0,0,0
GENE-6169,NO,1,206,306,188,278,292,297
GENE-6170,NO,1,39,26,37,25,28,24
GENE-6171,NO,1,30,14,16,20,22,24
GENE-6172,NO,1,0,0,0,0,0,0
GENE-6173,NO,1,203,151,118,124,143,187
GENE-6174,NO,1,0,0,0,0,0,0
GENE-6175,NO,1,78,66,62,69,61,61
GENE-6176,NO,1,0,0,0,0,0,0
GENE-6177,NO,1,0,0,0,0,0,0
GENE-6178,NO,1,0,0,0,0,0,0
GENE-6179,NO,1,0,0,0,0,0,0
GENE-6180,NO,1,0,0,0,0,0,0
GENE-6181,NO,1,0,0,0,0,0,0
GENE-6182,NO,1,0,0,0,0,0,0
GENE-6183,NO,1,0,0,0,0,0,0
GENE-6184,NO,1,0,0,0,0,0,0
GENE-6185,NO,1,0,0,0,0,0,0
GENE-6186,NO,1,0,0,0,0,0,0
GENE-6187,NO,1,35,25,18,23,33,42
GENE-6188,NO,1,0,0,0,0,0,0
GENE-6189,NO,1,0,0,0,0,0,0
GENE-6190,NO,1,0,0,0,0,0,0
GENE-6191,NO,1,0,0,0,0,0,0
GENE-6192,NO,1,0,0,0,0,0,0
GENE-6193,NO,1,0,0,0,0,0,0
GENE-6194,NO,1,0,0,0,0,0,0
GENE-6195,YES,1,0,0,0,0,0,0
GENE-6196,NO,1,0,0,0,0,0,0
GENE-6197,NO,1,0,0,0,0,0,0
GENE-6198,NO,1,0,0,0,0,0,0
GENE-6199,NO,1,53,66,33,31,44,48
GENE-6200,NO,1,0,0,0,0,0,0
GENE-6201,NO,1,0,0,0,0,0,0
GENE-6202,NO,1,0,0,0,0,0,0
GENE-6203,NO,1,25,17,20,29,15,28
GENE-6204,NO,1,25,46,30,35,30,62
GENE-6205,YES,1,0,0,0,0,0,0
GENE-6206,NO,1,0,0,0,0,0,0
GENE-6207,NO,1,0,0,0,0,0,0
GENE-6208,NO,1,145,125,112,94,127,89
GENE-6209,NO,1,0,0,0,0,0,0
GENE-6210,NO,1,0,0,0,0,0,0
GENE-6211,NO,1,0,0,0,0,0,0
GENE-6212,YES,1,0,0,0,0,0,0
GENE-6213,NO,1,0,0,0,0,0,0
GENE-6214,YES,1,0,0,0,0,0,0
GENE-6215,NO,1,0,0,0,0,0,0
GENE-6216,NO,1,0,0,0,0,0,0
GENE-6217,NO,1,0,0,0,0,0,0
GENE-6218,NO,1,682,674,646,650,653,621
GENE-6219,NO,1,0,0,0,0,0,0
GENE-6220,NO,1,0,0,0,0,0,0
GENE-6221,NO,1,0,0,0,0,0,0
GENE-6222,NO,1,0,0,0,0,0,0
GENE-6223,NO,1,0,0,0,0,0,0
GENE-6224,NO,1,11,11,9,11,7,6
GENE-6225,NO,1,0,0,0,0,0,0
GENE-6226,NO,1,0,0,0,0,0,0
GENE-6227,NO,1,41,69,57,64,57,44
GENE-6228,NO,1,0,0,0,0,0,0
GENE-6229,NO,1,0,0,0,0,0,0
GENE-6230,NO,1,0,0,0,0,0,0
GENE-6231,NO,1,0,0,0,0,0,0
GENE-6232,NO,1,0,0,0,0,0,0
GENE-6233,NO,1,97,88,99,84,106,129
GENE-6234,NO,1,0,0,0,1,0,0
GENE-6235,NO,1,187,94,253,250,224,483
GENE-6237,NO,1,0,0,0,0,0,0
GENE-6238,NO,1,0,0,0,0,0,0
GENE-6239,NO,1,0,0,0,0,0,0
GENE-6240,NO,1,0,0,0,0,0,0
GENE-6241,NO,1,0,0,0,0,0,0
GENE-6242,NO,1,0,0,0,0,0,0
GENE-6243,NO,1,0,0,0,0,0,0
GENE-6244,NO,1,123,109,186,156,118,164
GENE-6245,NO,1,155,146,166,158,141,167
GENE-6246,NO,1,1036,1171,1153,1118,1119,1424
GENE-6247,NO,1,0,0,0,0,0,0
GENE-6248,NO,1,0,0,0,0,0,0
GENE-6249,YES,1,0,0,0,0,0,0
GENE-6250,NO,1,0,0,0,0,0,0
GENE-6251,NO,1,0,0,0,0,0,0
GENE-6252,NO,1,0,0,0,3,2,3
GENE-6253,YES,1,0,0,0,0,0,0
GENE-6254,NO,1,0,0,0,0,0,0
GENE-6255,NO,1,0,0,0,0,0,0
GENE-6256,NO,1,0,0,0,0,0,0
GENE-6257,NO,1,0,0,0,0,0,0
GENE-6258,NO,1,0,0,0,0,0,0
GENE-6259,NO,1,0,0,0,0,0,0
GENE-6260,NO,1,0,0,0,0,0,0
GENE-6261,NO,1,7,8,14,11,12,15
GENE-6262,NO,1,0,0,0,0,0,0
GENE-6263,NO,1,0,1,2,2,0,0
GENE-6264,NO,1,63,71,72,41,85,81
GENE-6265,NO,1,0,0,0,0,0,0
GENE-6266,NO,1,0,0,0,0,0,0
GENE-6267,NO,1,0,0,0,0,0,0
GENE-6268,NO,1,0,0,0,0,0,0
GENE-6269,NO,1,0,0,0,0,0,0
GENE-6270,NO,1,0,0,0,0,0,0
GENE-6271,NO,1,0,0,0,0,0,0
GENE-6272,NO,1,0,0,0,0,0,0
GENE-6273,NO,1,7,12,7,10,11,8
GENE-6274,NO,1,439,225,530,523,439,338
GENE-6275,NO,1,123,133,139,96,116,152
GENE-6276,NO,1,0,0,0,0,0,0
GENE-6277,NO,1,0,0,0,0,0,0
GENE-6278,NO,1,0,0,0,0,0,0
GENE-6279,NO,1,148,607,69,493,311,180
GENE-6280,NO,1,38,47,31,40,51,53
GENE-6281,NO,1,11,4,11,9,4,9
GENE-6282,NO,1,0,0,0,0,0,0
GENE-6283,NO,1,0,0,0,0,0,0
GENE-6284,NO,1,0,0,0,0,0,0
GENE-6285,NO,1,83,133,126,103,111,136
GENE-6286,NO,1,0,0,0,0,0,0
GENE-6287,NO,1,0,0,0,0,0,0
GENE-6288,NO,1,2,0,0,0,0,0
GENE-6289,NO,1,7,14,16,9,15,8
GENE-6290,NO,1,1,0,0,1,0,0
GENE-6291,NO,1,2,1,4,2,2,1
GENE-6292,NO,1,0,0,0,0,0,0
GENE-6293,NO,1,36,201,33,84,90,74
GENE-6294,NO,1,29,15,18,14,12,12
GENE-6295,NO,1,140,147,116,287,91,110
GENE-6296,NO,1,2,8,3,25,7,6
GENE-6297,NO,1,0,0,0,0,0,0
GENE-6298,NO,1,78,90,82,107,93,85
GENE-6299,NO,1,0,0,0,0,0,0
GENE-6300,YES,1,0,0,0,0,0,0
GENE-6301,NO,1,0,0,0,0,0,0
GENE-6302,NO,1,0,0,0,0,0,0
GENE-6303,NO,1,0,0,0,0,0,0
GENE-6304,NO,1,0,0,0,0,0,0
GENE-6305,NO,1,0,0,0,0,0,0
GENE-6306,NO,1,0,0,0,0,0,0
GENE-6307,NO,1,0,0,0,0,0,0
GENE-6308,NO,1,7,742,656,0,598,354
GENE-6309,NO,1,0,0,0,0,0,0
GENE-6310,YES,1,0,0,0,0,0,0
GENE-6311,NO,1,0,0,0,0,0,0
GENE-6312,NO,1,0,0,0,0,0,0
GENE-6313,NO,1,0,1,2,1,0,1
GENE-6314,NO,1,2,2,3,0,6,3
GENE-6315,NO,1,0,0,0,0,0,0
GENE-6316,NO,1,0,0,0,0,0,0
GENE-6317,NO,1,0,0,0,0,0,0
GENE-6318,NO,1,8,5,9,7,10,6
GENE-6319,NO,1,0,0,0,0,0,0
GENE-6320,NO,1,0,0,0,0,0,0
GENE-6321,NO,1,16,13,3,2,10,7
GENE-6322,NO,1,0,0,0,0,0,0
GENE-6323,NO,1,1232,1031,1109,1093,1078,1357
GENE-6324,YES,1,0,0,0,0,0,0
GENE-6325,NO,1,0,0,0,0,0,0
GENE-6326,NO,1,0,0,0,0,0,0
GENE-6327,NO,1,2,1,1,0,0,0
GENE-6328,NO,1,0,0,0,0,0,0
GENE-6329,NO,1,0,0,0,0,0,0
GENE-6330,NO,1,0,0,0,0,0,0
GENE-6331,NO,1,290,237,313,325,220,328
GENE-6332,NO,1,0,0,0,0,0,0
GENE-6333,NO,1,739,1013,964,679,1162,544
GENE-6334,NO,1,0,0,0,0,0,0
GENE-6335,NO,1,0,0,0,0,0,0
GENE-6336,NO,1,0,0,0,0,0,0
GENE-6337,NO,1,2,0,0,0,1,0
GENE-6338,NO,1,0,0,0,0,0,0
GENE-6339,NO,1,1620,1682,1793,1811,1964,1714
GENE-6340,NO,1,1586,1615,1575,1488,1459,1671
GENE-6341,NO,1,43,44,34,56,26,32
GENE-6342,NO,1,0,0,0,0,0,0
GENE-6343,NO,1,206,193,182,190,198,179
GENE-6344,NO,1,0,0,0,0,0,0
GENE-6345,NO,1,0,0,0,0,0,0
GENE-6346,NO,1,0,0,0,0,0,0
GENE-6347,NO,1,17,18,12,17,17,20
GENE-6348,NO,1,0,0,0,0,0,0
GENE-6349,NO,1,199,50,54,208,62,135
GENE-6350,NO,1,0,0,0,0,0,0
GENE-6351,NO,1,0,1,1,1,2,1
GENE-6352,NO,1,0,0,0,0,0,0
GENE-6353,NO,1,0,0,0,0,0,0
GENE-6354,NO,1,28,27,51,25,28,57
GENE-6355,NO,1,0,0,0,0,0,0
GENE-6356,YES,1,3,0,1,0,0,0
GENE-6357,NO,1,0,0,0,0,0,0
GENE-6358,NO,1,0,0,0,0,0,0
GENE-6359,NO,1,0,0,0,0,0,0
GENE-6360,NO,1,0,0,0,0,0,0
GENE-6361,NO,1,0,0,0,0,0,0
GENE-6362,NO,1,0,0,0,0,0,0
GENE-6363,NO,1,0,0,0,0,0,0
GENE-6364,NO,1,0,0,0,0,0,0
GENE-6365,NO,1,0,0,0,0,0,0
GENE-6366,NO,1,0,0,0,0,0,0
GENE-6367,NO,1,0,0,0,0,0,0
GENE-6368,NO,1,221,177,250,194,207,230
GENE-6369,NO,1,0,0,0,0,0,0
GENE-6370,NO,1,0,0,0,0,0,0
GENE-6371,NO,1,0,0,0,0,0,0
GENE-6372,NO,1,0,0,0,0,0,0
GENE-6373,NO,1,53,36,33,35,59,26
GENE-6374,NO,1,0,0,0,0,0,0
GENE-6375,NO,1,167,175,221,162,171,188
GENE-6376,NO,1,2,7,1,2,3,3
GENE-6377,NO,1,1136,968,1154,1001,1000,1093
GENE-6378,NO,1,11,17,9,16,8,15
GENE-6379,NO,1,0,0,0,0,0,0
GENE-6380,YES,1,0,0,0,0,0,0
GENE-6381,NO,1,0,0,0,0,0,0
GENE-6382,NO,1,0,0,0,0,0,0
GENE-6383,NO,1,84,124,108,87,114,97
GENE-6384,NO,1,0,0,0,0,0,0
GENE-6385,NO,1,0,0,0,0,0,0
GENE-6386,NO,1,0,0,0,0,0,0
GENE-6387,NO,1,0,0,0,0,0,0
GENE-6388,NO,1,0,0,0,0,0,0
GENE-6389,NO,1,0,0,0,0,0,0
GENE-6390,NO,1,0,0,1,1,1,1
GENE-6391,NO,1,8,7,6,6,5,3
GENE-6392,NO,1,0,0,0,0,0,0
GENE-6393,NO,1,0,0,0,0,0,0
GENE-6394,NO,1,29,2,24,4,1,11
GENE-6395,NO,1,0,0,0,0,0,0
GENE-6396,NO,1,0,0,0,0,0,0
GENE-6397,NO,1,0,0,0,0,0,0
GENE-6398,NO,1,0,0,0,0,0,0
GENE-6399,NO,1,74,50,55,35,50,91
GENE-6400,NO,1,0,0,0,0,0,0
GENE-6401,NO,1,9,6,4,4,4,5
GENE-6402,NO,1,0,0,0,0,0,0
GENE-6403,NO,1,0,0,0,0,0,0
GENE-6404,NO,1,0,0,0,0,0,0
GENE-6405,NO,1,0,0,0,0,0,0
GENE-6406,NO,1,0,0,0,0,0,0
GENE-6407,NO,1,0,0,0,0,0,0
GENE-6408,NO,1,0,0,0,0,0,0
GENE-6409,NO,1,0,0,0,0,0,0
GENE-6410,NO,1,19,20,17,17,22,28
GENE-6411,NO,1,1366,1238,1297,1419,1168,1245
GENE-6412,NO,1,0,0,0,0,0,0
GENE-6413,NO,1,0,0,0,0,0,0
GENE-6414,NO,1,3,5,7,2,4,2
GENE-6415,NO,1,0,0,0,0,0,0
GENE-6416,NO,1,0,0,0,0,0,0
GENE-6417,NO,1,0,0,0,0,0,0
GENE-6418,YES,1,0,0,0,0,0,0
GENE-6419,NO,1,0,0,0,0,0,0
GENE-6420,NO,1,0,0,0,0,0,0
GENE-6421,NO,1,0,0,0,0,0,0
GENE-6423,NO,1,0,0,0,0,0,0
GENE-6424,NO,1,18,17,22,14,24,13
GENE-6425,NO,1,14,20,14,13,12,11
GENE-6426,NO,1,0,0,0,0,0,0
GENE-6427,NO,1,0,0,0,0,0,0
GENE-6428,NO,1,1,1,0,0,3,1
GENE-6429,NO,1,0,0,0,0,0,0
GENE-6430,NO,1,625,670,686,578,566,652
GENE-6431,NO,1,0,0,0,0,0,0
GENE-6432,NO,1,8,8,6,7,8,8
GENE-6433,NO,1,0,0,0,0,0,0
GENE-6434,NO,1,0,0,0,0,0,0
GENE-6435,NO,1,0,0,0,0,0,0
GENE-6436,NO,1,0,0,0,0,0,0
GENE-6437,NO,1,288,405,300,347,331,337
GENE-6438,NO,1,13,13,18,12,18,17
GENE-6439,NO,1,0,0,0,0,0,0
GENE-6440,NO,1,0,0,0,0,0,0
GENE-6441,NO,1,73,50,72,79,71,50
GENE-6442,NO,1,76,74,115,89,125,107
GENE-6443,NO,1,23,39,27,27,38,41
GENE-6444,NO,1,0,0,0,0,0,0
GENE-6445,NO,1,0,0,0,0,0,0
GENE-6446,NO,1,0,0,0,0,0,0
GENE-6447,NO,1,1397,1515,1194,1371,1275,1279
GENE-6448,NO,1,0,0,0,0,0,0
GENE-6449,NO,1,323,351,268,189,237,295
GENE-6450,NO,1,189,274,299,318,200,220
GENE-6451,NO,1,53,35,24,37,14,32
GENE-6452,NO,1,1,0,1,0,1,2
GENE-6453,NO,1,0,0,0,0,0,0
GENE-6454,NO,1,0,0,0,0,0,0
GENE-6455,NO,1,0,0,0,0,0,0
GENE-6456,NO,1,78,61,65,64,89,91
GENE-6457,NO,1,0,0,0,0,0,0
GENE-6458,NO,1,0,0,0,0,0,0
GENE-6459,NO,1,0,0,0,0,0,0
GENE-6460,NO,1,0,0,0,0,0,0
GENE-6461,NO,1,266,285,291,261,323,249
GENE-6462,NO,1,0,0,0,0,0,0
GENE-6463,NO,1,0,0,0,0,0,0
GENE-6464,NO,1,0,0,0,0,0,0
GENE-6465,NO,1,0,0,0,0,0,0
GENE-6466,NO,1,0,0,0,0,0,0
GENE-6467,NO,1,0,0,0,0,0,0
GENE-6468,NO,1,0,0,0,0,0,0
GENE-6469,NO,1,128,112,91,109,185,142
GENE-6470,NO,1,0,0,0,0,0,0
GENE-6471,NO,1,0,0,0,0,0,0
GENE-6472,NO,1,379,478,312,307,408,457
GENE-6473,NO,1,0,0,0,0,0,0
GENE-6474,NO,1,0,1,0,0,0,3
GENE-6475,NO,1,0,0,0,0,0,0
GENE-6476,NO,1,0,0,0,0,0,0
GENE-6477,NO,1,0,0,0,0,0,0
GENE-6478,NO,1,332,483,597,487,374,513
GENE-6479,NO,1,15,8,8,8,20,22
GENE-6480,NO,1,30,21,16,30,27,24
GENE-6481,NO,1,75,60,79,71,64,77
GENE-6482,NO,1,0,0,0,0,0,0
GENE-6483,NO,1,13,19,26,19,21,22
GENE-6484,NO,1,0,0,0,0,0,0
GENE-6485,NO,1,2,3,10,14,12,1
GENE-6486,NO,1,12,23,23,11,15,14
GENE-6487,NO,1,0,0,0,0,0,0
GENE-6488,NO,1,0,0,0,0,0,0
GENE-6489,NO,1,3,4,2,10,2,8
GENE-6491,NO,1,0,0,0,0,0,0
GENE-6492,NO,1,1,0,0,0,0,1
GENE-6493,NO,1,0,0,0,0,0,0
GENE-6494,NO,1,0,0,0,0,0,0
GENE-6495,NO,1,0,0,0,0,0,0
GENE-6496,NO,1,5,4,7,2,3,2
GENE-6497,NO,1,0,0,0,0,0,0
GENE-6498,NO,1,1,0,0,0,0,0
GENE-6499,NO,1,0,0,0,0,0,0
GENE-6500,NO,1,0,0,0,0,0,0
GENE-6501,NO,1,16,17,14,14,19,12
GENE-6502,NO,1,0,0,0,0,0,0
GENE-6503,NO,1,0,0,0,0,0,0
GENE-6504,YES,1,0,0,0,0,0,0
GENE-6505,NO,1,0,0,0,0,0,0
GENE-6506,NO,1,125,114,134,113,130,120
GENE-6507,NO,1,0,0,0,0,0,0
GENE-6508,NO,1,0,0,0,0,0,0
GENE-6509,NO,1,0,0,0,0,0,0
GENE-6510,NO,1,0,0,0,0,0,0
GENE-6511,NO,1,0,404,28,39,0,211
GENE-6512,NO,1,952,664,951,626,515,800
GENE-6513,NO,1,0,0,0,0,0,0
GENE-6514,NO,1,1494,1274,1363,1567,1323,1039
GENE-6515,NO,1,4,7,7,6,12,7
GENE-6516,NO,1,0,0,0,0,0,0
GENE-6517,NO,1,0,0,0,0,0,0
GENE-6518,NO,1,121,111,140,91,84,99
GENE-6519,NO,1,0,0,0,0,0,0
GENE-6520,NO,1,0,0,0,0,0,0
GENE-6521,NO,1,58,61,33,68,34,29
GENE-6522,NO,1,464,506,467,354,780,494
GENE-6523,NO,1,0,0,0,0,0,0
GENE-6524,NO,1,0,0,0,0,0,0
GENE-6525,NO,1,0,0,0,0,0,0
GENE-6526,NO,1,0,0,0,0,0,0
GENE-6527,NO,1,66,86,77,73,75,91
GENE-6528,NO,1,0,1,0,0,0,1
GENE-6529,NO,1,0,0,0,0,0,0
GENE-6530,NO,1,1247,1209,1279,1617,975,1136
GENE-6531,NO,1,624,153,955,24,810,69
GENE-6532,NO,1,0,0,0,0,0,0
GENE-6533,NO,1,0,1,2,3,1,2
GENE-6534,NO,1,0,0,0,0,0,0
GENE-6535,NO,1,4,3,5,0,1,2
GENE-6536,NO,1,0,0,0,0,0,0
GENE-6537,NO,1,0,0,0,0,0,0
GENE-6538,NO,1,396,436,469,256,367,293
GENE-6539,NO,1,0,0,0,0,0,0
GENE-6540,NO,1,0,0,0,0,0,0
GENE-6541,NO,1,0,0,0,0,0,0
GENE-6542,YES,1,0,0,0,0,0,0
GENE-6543,YES,1,0,0,0,0,0,0
GENE-6544,NO,1,0,0,0,0,0,0
GENE-6545,NO,1,0,0,0,0,0,0
GENE-6546,NO,1,0,0,0,0,0,0
GENE-6547,NO,1,0,0,0,0,0,0
GENE-6548,NO,1,0,0,0,0,0,0
GENE-6549,NO,1,0,0,0,0,0,0
GENE-6550,NO,1,292,2079,1629,2330,3073,968
GENE-6551,NO,1,0,0,0,0,0,0
GENE-6552,NO,1,2,3,3,4,4,2
GENE-6553,NO,1,0,0,0,0,0,0
GENE-6554,NO,1,0,0,0,0,0,0
GENE-6555,NO,1,0,0,0,0,0,0
GENE-6556,NO,1,0,0,0,0,0,0
GENE-6557,NO,1,1,0,0,0,0,1
GENE-6558,NO,1,15,28,13,23,26,32
GENE-6559,NO,1,0,0,0,0,0,0
GENE-6560,NO,1,7,4,7,7,5,6
GENE-6561,NO,1,6,56,54,53,20,41
GENE-6562,NO,1,0,0,0,0,0,0
GENE-6563,NO,1,258,571,243,322,453,418
GENE-6564,NO,1,60,80,57,90,40,68
GENE-6565,NO,1,1072,710,968,790,991,1017
GENE-6566,NO,1,0,0,0,0,0,0
GENE-6567,NO,1,0,0,0,0,0,0
GENE-6568,NO,1,109,93,91,91,107,96
GENE-6569,NO,1,0,0,0,0,0,0
GENE-6570,NO,1,0,0,0,0,0,0
GENE-6571,NO,1,0,0,0,0,0,0
GENE-6572,NO,1,42,82,68,50,46,55
GENE-6573,NO,1,0,0,0,0,0,0
GENE-6574,NO,1,1,0,1,0,0,2
GENE-6575,NO,1,0,0,0,0,0,0
GENE-6576,NO,1,0,0,0,0,0,0
GENE-6577,NO,1,174,199,193,187,225,200
GENE-6578,NO,1,0,0,0,0,0,0
GENE-6579,NO,1,15,22,24,17,17,22
GENE-6580,NO,1,0,0,0,0,0,0
GENE-6581,NO,1,831,506,504,771,495,448
GENE-6582,NO,1,0,0,0,0,0,0
GENE-6584,NO,1,0,0,0,0,0,0
GENE-6585,YES,1,0,0,0,0,0,0
GENE-6586,NO,1,1206,1319,1087,1331,1327,1174
GENE-6587,NO,1,769,1212,1445,906,671,1338
GENE-6588,NO,1,0,0,0,0,0,0
GENE-6589,NO,1,0,0,0,2,0,0
GENE-6590,NO,1,0,0,0,0,0,0
GENE-6591,NO,1,0,0,0,0,0,0
GENE-6592,NO,1,0,0,0,0,0,0
GENE-6593,NO,1,0,0,0,0,0,0
GENE-6594,NO,1,0,0,0,0,0,0
GENE-6595,NO,1,0,0,0,0,0,0
GENE-6596,NO,1,0,0,0,0,0,0
GENE-6597,NO,1,4,8,3,9,4,3
GENE-6598,NO,1,0,0,0,0,0,0
GENE-6599,NO,1,0,0,0,0,0,0
GENE-6600,NO,1,52,72,91,73,57,68
GENE-6601,NO,1,0,0,0,0,0,0
GENE-6602,NO,1,21,28,13,18,19,31
GENE-6603,NO,1,986,955,1090,1177,1015,1270
GENE-6604,NO,1,0,0,0,0,0,0
GENE-6605,NO,1,0,0,0,0,0,0
GENE-6606,NO,1,0,0,0,0,0,0
GENE-6607,NO,1,1,2,0,1,0,2
GENE-6608,NO,1,0,0,0,0,0,0
GENE-6609,NO,1,22,30,16,13,22,24
GENE-6610,NO,1,134,105,106,125,150,142
GENE-6611,NO,1,50,48,45,48,40,50
GENE-6612,NO,1,0,0,0,0,0,0
GENE-6613,NO,1,0,0,0,0,0,0
GENE-6614,NO,1,0,0,0,0,0,0
GENE-6615,NO,1,0,0,0,0,0,0
GENE-6616,NO,1,0,0,0,0,0,0
GENE-6617,NO,1,0,0,0,0,0,0
GENE-6618,NO,1,0,0,0,0,0,0
GENE-6619,NO,1,50,54,43,65,69,57
GENE-6620,NO,1,0,0,0,0,0,0
GENE-6621,NO,1,0,0,0,0,0,0
GENE-6622,NO,1,0,0,0,0,0,0
GENE-6623,NO,1,0,0,0,0,0,0
GENE-6624,NO,1,20,30,25,26,39,25
GENE-6625,YES,1,0,0,0,0,0,0
GENE-6626,NO,1,0,0,0,0,0,0
GENE-6627,NO,1,0,0,0,0,0,0
GENE-6628,NO,1,0,0,0,0,0,0
GENE-6629,NO,1,0,0,0,0,0,0
GENE-6630,NO,1,0,0,0,0,0,0
GENE-6631,NO,1,853,729,742,623,721,741
GENE-6632,NO,1,0,0,0,0,0,0
GENE-6633,NO,1,0,0,0,0,0,0
GENE-6634,NO,1,1178,1752,1444,1054,1165,1399
GENE-6635,NO,1,0,0,0,0,0,0
GENE-6636,NO,1,0,0,0,0,0,0
GENE-6637,YES,1,0,1,1,0,0,0
GENE-6638,NO,1,0,0,0,0,0,0
GENE-6639,NO,1,2,4,1,2,1,5
GENE-6640,NO,1,0,0,0,0,0,0
GENE-6641,NO,1,364,305,356,273,290,356
GENE-6642,NO,1,0,0,0,0,0,0
GENE-6643,NO,1,0,0,0,0,0,0
GENE-6644,NO,1,0,8,126,1143,724,960
GENE-6645,NO,1,0,0,0,0,0,0
GENE-6646,NO,1,0,0,0,0,0,0
GENE-6647,NO,1,197,237,232,213,240,186
GENE-6648,NO,1,0,0,0,0,0,0
GENE-6649,NO,1,12,15,13,15,18,34
GENE-6650,NO,1,0,0,0,0,0,0
GENE-6651,NO,1,0,0,0,0,0,1
GENE-6652,NO,1,0,0,0,0,0,0
GENE-6653,NO,1,0,0,0,0,0,0
GENE-6654,NO,1,0,0,0,0,0,0
GENE-6656,NO,1,0,0,0,0,0,0
GENE-6657,NO,1,9,23,19,24,12,24
GENE-6658,NO,1,3,1,2,6,6,1
GENE-6659,NO,1,0,0,0,0,0,0
GENE-6660,NO,1,0,0,0,0,0,0
GENE-6661,NO,1,192,230,157,206,224,168
GENE-6662,NO,1,475,480,417,402,499,407
GENE-6663,NO,1,0,0,0,0,0,0
GENE-6664,NO,1,0,0,0,0,0,0
GENE-6665,NO,1,0,0,0,0,0,0
GENE-6666,NO,1,0,0,0,0,0,0
GENE-6667,NO,1,0,0,0,0,0,0
GENE-6668,NO,1,0,0,0,0,0,0
GENE-6669,NO,1,0,0,0,0,0,0
GENE-6670,NO,1,1,2,2,2,3,0
GENE-6671,NO,1,0,0,0,0,0,0
GENE-6672,NO,1,0,0,0,0,0,0
GENE-6673,NO,1,274,257,237,281,253,405
GENE-6674,NO,1,561,567,502,634,405,496
GENE-6675,NO,1,0,0,0,0,0,0
GENE-6676,NO,1,0,0,0,0,0,0
GENE-6677,NO,1,1013,402,313,1081,541,1526
GENE-6678,NO,1,0,0,0,0,0,0
GENE-6679,NO,1,0,0,0,0,0,0
GENE-6680,NO,1,0,0,0,0,0,0
GENE-6681,NO,1,3346,3746,3323,3708,2862,3524
GENE-6682,NO,1,0,0,0,0,0,0
GENE-6683,NO,1,0,0,0,0,0,0
GENE-6684,NO,1,5,8,6,16,11,7
GENE-6685,NO,1,0,1,3,1,0,2
GENE-6686,NO,1,0,0,0,0,0,0
GENE-6687,NO,1,0,0,0,0,0,0
GENE-6688,NO,1,24,12,28,34,37,16
GENE-6689,NO,1,0,0,0,0,0,0
GENE-6690,NO,1,0,0,0,0,0,0
GENE-6691,NO,1,0,0,0,0,0,0
GENE-6692,NO,1,0,0,0,0,0,0
GENE-6693,NO,1,0,0,0,0,0,0
GENE-6694,NO,1,1,1,1,1,1,1
GENE-6695,NO,1,0,0,0,0,0,0
GENE-6696,NO,1,0,0,0,0,0,0
GENE-6697,NO,1,0,0,0,0,0,0
GENE-6698,NO,1,0,0,0,0,0,0
GENE-6699,NO,1,0,0,0,0,0,0
GENE-6700,NO,1,0,0,0,0,0,0
GENE-6701,NO,1,0,0,0,0,0,0
GENE-6702,NO,1,5,6,11,3,8,12
GENE-6703,NO,1,0,0,0,0,0,0
GENE-6704,NO,1,2,0,5,7,7,3
GENE-6705,NO,1,0,0,0,0,0,0
GENE-6706,NO,1,3,4,0,2,5,0
GENE-6707,NO,1,0,0,0,0,0,0
GENE-6708,NO,1,0,0,0,0,0,0
GENE-6709,NO,1,0,0,0,0,0,0
GENE-6710,NO,1,0,0,0,0,1,1
GENE-6711,NO,1,7,3,3,9,2,6
GENE-6712,NO,1,0,0,0,0,0,0
GENE-6713,NO,1,1114,1282,1356,1052,1121,1061
GENE-6714,NO,1,17,14,17,12,14,4
GENE-6715,NO,1,3,2,1,3,1,2
GENE-6716,NO,1,3,0,1,1,3,3
GENE-6717,YES,1,0,0,0,0,0,0
GENE-6718,NO,1,0,0,0,0,0,0
GENE-6719,NO,1,0,0,0,0,0,0
GENE-6720,YES,1,0,0,0,0,0,0
GENE-6721,NO,1,6,3,0,1,2,1
GENE-6722,NO,1,7,2,0,0,4,5
GENE-6723,NO,1,0,1,0,1,0,1
GENE-6724,NO,1,0,0,0,0,0,0
GENE-6725,NO,1,0,0,0,0,0,0
GENE-6726,NO,1,0,0,0,0,0,0
GENE-6727,NO,1,0,0,0,0,0,0
GENE-6728,NO,1,0,0,0,0,0,0
GENE-6729,NO,1,0,1,0,0,0,0
GENE-6730,NO,1,0,0,0,0,0,0
GENE-6731,NO,1,0,0,0,0,0,0
GENE-6732,NO,1,612,672,690,594,650,668
GENE-6733,NO,1,125,136,242,145,179,165
GENE-6734,NO,1,0,0,0,0,0,0
GENE-6735,NO,1,0,0,0,0,0,0
GENE-6736,NO,1,74,87,72,59,71,80
GENE-6737,NO,1,0,0,0,0,0,0
GENE-6738,NO,1,0,0,0,0,0,0
GENE-6739,NO,1,0,0,0,0,0,0
GENE-6740,NO,1,0,0,0,0,0,0
GENE-6741,NO,1,0,0,0,0,0,0
GENE-6742,NO,1,0,0,0,0,0,0
GENE-6743,NO,1,8,12,7,6,10,9
GENE-6744,NO,1,0,0,0,0,0,0
GENE-6745,NO,1,0,0,0,0,0,0
GENE-6746,NO,1,0,0,0,0,1,0
GENE-6747,NO,1,0,1,0,0,0,0
GENE-6748,NO,1,174,143,115,106,122,89
GENE-6749,NO,1,1,1,1,0,0,0
GENE-6750,NO,1,10,11,10,7,9,4
GENE-6751,NO,1,0,0,0,0,0,0
GENE-6752,NO,1,3,3,6,8,5,7
GENE-6753,NO,1,0,0,0,0,0,0
GENE-6754,NO,1,597,455,852,915,532,481
GENE-6755,NO,1,0,0,0,0,0,0
GENE-6756,NO,1,4,1,3,3,6,2
GENE-6757,NO,1,613,611,584,667,691,646
GENE-6758,NO,1,3,7,5,6,6,5
GENE-6759,NO,1,0,0,0,0,0,0
GENE-6760,NO,1,0,0,0,0,0,0
GENE-6761,NO,1,0,0,0,0,0,0
GENE-6762,NO,1,0,0,0,0,0,0
GENE-6763,NO,1,36,64,85,48,77,72
GENE-6764,NO,1,0,0,0,0,0,0
GENE-6765,NO,1,23,13,12,13,11,32
GENE-6766,NO,1,17,25,42,18,24,23
GENE-6767,NO,1,40,21,35,19,24,18
GENE-6768,NO,1,0,0,0,0,0,0
GENE-6769,NO,1,0,0,0,0,0,0
GENE-6770,NO,1,2012,2217,2507,2563,2191,2494
GENE-6771,NO,1,0,0,0,0,0,0
GENE-6772,NO,1,171,179,190,217,198,183
GENE-6773,NO,1,1214,1248,1040,1073,796,977
GENE-6774,NO,1,0,0,0,0,0,0
GENE-6775,NO,1,6,6,0,1,4,4
GENE-6776,NO,1,0,0,2,1,0,0
GENE-6777,NO,1,0,0,0,0,0,0
GENE-6778,NO,1,0,0,0,0,0,0
GENE-6779,NO,1,0,0,0,0,0,0
GENE-6780,NO,1,6,13,9,8,3,5
GENE-6781,NO,1,0,0,0,0,0,0
GENE-6782,NO,1,0,0,0,0,0,0
GENE-6783,NO,1,0,0,0,0,0,0
GENE-6784,NO,1,0,0,0,0,0,0
GENE-6785,NO,1,0,0,0,0,0,0
GENE-6786,NO,1,0,0,0,0,0,0
GENE-6787,NO,1,643,1248,938,651,871,759
GENE-6788,NO,1,10,5,15,7,3,5
GENE-6789,NO,1,0,0,0,0,0,0
GENE-6790,NO,1,0,0,0,0,0,0
GENE-6791,NO,1,0,0,0,0,1,0
GENE-6792,NO,1,0,0,0,0,0,0
GENE-6793,NO,1,17,27,15,25,21,27
GENE-6794,NO,1,0,0,0,0,0,0
GENE-6795,NO,1,0,0,0,0,0,0
GENE-6796,NO,1,0,0,0,0,0,0
GENE-6797,NO,1,0,0,0,0,0,0
GENE-6798,NO,1,0,0,0,0,0,0
GENE-6799,NO,1,1,3,1,1,0,0
GENE-6800,NO,1,489,389,404,553,498,371
GENE-6801,NO,1,365,275,198,197,335,208
GENE-6802,NO,1,0,0,0,0,0,0
GENE-6803,NO,1,46,40,49,75,45,41
GENE-6804,NO,1,4295,5017,4916,4028,4526,4864
GENE-6805,NO,1,0,0,0,0,0,0
GENE-6806,NO,1,0,0,0,0,0,0
GENE-6807,NO,1,190,107,164,134,110,132
GENE-6808,NO,1,65,85,76,65,73,74
GENE-6809,NO,1,0,0,0,0,0,0
GENE-6810,NO,1,0,0,0,0,0,0
GENE-6811,NO,1,80,51,73,34,90,68
GENE-6812,NO,1,0,2,1,4,0,1
GENE-6813,NO,1,0,0,0,0,0,0
GENE-6814,YES,1,0,0,0,0,0,0
GENE-6815,NO,1,45,71,75,76,67,69
GENE-6816,NO,1,0,0,0,0,0,0
GENE-6817,NO,1,0,0,0,0,0,0
GENE-6818,NO,1,50,44,33,36,39,33
GENE-6819,NO,1,0,0,0,1,0,2
GENE-6820,NO,1,0,0,0,0,0,0
GENE-6821,NO,1,0,0,0,0,0,0
GENE-6822,NO,1,0,0,0,0,0,0
GENE-6823,NO,1,0,0,0,0,0,0
GENE-6824,NO,1,6,4,3,4,5,4
GENE-6825,NO,1,0,0,0,0,0,0
GENE-6826,NO,1,0,0,0,0,0,0
GENE-6827,NO,1,0,0,0,0,0,0
GENE-6828,NO,1,0,0,0,0,0,0
GENE-6829,YES,1,0,0,0,0,0,0
GENE-6830,YES,1,0,0,0,0,0,0
GENE-6831,NO,1,0,0,0,0,0,0
GENE-6832,NO,1,0,0,0,0,0,0
GENE-6833,NO,1,0,0,0,0,0,0
GENE-6834,NO,1,45,43,39,40,36,32
GENE-6835,NO,1,0,0,0,0,0,0
GENE-6836,NO,1,0,0,0,0,0,0
GENE-6837,NO,1,0,0,0,0,0,0
GENE-6838,NO,1,0,0,0,0,0,0
GENE-6839,NO,1,795,778,740,730,824,881
GENE-6840,NO,1,343,382,466,506,303,416
GENE-6841,NO,1,120,137,157,123,101,128
GENE-6842,NO,1,0,0,0,0,0,0
GENE-6843,NO,1,0,0,0,0,0,0
GENE-6844,NO,1,0,0,0,0,0,0
GENE-6845,NO,1,0,0,0,0,0,0
GENE-6846,NO,1,0,0,0,0,0,0
GENE-6847,NO,1,0,0,0,0,0,0
GENE-6848,NO,1,0,0,0,0,0,0
GENE-6849,NO,1,0,0,0,0,0,0
GENE-6850,NO,1,0,0,0,0,0,0
GENE-6851,NO,1,0,0,0,0,0,0
GENE-6852,NO,1,17,16,18,15,12,15
GENE-6853,NO,1,0,0,0,0,0,0
GENE-6854,NO,1,0,0,0,0,0,0
GENE-6855,NO,1,181,155,167,167,147,191
GENE-6856,NO,1,1,0,0,0,0,0
GENE-6857,NO,1,0,0,0,0,0,0
GENE-6858,NO,1,0,0,0,0,0,0
GENE-6859,NO,1,235,267,241,266,290,211
GENE-6860,NO,1,477,557,533,474,482,391
GENE-6861,NO,1,4,2,0,3,4,4
GENE-6862,NO,1,0,0,0,0,0,0
GENE-6863,NO,1,0,0,0,0,0,0
GENE-6864,NO,1,0,0,0,0,0,0
GENE-6865,NO,1,0,0,0,0,1,0
GENE-6866,NO,1,0,0,0,0,0,0
GENE-6867,NO,1,48,32,66,88,194,141
GENE-6868,NO,1,33,29,30,42,35,36
GENE-6869,NO,1,0,0,0,0,0,0
GENE-6870,NO,1,0,0,0,0,0,0
GENE-6871,NO,1,0,0,0,0,0,0
GENE-6872,NO,1,0,0,0,0,0,0
GENE-6873,NO,1,0,0,0,0,0,0
GENE-6874,NO,1,0,0,0,0,0,0
GENE-6875,NO,1,0,0,0,0,0,0
GENE-6876,NO,1,0,0,0,0,0,0
GENE-6877,NO,1,0,0,0,0,0,0
GENE-6878,NO,1,16,18,16,14,11,19
GENE-6879,NO,1,0,0,0,0,0,0
GENE-6880,NO,1,122,221,181,226,191,172
GENE-6881,NO,1,0,0,0,0,0,0
GENE-6882,NO,1,221,410,302,330,257,275
GENE-6883,NO,1,0,0,0,0,0,0
GENE-6884,NO,1,0,0,0,0,0,0
GENE-6885,NO,1,4,1,1,3,2,3
GENE-6886,NO,1,6580,7353,5385,7612,5738,7806
GENE-6887,NO,1,0,0,0,0,0,0
GENE-6888,NO,1,0,0,0,0,0,0
GENE-6889,NO,1,0,0,0,0,0,0
GENE-6890,NO,1,2,1,6,1,1,4
GENE-6891,NO,1,0,0,0,0,0,0
GENE-6892,NO,1,0,0,0,0,0,0
GENE-6893,NO,1,0,0,0,0,0,0
GENE-6894,NO,1,0,0,0,0,0,0
GENE-6895,NO,1,1263,1227,995,1438,1171,1193
GENE-6896,NO,1,0,0,0,0,0,0
GENE-6897,NO,1,0,0,0,0,0,0
GENE-6898,NO,1,0,0,0,0,0,0
GENE-6899,YES,1,0,0,0,0,0,0
GENE-6900,NO,1,2,4,6,4,4,2
GENE-6901,NO,1,4,2,2,1,1,1
GENE-6902,NO,1,12,17,11,13,20,19
GENE-6903,NO,1,418,455,381,350,332,477
GENE-6904,NO,1,0,0,0,0,0,0
GENE-6905,NO,1,0,0,0,0,0,0
GENE-6906,NO,1,55,50,32,38,39,48
GENE-6907,NO,1,0,0,0,0,0,0
GENE-6908,NO,1,6,5,4,4,6,8
GENE-6909,NO,1,0,0,0,0,0,0
GENE-6910,NO,1,0,0,0,0,0,0
GENE-6911,NO,1,799,1120,775,817,766,921
GENE-6912,YES,1,0,0,0,0,0,0
GENE-6913,NO,1,0,0,0,0,0,0
GENE-6914,NO,1,0,0,0,0,0,0
GENE-6915,NO,1,4811,6219,4368,4509,3970,3615
GENE-6916,NO,1,0,0,0,0,0,0
GENE-6917,NO,1,0,0,0,0,0,0
GENE-6919,NO,1,0,0,0,0,0,0
GENE-6920,NO,1,0,0,0,0,0,0
GENE-6921,YES,1,0,0,0,0,0,0
GENE-6922,NO,1,0,0,0,0,0,0
GENE-6923,NO,1,0,0,0,0,0,0
GENE-6924,NO,1,0,0,0,0,0,0
GENE-6925,NO,1,0,0,0,0,0,0
GENE-6926,NO,1,213,182,376,212,292,160
GENE-6927,NO,1,7,8,11,7,7,9
GENE-6928,NO,1,249,4737,468,877,1218,1303
GENE-6929,NO,1,1,0,1,1,2,2
GENE-6930,NO,1,24,28,26,22,21,24
GENE-6931,NO,1,119,131,109,113,134,111
GENE-6932,NO,1,3742,4322,4280,4463,4222,4508
GENE-6933,NO,1,0,0,0,0,0,0
GENE-6934,NO,1,0,0,0,0,0,0
GENE-6935,NO,1,0,1,0,0,1,0
GENE-6936,NO,1,0,0,0,0,0,0
GENE-6937,NO,1,55,48,58,49,64,61
GENE-6938,YES,1,0,0,0,0,0,0
GENE-6939,NO,1,482,382,490,505,451,504
GENE-6940,NO,1,0,0,0,0,0,0
GENE-6941,NO,1,108,127,118,137,111,114
GENE-6942,NO,1,0,0,0,0,0,0
GENE-6943,NO,1,395,233,406,770,600,455
GENE-6944,NO,1,63,54,53,31,39,45
GENE-6945,NO,1,5,17,11,24,14,34
GENE-6946,NO,1,0,0,0,0,0,0
GENE-6947,NO,1,0,0,0,0,0,0
GENE-6948,NO,1,0,0,0,0,0,0
GENE-6949,NO,1,0,0,0,0,0,0
GENE-6950,NO,1,0,0,0,0,0,0
GENE-6951,YES,1,0,0,0,0,0,0
GENE-6952,NO,1,0,0,0,0,0,0
GENE-6953,NO,1,0,0,0,0,0,0
GENE-6954,NO,1,0,0,0,0,0,0
GENE-6955,NO,1,43,45,54,45,62,67
GENE-6956,NO,1,0,1,0,1,1,0
GENE-6957,NO,1,0,0,0,0,0,0
GENE-6958,NO,1,244,143,247,159,292,147
GENE-6959,NO,1,0,0,0,0,0,0
GENE-6960,NO,1,12,11,8,7,8,10
GENE-6961,NO,1,0,0,0,0,0,0
GENE-6962,NO,1,0,0,0,0,0,0
GENE-6963,NO,1,0,0,0,0,0,0
GENE-6964,NO,1,6,0,3,6,4,1
GENE-6965,NO,1,0,0,0,0,0,0
GENE-6966,NO,1,2,3,3,2,2,2
GENE-6967,NO,1,0,0,0,0,0,0
GENE-6968,NO,1,0,0,0,0,0,0
GENE-6969,NO,1,52,45,72,43,66,85
GENE-6970,NO,1,0,0,0,0,0,0
GENE-6971,NO,1,1079,947,1283,1184,1147,1314
GENE-6972,NO,1,0,0,0,0,0,0
GENE-6973,NO,1,15,9,21,6,19,8
GENE-6974,NO,1,0,0,0,0,0,0
GENE-6975,NO,1,0,0,0,0,0,0
GENE-6976,YES,1,0,0,0,0,0,0
GENE-6977,NO,1,0,0,0,0,0,0
GENE-6978,NO,1,144,162,173,162,127,152
GENE-6979,NO,1,0,0,0,0,0,0
GENE-6980,NO,1,0,0,0,0,0,0
GENE-6981,NO,1,0,0,0,0,0,0
GENE-6982,NO,1,0,0,0,0,0,0
GENE-6983,NO,1,0,0,0,0,0,0
GENE-6984,NO,1,17,23,29,38,29,20
GENE-6985,NO,1,0,0,0,0,0,0
GENE-6986,NO,1,4,2,2,4,8,8
GENE-6988,NO,1,394,352,473,487,416,431
GENE-6989,NO,1,0,0,0,0,0,0
GENE-6990,NO,1,3,2,2,168,37,228
GENE-6991,NO,1,0,0,0,0,0,0
GENE-6992,NO,1,5,3,8,5,3,5
GENE-6993,NO,1,0,0,0,0,0,0
GENE-6994,NO,1,0,0,0,0,0,0
GENE-6995,NO,1,0,0,0,0,0,0
GENE-6996,NO,1,0,0,0,0,0,0
GENE-6997,NO,1,2,1,1,1,2,0
GENE-6998,NO,1,0,0,0,0,0,0
GENE-6999,NO,1,0,0,0,0,0,0
GENE-7000,NO,1,0,0,0,0,0,0
GENE-7001,NO,1,0,0,0,0,0,0
GENE-7002,NO,1,160,145,112,127,139,147
GENE-7003,NO,1,0,0,0,0,0,0
GENE-7004,NO,1,1,0,0,0,1,0
GENE-7005,NO,1,0,0,0,0,0,0
GENE-7006,NO,1,131,724,816,313,684,1381
GENE-7007,NO,1,0,0,0,0,0,0
GENE-7008,NO,1,0,0,1,2,1,0
GENE-7009,NO,1,300,224,210,226,107,239
GENE-7010,NO,1,0,0,0,0,0,0
GENE-7011,NO,1,19,21,6,12,15,11
GENE-7012,NO,1,442,484,495,422,545,414
GENE-7013,NO,1,13,19,8,9,12,13
GENE-7014,NO,1,0,0,0,0,0,0
GENE-7015,NO,1,0,0,0,0,0,0
GENE-7016,NO,1,0,0,0,0,0,0
GENE-7017,NO,1,0,2,0,0,0,1
GENE-7018,NO,1,0,0,0,0,0,0
GENE-7019,NO,1,0,0,0,0,0,0
GENE-7020,NO,1,731,933,1110,905,1127,850
GENE-7021,NO,1,126,117,105,73,113,149
GENE-7022,NO,1,1,3,0,2,2,0
GENE-7023,NO,1,0,0,0,0,0,0
GENE-7024,NO,1,0,0,0,0,0,0
GENE-7025,NO,1,0,0,0,0,0,0
GENE-7026,YES,1,0,0,0,0,0,0
GENE-7027,NO,1,0,0,0,0,0,0
GENE-7028,NO,1,296,338,287,296,324,265
GENE-7029,NO,1,0,0,0,0,0,0
GENE-7030,NO,1,10,11,10,10,11,12
GENE-7031,NO,1,0,0,0,0,0,0
GENE-7032,NO,1,0,0,0,0,0,0
GENE-7033,NO,1,0,0,0,0,0,0
GENE-7034,NO,1,0,0,0,0,0,0
GENE-7035,NO,1,0,0,0,0,0,0
GENE-7036,NO,1,123,472,517,174,323,484
GENE-7037,NO,1,0,0,0,0,0,0
GENE-7038,NO,1,0,0,0,0,0,0
GENE-7039,NO,1,0,0,0,0,0,0
GENE-7040,NO,1,33,40,54,39,44,50
GENE-7041,NO,1,0,0,0,0,0,0
GENE-7042,NO,1,0,0,0,0,0,0
GENE-7043,NO,1,0,0,0,0,0,0
GENE-7044,NO,1,0,0,0,0,0,0
GENE-7045,NO,1,0,0,0,0,0,0
GENE-7046,NO,1,479,542,644,534,531,692
GENE-7047,NO,1,0,0,0,0,0,0
GENE-7048,NO,1,1527,1336,1077,1067,1995,1615
GENE-7049,NO,1,2,2,0,1,1,1
GENE-7050,NO,1,0,1,1,1,0,2
GENE-7051,NO,1,0,0,0,0,0,0
GENE-7052,NO,1,2,0,0,0,1,1
GENE-7053,NO,1,0,0,0,0,0,0
GENE-7054,NO,1,0,0,0,0,0,0
GENE-7055,NO,1,0,0,0,0,0,0
GENE-7056,NO,1,0,0,0,0,0,0
GENE-7058,NO,1,0,0,0,0,0,0
GENE-7059,NO,1,0,0,0,0,0,0
GENE-7060,NO,1,0,0,0,0,0,0
GENE-7061,NO,1,0,0,0,0,0,0
GENE-7062,NO,1,0,0,0,0,0,0
GENE-7063,NO,1,0,0,0,0,0,0
GENE-7064,NO,1,0,0,0,0,0,0
GENE-7065,NO,1,5,10,3,5,7,1
GENE-7066,NO,1,0,0,0,0,0,0
GENE-7067,NO,1,0,0,0,0,0,0
GENE-7068,NO,1,587,374,278,376,484,298
GENE-7069,NO,1,83,76,8,27,131,57
GENE-7070,NO,1,8,10,4,12,6,4
GENE-7071,NO,1,0,3,3,2,2,3
GENE-7072,NO,1,1519,1542,1790,1752,1050,1949
GENE-7073,NO,1,0,0,0,0,0,0
GENE-7074,NO,1,0,0,0,0,0,0
GENE-7075,NO,1,16,34,31,32,33,12
GENE-7076,NO,1,388,750,325,347,285,593
GENE-7077,NO,1,0,0,0,0,0,0
GENE-7078,NO,1,0,0,0,0,0,0
GENE-7079,YES,1,0,0,0,0,0,0
GENE-7080,NO,1,0,0,0,0,0,0
GENE-7081,NO,1,92,78,66,86,75,62
GENE-7082,NO,1,23,31,45,42,33,43
GENE-7083,YES,1,0,0,0,0,0,0
GENE-7084,NO,1,0,0,0,0,0,0
GENE-7085,NO,1,0,0,0,0,0,0
GENE-7086,NO,1,0,0,0,0,0,0
GENE-7087,NO,1,0,1,0,0,1,0
GENE-7088,NO,1,17,47,40,18,17,29
GENE-7089,NO,1,2,0,9,4,5,2
GENE-7090,NO,1,12,10,6,7,10,9
GENE-7091,NO,1,2,1,0,0,1,1
GENE-7092,NO,1,0,0,0,0,0,0
GENE-7093,NO,1,0,0,0,0,0,0
GENE-7094,NO,1,0,0,0,0,0,0
GENE-7095,NO,1,514,453,528,408,476,342
GENE-7096,NO,1,412,332,458,405,493,318
GENE-7097,NO,1,0,0,0,0,0,0
GENE-7098,NO,1,0,0,0,0,0,0
GENE-7099,NO,1,466,455,445,638,592,619
GENE-7100,NO,1,7,13,22,20,19,17
GENE-7101,YES,1,1,1,1,10,8,9
GENE-7102,NO,1,0,0,0,0,0,0
GENE-7103,NO,1,0,0,0,0,0,0
GENE-7104,NO,1,0,0,0,0,0,0
GENE-7105,NO,1,0,0,0,0,0,0
GENE-7106,NO,1,1,2,3,0,2,2
GENE-7107,NO,1,0,0,0,0,0,0
GENE-7108,NO,1,0,0,0,0,1,1
GENE-7109,NO,1,665,726,774,823,761,787
GENE-7110,NO,1,0,0,0,0,0,0
GENE-7111,NO,1,0,0,0,0,0,0
GENE-7112,NO,1,0,0,0,0,0,0
GENE-7113,NO,1,13,17,19,13,24,19
GENE-7114,NO,1,993,1043,1148,1176,979,1168
GENE-7115,NO,1,0,0,0,0,0,0
GENE-7116,NO,1,0,0,0,0,0,0
GENE-7117,NO,1,0,0,0,0,0,0
GENE-7118,NO,1,0,0,0,0,1,0
GENE-7119,NO,1,0,0,0,0,0,0
GENE-7120,NO,1,286,479,625,458,420,447
GENE-7121,NO,1,2,2,2,1,1,1
GENE-7122,NO,1,0,0,0,0,0,0
GENE-7123,NO,1,67,57,99,59,79,62
GENE-7124,NO,1,0,0,0,0,0,0
GENE-7125,NO,1,0,0,0,0,0,0
GENE-7126,NO,1,0,0,0,0,0,0
GENE-7127,NO,1,505,444,425,392,449,512
GENE-7128,NO,1,287,274,237,277,249,304
GENE-7129,NO,1,81,49,45,135,52,50
GENE-7130,NO,1,0,0,0,0,0,0
GENE-7131,YES,1,0,0,0,0,0,0
GENE-7132,NO,1,0,0,0,0,0,0
GENE-7133,NO,1,0,0,0,0,0,0
GENE-7134,NO,1,0,0,0,0,0,0
GENE-7135,NO,1,1,1,0,1,1,0
GENE-7136,NO,1,0,0,0,0,0,0
GENE-7137,NO,1,0,0,0,0,0,0
GENE-7138,NO,1,386,546,622,479,562,464
GENE-7139,NO,1,0,0,0,0,0,0
GENE-7140,NO,1,0,0,0,0,0,0
GENE-7141,NO,1,0,0,0,0,0,0
GENE-7142,NO,1,320,306,290,280,317,274
GENE-7143,NO,1,0,0,0,0,0,0
GENE-7144,NO,1,0,0,0,0,0,0
GENE-7145,NO,1,10,11,10,12,3,14
GENE-7146,NO,1,0,0,0,0,0,0
GENE-7147,NO,1,0,0,0,0,0,0
GENE-7148,NO,1,0,0,0,0,0,0
GENE-7149,NO,1,273,293,200,372,301,246
GENE-7150,NO,1,0,0,0,0,0,0
GENE-7151,NO,1,12,0,3,4,3,4
GENE-7152,NO,1,0,0,0,0,0,0
GENE-7153,NO,1,0,0,0,0,0,0
GENE-7154,NO,1,0,0,0,0,0,0
GENE-7155,NO,1,0,0,0,0,0,0
GENE-7156,NO,1,0,0,0,0,0,0
GENE-7157,NO,1,0,0,0,0,0,0
GENE-7158,YES,1,0,0,0,0,0,0
GENE-7159,NO,1,1878,1585,2127,1569,1925,1887
GENE-7160,NO,1,0,0,0,0,0,0
GENE-7161,NO,1,2160,2590,2421,1404,2257,1865
GENE-7162,NO,1,0,0,0,0,0,0
GENE-7163,NO,1,0,0,0,0,0,0
GENE-7164,NO,1,0,0,0,0,0,0
GENE-7165,NO,1,11,3,11,7,12,7
GENE-7166,NO,1,17,10,35,10,30,18
GENE-7167,NO,1,12,5,9,11,7,13
GENE-7168,NO,1,0,0,0,0,0,0
GENE-7169,NO,1,0,0,0,0,0,0
GENE-7170,NO,1,0,0,0,0,0,0
GENE-7171,NO,1,63,122,63,111,50,98
GENE-7172,NO,1,0,0,0,0,0,0
GENE-7173,NO,1,57,108,110,176,122,116
GENE-7174,NO,1,7,9,11,10,17,4
GENE-7175,NO,1,0,0,0,0,0,0
GENE-7176,NO,1,0,0,0,0,0,0
GENE-7177,NO,1,1,1,1,1,0,1
GENE-7178,NO,1,0,0,0,0,0,0
GENE-7179,NO,1,0,0,0,0,0,0
GENE-7180,NO,1,2,1,1,1,0,0
GENE-7181,NO,1,0,0,0,0,0,0
GENE-7182,NO,1,0,0,0,0,0,0
GENE-7183,NO,1,0,0,0,0,0,0
GENE-7184,NO,1,7,1,121,3,37,2
GENE-7185,NO,1,0,0,0,0,0,0
GENE-7186,NO,1,0,0,0,0,0,0
GENE-7187,NO,1,1,0,0,0,1,1
GENE-7188,YES,1,0,0,0,0,0,0
GENE-7189,NO,1,0,0,0,0,0,0
GENE-7190,NO,1,1,4,2,0,0,1
GENE-7191,NO,1,1284,1364,1376,1232,1314,1442
GENE-7192,NO,1,1,3,2,4,3,3
GENE-7193,NO,1,21,10,10,9,19,9
GENE-7194,NO,1,0,0,0,0,0,0
GENE-7195,NO,1,0,0,0,0,0,0
GENE-7196,NO,1,1717,1615,902,1392,2112,1515
GENE-7198,NO,1,0,0,0,0,0,0
GENE-7199,NO,1,0,0,0,0,0,0
GENE-7200,NO,1,0,0,0,0,0,0
GENE-7201,NO,1,2,1,0,4,3,0
GENE-7202,NO,1,0,0,0,0,0,0
GENE-7203,NO,1,0,0,0,0,0,0
GENE-7204,NO,1,54,51,42,48,35,40
GENE-7205,NO,1,0,0,0,0,0,0
GENE-7206,NO,1,5,5,4,6,9,4
GENE-7207,NO,1,0,0,0,0,0,0
GENE-7208,NO,1,0,0,0,0,0,0
GENE-7209,NO,1,0,0,0,0,0,0
GENE-7210,NO,1,105,137,194,104,114,142
GENE-7211,NO,1,0,0,0,0,0,0
GENE-7212,NO,1,0,0,0,0,0,0
GENE-7213,NO,1,0,0,0,0,0,0
GENE-7214,NO,1,77,17,36,41,10,41
GENE-7215,NO,1,0,0,0,0,0,0
GENE-7216,NO,1,31,36,30,34,25,28
GENE-7217,NO,1,0,0,0,0,0,0
GENE-7218,NO,1,0,0,0,0,0,0
GENE-7219,NO,1,2,1,0,1,0,0
GENE-7220,NO,1,0,0,0,0,0,0
GENE-7221,NO,1,0,0,0,0,0,0
GENE-7222,NO,1,0,0,0,0,0,0
GENE-7223,NO,1,0,0,0,0,0,0
GENE-7224,YES,1,0,0,0,0,0,0
GENE-7225,NO,1,0,1,1,0,1,1
GENE-7226,NO,1,0,0,0,0,0,0
GENE-7227,NO,1,0,0,0,0,0,0
GENE-7228,YES,1,0,0,0,0,0,0
GENE-7229,NO,1,0,0,0,0,0,0
GENE-7230,NO,1,0,0,0,0,0,0
GENE-7231,YES,1,0,0,0,0,0,0
GENE-7232,NO,1,0,0,0,0,0,0
GENE-7233,NO,1,0,0,0,0,0,0
GENE-7234,NO,1,0,0,0,0,0,0
GENE-7235,NO,1,75,92,73,66,70,69
GENE-7236,NO,1,526,453,563,823,659,704
GENE-7237,NO,1,0,0,0,0,0,0
GENE-7238,NO,1,0,0,0,0,0,0
GENE-7239,NO,1,0,0,0,0,0,0
GENE-7240,NO,1,0,0,0,0,0,0
GENE-7241,YES,1,1,0,0,0,0,0
GENE-7242,NO,1,0,0,0,0,0,0
GENE-7243,NO,1,0,0,0,0,0,0
GENE-7244,NO,1,0,0,0,0,0,0
GENE-7245,NO,1,0,0,0,0,0,0
GENE-7246,NO,1,0,0,0,0,0,0
GENE-7247,NO,1,9,5,4,9,6,26
GENE-7248,NO,1,0,0,0,0,0,0
GENE-7249,YES,1,0,0,0,0,0,0
GENE-7250,NO,1,171,205,137,200,139,192
GENE-7251,NO,1,53,59,79,74,76,55
GENE-7252,NO,1,0,0,0,0,0,0
GENE-7253,NO,1,0,0,0,0,0,0
GENE-7254,NO,1,0,0,0,0,0,0
GENE-7255,NO,1,13,4,11,2,8,10
GENE-7256,NO,1,0,0,0,0,0,0
GENE-7257,NO,1,58,42,56,35,46,66
GENE-7258,NO,1,10,6,8,9,11,6
GENE-7259,NO,1,0,0,0,0,0,0
GENE-7260,NO,1,0,2,3,0,1,3
GENE-7261,NO,1,145,273,209,203,198,245
GENE-7262,NO,1,0,1,0,1,1,2
GENE-7263,NO,1,0,0,0,0,0,0
GENE-7264,NO,1,0,0,0,0,0,0
GENE-7265,NO,1,0,0,0,0,0,0
GENE-7266,NO,1,0,0,0,0,0,0
GENE-7267,NO,1,4,1,5,1,1,3
GENE-7268,NO,1,0,0,0,0,0,0
GENE-7269,NO,1,0,0,0,0,0,0
GENE-7270,NO,1,0,0,0,0,0,0
GENE-7271,NO,1,0,0,0,0,0,0
GENE-7272,NO,1,0,0,0,0,0,0
GENE-7273,NO,1,0,0,0,0,0,0
GENE-7274,NO,1,402,570,459,369,467,367
GENE-7275,NO,1,0,0,0,0,0,0
GENE-7276,NO,1,0,0,0,0,0,0
GENE-7277,NO,1,14,13,13,18,5,9
GENE-7278,NO,1,5,3,4,3,3,2
GENE-7279,NO,1,0,0,0,0,0,0
GENE-7280,NO,1,0,0,0,0,0,0
GENE-7281,NO,1,0,0,0,0,0,0
GENE-7282,NO,1,44,67,63,70,76,64
GENE-7283,NO,1,17,12,12,19,19,30
GENE-7284,NO,1,0,0,0,0,0,0
GENE-7285,NO,1,0,0,0,0,0,0
GENE-7286,NO,1,316,391,327,449,287,335
GENE-7287,NO,1,0,0,0,0,0,0
GENE-7288,NO,1,0,0,0,0,0,0
GENE-7289,NO,1,0,0,0,0,0,0
GENE-7290,NO,1,0,0,0,0,0,0
GENE-7291,NO,1,0,0,0,0,0,0
GENE-7292,NO,1,2866,2408,1927,2977,1968,2883
GENE-7293,NO,1,9,9,7,6,10,14
GENE-7294,NO,1,78,89,80,96,83,70
GENE-7295,NO,1,0,0,0,0,0,0
GENE-7296,NO,1,0,0,0,0,0,0
GENE-7297,NO,1,0,0,0,0,0,0
GENE-7298,NO,1,2,2,3,6,2,3
GENE-7299,NO,1,0,0,0,0,0,0
GENE-7300,NO,1,45,34,33,38,42,41
GENE-7301,NO,1,0,0,0,0,0,0
GENE-7302,NO,1,21,22,16,22,16,15
GENE-7303,NO,1,1,0,0,0,0,0
GENE-7304,NO,1,0,0,0,0,0,0
GENE-7305,NO,1,0,0,0,0,0,0
GENE-7306,NO,1,44,54,48,42,45,77
GENE-7307,NO,1,0,0,0,0,0,0
GENE-7308,NO,1,0,0,0,0,0,0
GENE-7309,NO,1,0,0,0,0,0,0
GENE-7310,NO,1,0,0,0,0,0,0
GENE-7311,NO,1,74,86,105,62,92,81
GENE-7312,NO,1,97,96,77,97,110,82
GENE-7313,NO,1,0,0,0,0,0,0
GENE-7314,NO,1,0,0,0,0,0,0
GENE-7315,NO,1,0,0,0,0,0,0
GENE-7316,NO,1,0,0,0,0,0,0
GENE-7317,NO,1,33,50,49,48,18,36
GENE-7318,NO,1,0,0,0,0,0,0
GENE-7319,NO,1,0,0,0,0,0,0
GENE-7320,NO,1,20,42,37,58,180,102
GENE-7321,NO,1,0,0,0,0,0,0
GENE-7322,NO,1,711,549,564,588,676,744
GENE-7323,NO,1,23,22,31,27,26,27
GENE-7324,NO,1,274,258,230,236,246,216
GENE-7325,NO,1,737,611,561,710,774,626
GENE-7326,NO,1,0,0,0,0,0,0
GENE-7327,NO,1,28,22,28,11,15,16
GENE-7328,NO,1,0,0,0,0,0,0
GENE-7329,NO,1,2,1,1,2,1,2
GENE-7330,NO,1,0,0,0,0,0,0
GENE-7331,NO,1,0,0,0,0,0,0
GENE-7332,NO,1,0,0,0,2,1,0
GENE-7333,NO,1,0,0,0,0,0,0
GENE-7334,NO,1,0,0,0,0,0,0
GENE-7335,NO,1,0,0,0,0,0,0
GENE-7336,NO,1,16,7,5,9,6,5
GENE-7337,NO,1,0,0,0,0,0,0
GENE-7338,NO,1,0,0,0,0,0,0
GENE-7339,NO,1,105,112,127,119,121,100
GENE-7340,NO,1,8,23,14,19,21,27
GENE-7341,NO,1,0,0,0,0,0,0
GENE-7342,NO,1,3,3,0,4,1,0
GENE-7343,NO,1,0,0,0,0,0,0
GENE-7344,NO,1,0,0,0,0,0,0
GENE-7345,NO,1,211,135,151,126,177,240
GENE-7346,NO,1,46,82,26,111,59,48
GENE-7347,NO,1,2,1,3,0,0,1
GENE-7348,NO,1,31,27,29,31,31,22
GENE-7349,NO,1,0,0,0,0,0,0
GENE-7350,NO,1,9,7,4,5,9,7
GENE-7351,NO,1,0,0,0,1,0,0
GENE-7352,NO,1,0,0,0,0,0,0
GENE-7353,NO,1,0,0,0,0,0,0
GENE-7354,NO,1,0,0,0,0,0,0
GENE-7355,NO,1,212,204,174,204,304,302
GENE-7356,NO,1,0,0,0,0,0,0
GENE-7357,NO,1,4,35,4,4,3,7
GENE-7358,NO,1,0,0,0,0,0,0
GENE-7359,NO,1,0,0,0,0,0,0
GENE-7360,NO,1,0,0,0,0,0,0
GENE-7361,NO,1,0,0,0,0,0,0
GENE-7362,NO,1,0,0,0,0,0,0
GENE-7363,NO,1,0,0,0,0,0,0
GENE-7364,NO,1,0,0,0,0,0,0
GENE-7365,NO,1,1,0,1,0,0,0
GENE-7366,NO,1,744,495,590,649,536,690
GENE-7367,NO,1,0,0,0,0,0,0
GENE-7368,NO,1,0,0,0,0,0,0
GENE-7369,NO,1,1754,1745,1557,1393,1593,1496
GENE-7370,NO,1,32,22,30,26,28,27
GENE-7371,NO,1,0,0,0,0,0,0
GENE-7372,NO,1,0,0,0,0,0,0
GENE-7373,NO,1,0,0,0,0,0,0
GENE-7374,NO,1,0,1,0,0,0,1
GENE-7375,NO,1,81,82,50,70,71,81
GENE-7376,NO,1,91,104,108,71,118,93
GENE-7377,NO,1,33,33,31,38,24,32
GENE-7378,NO,1,0,0,0,0,0,0
GENE-7379,NO,1,0,0,0,0,0,0
GENE-7380,NO,1,0,0,0,0,0,0
GENE-7381,NO,1,1,0,1,1,2,0
GENE-7382,NO,1,16,13,22,19,17,17
GENE-7383,NO,1,0,0,0,0,0,0
GENE-7384,NO,1,0,0,0,0,0,0
GENE-7385,YES,1,0,0,0,0,0,0
GENE-7386,NO,1,0,0,0,0,0,0
GENE-7387,NO,1,0,0,0,0,0,0
GENE-7388,NO,1,0,0,0,0,0,0
GENE-7389,NO,1,0,1,0,0,0,0
GENE-7390,NO,1,0,0,0,0,0,0
GENE-7391,NO,1,515,485,398,446,549,395
GENE-7392,NO,1,128,47,94,101,57,69
GENE-7393,NO,1,0,0,0,0,0,0
GENE-7394,NO,1,0,0,0,0,0,0
GENE-7395,NO,1,0,0,0,0,0,0
GENE-7396,NO,1,0,0,0,0,0,0
GENE-7397,YES,1,1,0,2,7,11,5
GENE-7398,NO,1,0,0,0,0,0,0
GENE-7399,NO,1,175,169,189,148,180,188
GENE-7400,NO,1,1526,1987,1792,1985,1588,1554
GENE-7401,NO,1,24,19,20,8,5,14
GENE-7402,NO,1,0,0,0,0,0,0
GENE-7403,NO,1,0,0,0,0,0,0
GENE-7404,NO,1,0,0,0,0,0,0
GENE-7405,NO,1,0,0,0,0,0,0
GENE-7406,NO,1,0,0,0,0,0,0
GENE-7407,NO,1,0,0,0,0,0,0
GENE-7408,NO,1,0,0,0,0,0,0
GENE-7409,NO,1,0,0,0,0,0,0
GENE-7410,NO,1,76,593,222,371,150,555
GENE-7411,NO,1,23458,29958,33634,29050,31862,32511
GENE-7412,NO,1,1,0,0,0,2,0
GENE-7413,NO,1,0,0,0,0,0,0
GENE-7414,NO,1,10,11,16,14,5,9
GENE-7415,YES,1,0,0,0,0,0,0
GENE-7416,NO,1,0,0,0,0,0,0
GENE-7417,NO,1,0,0,0,0,0,0
GENE-7418,NO,1,0,0,0,0,0,0
GENE-7419,NO,1,32,14,47,29,32,37
GENE-7420,NO,1,0,0,0,0,0,0
GENE-7421,NO,1,0,1,0,0,1,0
GENE-7422,NO,1,1,3,1,2,1,3
GENE-7423,NO,1,0,0,0,0,0,0
GENE-7424,NO,1,0,0,0,0,0,0
GENE-7425,NO,1,0,0,0,0,0,0
GENE-7426,YES,1,0,0,0,0,0,0
GENE-7427,NO,1,0,0,0,0,0,0
GENE-7428,NO,1,48,78,87,60,77,82
GENE-7429,NO,1,0,0,0,0,0,0
GENE-7430,NO,1,4,3,6,6,5,9
GENE-7431,NO,1,0,0,0,0,0,0
GENE-7432,NO,1,0,0,0,0,0,0
GENE-7433,NO,1,469,601,504,638,608,584
GENE-7434,NO,1,0,0,0,0,0,0
GENE-7435,NO,1,262,159,166,189,194,234
GENE-7436,NO,1,0,0,0,0,0,0
GENE-7437,NO,1,0,0,0,0,0,0
GENE-7438,NO,1,0,0,0,0,0,0
GENE-7439,NO,1,0,0,0,0,0,0
GENE-7440,NO,1,29,70,46,66,52,28
GENE-7441,NO,1,0,0,0,0,0,0
GENE-7442,NO,1,26,40,39,26,51,37
GENE-7443,NO,1,0,0,0,0,0,0
GENE-7444,NO,1,0,0,0,0,0,0
GENE-7445,NO,1,245,265,307,370,317,246
GENE-7446,NO,1,7,3,5,5,1,2
GENE-7447,NO,1,280,275,367,353,303,351
GENE-7448,NO,1,0,0,0,0,0,0
GENE-7449,NO,1,0,0,0,0,1,0
GENE-7450,NO,1,0,0,0,0,0,0
GENE-7451,NO,1,0,0,0,0,0,0
GENE-7452,NO,1,0,0,1,0,0,0
GENE-7453,NO,1,0,0,0,0,0,0
GENE-7454,NO,1,0,0,0,0,0,0
GENE-7455,NO,1,217,523,292,416,234,238
GENE-7456,NO,1,0,0,0,0,0,0
GENE-7457,NO,1,4,1,8,1,5,5
GENE-7458,NO,1,0,0,0,0,0,0
GENE-7459,NO,1,0,0,0,0,0,0
GENE-7460,NO,1,0,0,0,0,0,0
GENE-7461,NO,1,0,0,0,0,0,0
GENE-7462,NO,1,0,0,0,0,0,0
GENE-7463,NO,1,0,0,0,0,0,0
GENE-7464,NO,1,0,0,0,0,0,0
GENE-7465,NO,1,0,0,0,0,0,0
GENE-7466,NO,1,0,0,0,0,0,0
GENE-7467,NO,1,7298,24,1533,992,14523,2228
GENE-7468,NO,1,0,0,0,0,0,0
GENE-7469,NO,1,0,0,0,0,0,0
GENE-7470,NO,1,0,0,0,0,0,0
GENE-7471,NO,1,1,1,0,0,0,1
GENE-7472,NO,1,203,285,284,227,196,241
GENE-7473,NO,1,0,0,0,0,0,0
GENE-7474,NO,1,48,30,65,81,67,47
GENE-7475,NO,1,1,1,0,1,0,0
GENE-7476,NO,1,0,0,0,0,0,0
GENE-7477,NO,1,0,0,0,0,0,0
GENE-7478,NO,1,0,0,0,0,0,0
GENE-7479,NO,1,20,20,20,23,16,16
GENE-7480,NO,1,0,0,0,0,0,0
GENE-7481,NO,1,0,0,0,0,0,0
GENE-7482,NO,1,45,34,31,29,46,45
GENE-7483,NO,1,0,0,0,0,0,0
GENE-7484,NO,1,0,0,0,0,0,0
GENE-7485,NO,1,0,0,0,0,0,0
GENE-7486,NO,1,0,0,0,0,0,0
GENE-7487,NO,1,0,0,0,0,0,0
GENE-7488,NO,1,0,0,0,0,0,0
GENE-7489,NO,1,0,0,0,0,0,0
GENE-7490,NO,1,0,0,0,0,0,0
GENE-7491,NO,1,0,0,0,0,0,0
GENE-7492,NO,1,359,293,363,342,336,380
GENE-7493,NO,1,0,0,0,0,0,0
GENE-7494,NO,1,37,80,76,69,34,49
GENE-7495,NO,1,909,711,1138,924,1065,754
GENE-7496,NO,1,0,0,0,0,0,0
GENE-7497,NO,1,0,0,0,0,0,0
GENE-7498,NO,1,0,0,0,0,0,0
GENE-7499,NO,1,0,0,0,0,0,0
GENE-7500,NO,1,0,0,0,0,0,0
GENE-7501,NO,1,0,0,0,0,0,0
GENE-7502,NO,1,0,3,0,0,4,0
GENE-7503,NO,1,0,0,0,0,0,0
GENE-7504,NO,1,0,2,0,0,0,2
GENE-7505,NO,1,0,0,0,0,0,0
GENE-7506,NO,1,0,0,0,0,0,0
GENE-7507,NO,1,1,0,1,0,0,1
GENE-7508,NO,1,0,0,0,0,0,0
GENE-7509,NO,1,4,2,1,0,3,3
GENE-7510,NO,1,0,0,0,0,0,0
GENE-7511,NO,1,1106,369,717,740,578,449
GENE-7512,NO,1,0,0,0,0,0,0
GENE-7513,NO,1,0,0,0,0,0,0
GENE-7514,NO,1,75,114,85,142,132,67
GENE-7515,NO,1,0,0,0,0,0,0
GENE-7516,NO,1,0,0,0,0,0,0
GENE-7517,NO,1,0,0,0,0,0,0
GENE-7518,NO,1,0,0,0,0,0,0
GENE-7519,NO,1,0,0,0,0,0,0
GENE-7520,NO,1,675,688,634,661,685,680
GENE-7521,NO,1,6,10,12,6,9,5
GENE-7522,NO,1,0,0,0,0,0,0
GENE-7523,NO,1,0,0,0,0,0,0
GENE-7524,NO,1,0,0,0,0,0,0
GENE-7525,NO,1,34,44,23,46,36,30
GENE-7526,NO,1,28,12,7,16,15,16
GENE-7527,NO,1,0,0,0,0,0,0
GENE-7528,NO,1,0,0,0,0,0,0
GENE-7529,NO,1,0,0,0,0,0,0
GENE-7530,NO,1,7568,6115,7771,7404,7115,7890
GENE-7531,NO,1,0,0,0,0,0,0
GENE-7532,NO,1,14,20,12,9,16,7
GENE-7533,NO,1,0,0,0,0,0,0
GENE-7534,NO,1,128,146,224,186,190,146
GENE-7535,NO,1,0,0,0,0,0,0
GENE-7536,NO,1,0,0,0,0,0,0
GENE-7537,NO,1,0,0,0,0,0,0
GENE-7538,NO,1,0,0,0,0,0,0
GENE-7539,NO,1,260,221,257,221,281,204
GENE-7540,NO,1,34,46,49,34,75,22
GENE-7541,NO,1,0,0,0,0,0,0
GENE-7542,NO,1,0,0,0,0,0,0
GENE-7543,NO,1,0,0,0,0,0,0
GENE-7544,NO,1,0,0,0,0,0,0
GENE-7545,NO,1,150,74,73,32,49,99
GENE-7546,NO,1,334,314,319,385,312,350
GENE-7547,NO,1,0,0,0,0,0,0
GENE-7548,NO,1,7,9,14,6,6,7
GENE-7549,NO,1,9,23,11,21,11,16
GENE-7550,NO,1,0,0,0,0,0,0
GENE-7551,NO,1,5,13,136,217,109,46
GENE-7552,NO,1,3,2,3,0,0,0
GENE-7553,NO,1,0,0,0,0,0,0
GENE-7554,NO,1,0,0,0,0,0,0
GENE-7555,NO,1,0,0,0,0,0,0
GENE-7556,NO,1,1,0,1,1,2,1
GENE-7557,NO,1,0,0,0,0,0,0
GENE-7558,NO,1,0,0,0,0,0,0
GENE-7559,NO,1,0,1,0,2,1,0
GENE-7560,NO,1,0,0,0,0,0,0
GENE-7561,NO,1,0,0,0,0,0,0
GENE-7562,NO,1,0,0,0,0,0,0
GENE-7563,NO,1,0,0,0,0,0,0
GENE-7564,YES,1,0,0,0,0,0,0
GENE-7565,NO,1,0,0,0,0,0,0
GENE-7566,NO,1,1,1,2,3,1,0
GENE-7567,NO,1,224,162,301,195,210,210
GENE-7568,NO,1,0,0,0,0,0,0
GENE-7569,NO,1,0,0,0,0,0,0
GENE-7570,NO,1,0,0,0,0,0,0
GENE-7571,NO,1,0,0,0,0,0,0
GENE-7572,NO,1,0,0,0,0,0,0
GENE-7573,NO,1,23,19,16,17,20,22
GENE-7574,NO,1,0,0,0,0,0,0
GENE-7575,NO,1,0,0,0,0,0,0
GENE-7576,NO,1,0,0,0,0,0,0
GENE-7577,NO,1,0,0,0,0,0,0
GENE-7578,NO,1,0,0,0,0,0,0
GENE-7579,NO,1,0,0,0,0,0,0
GENE-7580,NO,1,0,0,0,0,0,0
GENE-7581,NO,1,0,0,0,0,0,0
GENE-7582,NO,1,0,0,0,0,1,0
GENE-7583,NO,1,0,0,0,0,0,0
GENE-7584,NO,1,0,0,0,0,0,0
GENE-7585,NO,1,0,0,0,0,0,0
GENE-7586,NO,1,0,1,1,1,1,0
GENE-7587,NO,1,0,0,0,0,0,0
GENE-7588,NO,1,0,0,0,0,0,0
GENE-7589,NO,1,565,789,239,644,527,809
GENE-7590,NO,1,0,0,1,1,0,1
GENE-7591,NO,1,0,0,0,0,0,0
GENE-7592,NO,1,72,89,78,102,87,84
GENE-7593,NO,1,1111,1244,935,1104,950,1061
GENE-7594,NO,1,0,0,0,0,0,0
GENE-7595,NO,1,0,0,0,0,0,0
GENE-7596,NO,1,0,0,0,0,0,0
GENE-7597,NO,1,664,684,743,746,570,677
GENE-7598,NO,1,0,0,0,0,0,0
GENE-7599,NO,1,0,0,2,1,0,1
GENE-7600,NO,1,0,0,0,0,0,0
GENE-7601,NO,1,13,22,34,19,29,25
GENE-7602,NO,1,0,0,0,0,0,0
GENE-7603,NO,1,9,17,13,16,10,9
GENE-7604,NO,1,0,0,0,0,0,0
GENE-7605,NO,1,0,0,0,0,0,0
GENE-7606,NO,1,0,0,0,0,0,0
GENE-7607,NO,1,0,0,0,0,0,0
GENE-7608,NO,1,62,52,58,71,62,75
GENE-7609,NO,1,0,0,0,0,0,0
GENE-7610,NO,1,1114,2765,4423,7071,1169,5063
GENE-7611,NO,1,0,0,0,0,0,0
GENE-7612,NO,1,0,0,0,0,0,0
GENE-7613,NO,1,0,0,0,0,0,0
GENE-7614,NO,1,0,0,0,0,0,0
GENE-7615,NO,1,1,0,0,0,0,0
GENE-7616,NO,1,0,0,0,0,0,0
GENE-7617,NO,1,0,0,0,0,0,0
GENE-7618,NO,1,0,0,0,0,0,0
GENE-7619,NO,1,90,71,86,144,90,116
GENE-7620,NO,1,0,0,0,0,1,0
GENE-7621,NO,1,0,0,0,0,0,0
GENE-7622,NO,1,143,241,183,223,171,180
GENE-7623,NO,1,0,0,0,0,0,0
GENE-7624,NO,1,0,0,0,0,0,0
GENE-7625,NO,1,0,0,0,0,0,0
GENE-7626,NO,1,11,18,6,17,14,23
GENE-7627,NO,1,0,0,0,0,0,0
GENE-7628,NO,1,0,1,0,0,0,0
GENE-7629,NO,1,0,0,0,0,0,0
GENE-7630,NO,1,0,0,0,0,0,0
GENE-7631,NO,1,0,0,0,0,0,0
GENE-7632,NO,1,14,16,8,16,9,12
GENE-7633,NO,1,0,0,0,0,0,0
GENE-7634,NO,1,0,0,0,0,0,0
GENE-7635,NO,1,1090,935,1177,1436,1301,941
GENE-7636,NO,1,0,0,0,0,0,0
GENE-7637,NO,1,0,0,0,0,0,0
GENE-7638,NO,1,0,0,0,0,0,0
GENE-7639,NO,1,0,0,0,0,0,0
GENE-7640,NO,1,0,0,0,0,0,0
GENE-7641,NO,1,85,90,41,89,77,84
GENE-7642,NO,1,0,0,0,0,0,0
GENE-7644,NO,1,0,0,0,0,0,0
GENE-7645,NO,1,0,0,0,0,0,0
GENE-7646,NO,1,11,15,20,19,21,12
GENE-7647,NO,1,0,0,0,0,0,0
GENE-7648,NO,1,1,1,2,2,1,1
GENE-7649,NO,1,18,29,23,13,16,19
GENE-7650,NO,1,0,0,0,0,0,0
GENE-7651,NO,1,0,0,1,0,0,0
GENE-7652,NO,1,0,0,0,0,0,0
GENE-7653,NO,1,16,9,8,6,8,18
GENE-7654,NO,1,0,0,0,0,0,0
GENE-7655,NO,1,52,59,43,77,62,54
GENE-7656,NO,1,0,0,0,0,0,0
GENE-7658,NO,1,242,89,158,153,108,103
GENE-7660,NO,1,0,0,0,0,0,0
GENE-7661,NO,1,24,57,340,1900,433,1
GENE-7662,NO,1,3,5,8,7,6,10
GENE-7663,NO,1,0,0,0,0,0,0
GENE-7664,NO,1,22,17,24,25,13,34
GENE-7665,NO,1,0,0,0,0,0,0
GENE-7666,NO,1,59,65,53,69,64,40
GENE-7667,NO,1,39,41,39,35,60,41
GENE-7668,YES,1,0,0,0,0,0,0
GENE-7669,NO,1,2,2,1,2,6,2
GENE-7670,NO,1,0,0,0,0,0,0
GENE-7671,NO,1,0,0,0,0,0,0
GENE-7672,NO,1,49,67,51,52,81,62
GENE-7673,NO,1,1,6,2,2,2,2
GENE-7674,NO,1,0,0,0,0,0,0
GENE-7675,NO,1,0,0,0,0,0,0
GENE-7676,NO,1,21,30,13,26,22,27
GENE-7677,NO,1,19,42,34,38,30,55
GENE-7678,NO,1,0,0,0,0,0,0
GENE-7679,NO,1,0,0,0,0,0,0
GENE-7680,NO,1,0,0,0,0,0,0
GENE-7681,NO,1,0,0,0,0,0,0
GENE-7682,NO,1,0,0,0,0,0,0
GENE-7683,NO,1,0,0,0,0,0,0
GENE-7684,NO,1,98,81,55,70,74,49
GENE-7685,NO,1,0,0,0,0,0,0
GENE-7686,NO,1,87,96,63,51,53,73
GENE-7687,NO,1,0,0,0,0,0,0
GENE-7688,YES,1,12,7,14,4,5,11
GENE-7689,NO,1,0,0,0,0,0,0
GENE-7690,NO,1,0,0,0,0,0,0
GENE-7691,NO,1,3,136,160,377,412,87
GENE-7692,NO,1,11,15,17,22,21,35
GENE-7693,NO,1,0,0,0,0,0,0
GENE-7694,NO,1,2,0,1,0,0,0
GENE-7695,NO,1,0,0,1,0,0,1
GENE-7696,NO,1,0,0,0,0,0,0
GENE-7697,NO,1,1462,1210,1031,1336,1522,1364
GENE-7698,NO,1,0,0,0,0,0,0
GENE-7699,NO,1,2,1,0,0,2,0
GENE-7700,NO,1,0,0,0,0,0,0
GENE-7701,NO,1,0,0,0,0,0,0
GENE-7702,NO,1,0,0,0,0,0,0
GENE-7703,NO,1,0,0,0,0,0,0
GENE-7704,NO,1,0,0,0,0,0,0
GENE-7705,NO,1,0,0,0,0,0,0
GENE-7706,NO,1,0,0,0,0,0,0
GENE-7707,NO,1,0,0,0,0,0,0
GENE-7708,NO,1,0,0,0,0,0,0
GENE-7709,NO,1,0,0,0,0,0,0
GENE-7710,NO,1,14,19,15,16,24,11
GENE-7711,NO,1,312,194,367,278,219,268
GENE-7712,NO,1,0,0,0,0,0,0
GENE-7713,NO,1,0,0,0,0,0,0
GENE-7714,NO,1,0,0,0,0,0,0
GENE-7715,NO,1,0,0,0,0,0,0
GENE-7716,NO,1,0,0,0,0,0,0
GENE-7717,NO,1,277,243,312,292,395,276
GENE-7718,NO,1,0,0,0,0,0,0
GENE-7719,NO,1,200,143,85,186,144,189
GENE-7720,NO,1,0,0,0,0,0,0
GENE-7721,NO,1,0,0,0,0,0,0
GENE-7722,NO,1,0,0,0,0,0,0
GENE-7723,NO,1,0,0,0,0,0,0
GENE-7724,NO,1,2,4,5,2,2,3
GENE-7725,NO,1,0,0,0,0,0,0
GENE-7726,NO,1,0,0,0,0,0,0
GENE-7727,NO,1,0,0,0,0,0,0
GENE-7728,NO,1,0,0,0,0,0,0
GENE-7729,NO,1,0,0,0,0,0,0
GENE-7730,NO,1,1,3,0,2,0,1
GENE-7731,NO,1,0,0,0,0,0,0
GENE-7732,NO,1,0,0,0,0,0,0
GENE-7733,NO,1,0,0,0,0,0,0
GENE-7734,NO,1,0,0,0,0,0,0
GENE-7735,NO,1,332,258,215,403,308,291
GENE-7736,NO,1,0,0,0,0,0,0
GENE-7737,NO,1,0,0,0,0,0,0
GENE-7738,NO,1,0,0,0,0,0,0
GENE-7739,NO,1,15,16,4,18,22,13
GENE-7740,NO,1,1,0,0,1,0,0
GENE-7741,NO,1,0,0,0,0,0,0
GENE-7742,NO,1,0,0,0,0,0,0
GENE-7743,YES,1,0,0,0,0,0,0
GENE-7744,NO,1,0,0,0,0,0,0
GENE-7745,NO,1,189,185,182,190,187,208
GENE-7746,NO,1,0,0,0,0,0,0
GENE-7747,NO,1,332,158,308,234,145,207
GENE-7748,NO,1,253,269,290,304,272,198
GENE-7749,NO,1,26,18,30,17,21,25
GENE-7750,NO,1,0,0,0,0,0,0
GENE-7751,NO,1,0,0,0,0,0,0
GENE-7752,NO,1,106,94,125,98,115,110
GENE-7753,NO,1,0,0,0,0,0,0
GENE-7754,NO,1,0,0,0,0,0,0
GENE-7755,NO,1,25,30,24,25,37,23
GENE-7756,NO,1,0,0,0,0,0,0
GENE-7757,NO,1,710,671,533,672,526,662
GENE-7758,NO,1,0,0,0,0,0,0
GENE-7759,NO,1,0,0,0,0,0,0
GENE-7760,NO,1,3,5,5,2,4,5
GENE-7761,NO,1,117,162,186,194,172,170
GENE-7762,NO,1,0,0,0,0,0,0
GENE-7763,NO,1,0,0,0,0,0,0
GENE-7764,NO,1,0,0,0,0,0,0
GENE-7765,NO,1,1,0,0,0,0,1
GENE-7766,NO,1,0,0,0,0,0,0
GENE-7768,NO,1,0,0,0,0,0,0
GENE-7769,YES,1,0,0,0,0,0,0
GENE-7770,NO,1,0,0,0,0,0,0
GENE-7771,NO,1,0,0,0,0,0,0
GENE-7772,NO,1,0,0,0,0,0,0
GENE-7773,NO,1,0,0,0,0,0,0
GENE-7774,NO,1,0,0,0,0,0,0
GENE-7775,NO,1,0,0,0,0,0,0
GENE-7776,NO,1,0,0,0,0,0,0
GENE-7777,NO,1,0,0,0,0,0,0
GENE-7778,NO,1,0,0,0,0,0,0
GENE-7779,NO,1,0,0,0,0,0,0
GENE-7780,NO,1,0,0,0,0,0,0
GENE-7781,NO,1,0,0,0,0,0,0
GENE-7782,NO,1,0,0,0,0,0,0
GENE-7783,NO,1,0,0,2,2,2,0
GENE-7784,NO,1,156,179,91,95,79,182
GENE-7785,NO,1,0,0,0,0,0,0
GENE-7786,NO,1,138,170,80,91,118,201
GENE-7787,NO,1,0,0,0,0,0,0
GENE-7788,NO,1,0,0,0,0,0,0
GENE-7789,NO,1,0,0,0,0,0,0
GENE-7790,NO,1,131,78,79,126,101,86
GENE-7791,NO,1,0,0,0,0,0,0
GENE-7792,NO,1,0,0,0,0,0,0
GENE-7793,NO,1,0,0,0,0,0,0
GENE-7794,NO,1,0,0,0,0,0,0
GENE-7795,NO,1,1,3,5,4,0,2
GENE-7796,NO,1,0,0,0,0,0,0
GENE-7797,NO,1,2675,1352,3982,6777,1643,2983
GENE-7798,NO,1,0,0,0,0,0,0
GENE-7799,NO,1,0,0,0,0,0,0
GENE-7800,NO,1,0,0,0,0,0,0
GENE-7801,NO,1,0,0,0,0,0,0
GENE-7802,NO,1,0,0,0,0,0,0
GENE-7803,NO,1,0,0,0,0,0,0
GENE-7804,NO,1,0,0,0,0,0,0
GENE-7805,NO,1,31,40,44,30,64,30
GENE-7806,NO,1,0,0,0,0,0,0
GENE-7807,NO,1,45,25,52,39,29,32
GENE-7809,NO,1,0,0,0,0,0,0
GENE-7810,NO,1,0,0,0,0,0,0
GENE-7811,NO,1,0,0,0,0,0,0
GENE-7812,NO,1,0,0,0,0,0,0
GENE-7813,NO,1,0,0,0,0,0,0
GENE-7814,NO,1,0,0,0,0,0,0
GENE-7815,NO,1,0,0,0,0,0,0
GENE-7816,NO,1,0,0,0,0,0,0
GENE-7817,YES,1,0,0,0,0,0,0
GENE-7818,NO,1,12,7,5,10,10,6
GENE-7819,NO,1,0,0,0,0,0,0
GENE-7820,NO,1,0,0,0,0,0,0
GENE-7821,NO,1,267,136,196,180,202,137
GENE-7822,NO,1,0,0,0,0,0,0
GENE-7824,NO,1,0,0,0,0,0,0
GENE-7825,NO,1,0,0,0,0,0,0
GENE-7826,NO,1,820,823,848,766,745,871
GENE-7827,NO,1,0,0,0,0,0,0
GENE-7828,NO,1,21,21,25,23,25,33
GENE-7829,NO,1,0,0,0,0,0,0
GENE-7830,NO,1,0,0,0,0,0,0
GENE-7831,NO,1,0,0,0,0,0,0
GENE-7832,NO,1,0,0,0,0,0,0
GENE-7833,NO,1,3,0,0,0,0,2
GENE-7834,NO,1,0,0,0,0,0,0
GENE-7835,NO,1,0,0,0,0,0,0
GENE-7836,NO,1,40,34,32,14,23,50
GENE-7837,NO,1,0,0,0,0,0,0
GENE-7838,YES,1,0,0,0,0,0,0
GENE-7839,NO,1,0,0,0,0,0,0
GENE-7840,NO,1,83,69,74,77,92,83
GENE-7841,NO,1,0,0,0,0,0,0
GENE-7842,NO,1,0,0,0,0,0,0
GENE-7843,NO,1,0,0,0,0,0,0
GENE-7844,NO,1,0,0,0,0,0,0
GENE-7845,NO,1,0,0,0,0,0,0
GENE-7846,YES,1,0,0,0,0,0,0
GENE-7847,YES,1,0,0,0,0,0,0
GENE-7848,NO,1,0,0,0,0,0,0
GENE-7849,NO,1,0,0,0,0,0,0
GENE-7850,NO,1,1,1,1,0,1,2
GENE-7851,NO,1,0,0,0,0,0,0
GENE-7852,NO,1,0,0,0,0,0,0
GENE-7853,NO,1,0,0,0,0,0,0
GENE-7854,NO,1,3,6,12,7,11,4
GENE-7855,NO,1,0,0,0,0,0,0
GENE-7856,NO,1,0,0,0,0,0,0
GENE-7857,NO,1,0,0,0,0,0,0
GENE-7858,NO,1,6,12,14,7,11,6
GENE-7859,NO,1,55,53,70,52,69,55
GENE-7860,NO,1,59,50,47,82,83,40
GENE-7861,NO,1,483,484,529,374,547,516
GENE-7862,NO,1,2,2,0,1,1,2
GENE-7863,NO,1,279,214,213,313,150,294
GENE-7864,NO,1,0,0,0,0,0,0
GENE-7865,NO,1,0,0,0,0,0,0
GENE-7866,NO,1,0,0,0,0,0,0
GENE-7867,NO,1,0,0,0,0,0,0
GENE-7868,NO,1,88,86,83,66,87,86
GENE-7869,NO,1,2,2,6,2,1,2
GENE-7870,NO,1,25,23,20,37,22,26
GENE-7871,NO,1,35,46,40,47,32,42
GENE-7872,NO,1,0,0,0,0,0,0
GENE-7873,NO,1,0,0,0,0,0,0
GENE-7874,NO,1,10,6,9,7,16,6
GENE-7875,NO,1,0,0,0,0,0,0
GENE-7876,NO,1,0,0,0,0,0,0
GENE-7877,NO,1,0,0,0,0,0,0
GENE-7878,NO,1,12,5,9,1,7,7
GENE-7879,NO,1,0,0,0,0,0,0
GENE-7880,NO,1,5737,5370,5618,5434,5407,5774
GENE-7881,NO,1,0,0,0,0,0,0
GENE-7882,NO,1,5876,6078,6673,3955,4385,3295
GENE-7883,NO,1,0,0,0,0,0,0
GENE-7884,NO,1,0,0,0,0,0,0
GENE-7885,NO,1,35,10,10,14,11,10
GENE-7886,NO,1,0,0,0,0,0,0
GENE-7887,NO,1,0,0,0,0,0,0
GENE-7888,NO,1,0,0,0,0,0,0
GENE-7889,NO,1,0,0,0,0,0,0
GENE-7890,NO,1,0,0,0,0,0,0
GENE-7891,YES,1,0,0,0,0,0,0
GENE-7892,NO,1,69,47,61,51,67,62
GENE-7893,NO,1,37,32,47,56,41,53
GENE-7894,NO,1,225,310,706,721,584,573
GENE-7895,NO,1,0,0,0,0,0,0
GENE-7896,NO,1,13,10,16,18,28,21
GENE-7897,NO,1,14,8,8,19,14,18
GENE-7898,NO,1,0,0,0,0,0,0
GENE-7899,NO,1,6,3,1,3,3,5
GENE-7900,NO,1,0,0,0,0,0,0
GENE-7901,NO,1,18,14,10,15,10,11
GENE-7902,NO,1,1,1,0,0,1,0
GENE-7903,NO,1,2,0,1,0,1,3
GENE-7904,NO,1,0,0,0,0,0,0
GENE-7905,NO,1,0,0,0,0,0,0
GENE-7906,NO,1,62,55,72,77,79,82
GENE-7907,NO,1,0,0,0,0,0,0
GENE-7908,NO,1,0,0,0,0,0,0
GENE-7909,YES,1,0,0,0,0,0,0
GENE-7910,NO,1,0,0,0,0,0,0
GENE-7911,NO,1,0,0,0,0,0,0
GENE-7912,NO,1,28,21,22,11,32,31
GENE-7913,NO,1,0,0,0,0,0,0
GENE-7914,NO,1,0,0,0,0,0,0
GENE-7915,NO,1,0,0,0,0,0,0
GENE-7916,NO,1,0,0,1,0,0,0
GENE-7917,NO,1,6,7,2,4,6,2
GENE-7918,NO,1,182,147,175,17,276,31
GENE-7919,NO,1,0,0,0,0,0,0
GENE-7920,NO,1,376,406,416,354,378,532
GENE-7921,NO,1,0,0,0,0,0,0
GENE-7923,NO,1,40,59,40,53,48,49
GENE-7924,NO,1,1632,2597,2244,2730,3200,2680
GENE-7925,NO,1,0,0,0,0,0,0
GENE-7926,NO,1,0,0,0,0,0,0
GENE-7927,NO,1,16,6,10,8,6,8
GENE-7928,NO,1,0,0,0,0,0,0
GENE-7929,NO,1,0,0,0,0,0,0
GENE-7930,NO,1,90,94,101,112,105,99
GENE-7931,NO,1,3357,3283,3028,3114,3035,3628
GENE-7932,NO,1,19,23,16,20,27,17
GENE-7933,NO,1,135,167,147,273,143,214
GENE-7934,NO,1,369,457,361,566,620,464
GENE-7935,NO,1,0,0,0,0,0,0
GENE-7936,NO,1,1,1,2,1,1,2
GENE-7937,NO,1,0,0,0,0,0,0
GENE-7938,NO,1,0,0,0,0,0,0
GENE-7939,NO,1,446,413,362,376,387,453
GENE-7940,NO,1,3,8,8,32,5,0
GENE-7941,NO,1,0,0,0,0,0,0
GENE-7942,NO,1,0,0,0,0,0,0
GENE-7943,NO,1,0,0,0,0,0,0
GENE-7944,NO,1,91,78,105,123,66,127
GENE-7945,NO,1,0,0,0,0,0,0
GENE-7946,NO,1,243,238,244,185,265,277
GENE-7947,YES,1,0,0,0,0,0,0
GENE-7948,NO,1,2,1,4,5,1,1
GENE-7949,NO,1,1680,2778,2889,2708,2715,2687
GENE-7950,NO,1,0,0,0,0,0,0
GENE-7951,NO,1,0,0,0,0,0,0
GENE-7952,NO,1,0,0,0,0,0,0
GENE-7953,NO,1,0,0,0,0,0,0
GENE-7954,NO,1,0,0,0,0,0,0
GENE-7955,NO,1,0,0,0,0,0,0
GENE-7956,NO,1,72,53,56,96,54,131
GENE-7957,YES,1,0,0,0,0,0,0
GENE-7958,NO,1,0,0,0,0,0,0
GENE-7959,NO,1,0,0,0,0,0,0
GENE-7960,NO,1,141,129,61,119,163,94
GENE-7961,YES,1,0,0,0,0,0,0
GENE-7962,NO,1,0,0,0,0,0,0
GENE-7963,NO,1,0,0,0,0,0,0
GENE-7964,NO,1,6,8,4,15,3,8
GENE-7965,NO,1,0,0,0,0,0,0
GENE-7966,NO,1,0,0,0,0,0,0
GENE-7967,YES,1,1,2,1,6,1,5
GENE-7968,NO,1,212,219,183,288,285,247
GENE-7969,NO,1,33,31,19,23,24,34
GENE-7970,NO,1,0,0,0,0,0,0
GENE-7971,NO,1,0,0,0,0,0,0
GENE-7972,NO,1,0,0,0,0,0,0
GENE-7973,NO,1,0,0,0,0,0,0
GENE-7974,NO,1,0,0,0,0,0,0
GENE-7975,NO,1,0,0,0,0,0,0
GENE-7976,NO,1,45,62,55,74,74,57
GENE-7977,NO,1,0,0,0,0,0,0
GENE-7978,NO,1,177,99,26,59,43,370
GENE-7979,YES,1,0,0,0,0,0,0
GENE-7980,NO,1,1,2,0,3,2,2
GENE-7981,NO,1,0,0,0,0,0,0
GENE-7982,NO,1,0,0,0,0,0,0
GENE-7983,NO,1,0,0,1,0,0,0
GENE-7984,NO,1,0,0,0,0,0,0
GENE-7985,NO,1,213,310,252,273,229,209
GENE-7986,NO,1,0,0,2,2,0,2
GENE-7987,NO,1,0,0,0,0,0,0
GENE-7988,NO,1,179,171,164,169,192,172
GENE-7989,NO,1,0,0,0,0,0,1
GENE-7990,NO,1,0,0,0,0,0,0
GENE-7991,NO,1,0,0,0,0,0,0
GENE-7992,NO,1,13,11,10,8,11,15
GENE-7993,NO,1,679,617,546,929,583,754
GENE-7994,NO,1,0,0,0,1,0,0
GENE-7995,NO,1,0,0,0,0,0,0
GENE-7996,NO,1,0,0,0,0,0,0
GENE-7997,NO,1,0,0,0,0,0,0
GENE-7998,NO,1,380,402,421,399,375,395
GENE-7999,NO,1,0,0,0,0,0,0
GENE-8000,NO,1,107,83,5,0,6,6
GENE-8001,NO,1,308,269,207,262,226,221
GENE-8002,NO,1,0,0,0,0,0,0
GENE-8003,NO,1,0,0,0,0,0,0
GENE-8004,YES,1,0,0,0,0,0,0
GENE-8005,NO,1,0,0,0,0,0,0
GENE-8006,NO,1,0,0,0,0,0,0
GENE-8007,NO,1,0,0,0,0,0,0
GENE-8008,NO,1,0,0,0,0,0,0
GENE-8009,NO,1,0,0,0,0,0,0
GENE-8010,NO,1,24,20,31,42,14,8
GENE-8011,NO,1,4,7,6,4,8,3
GENE-8012,NO,1,0,0,0,0,0,0
GENE-8013,NO,1,0,0,0,0,0,0
GENE-8014,NO,1,442,497,702,714,622,421
GENE-8015,YES,1,3,4,1,7,3,5
GENE-8016,NO,1,0,0,0,0,0,0
GENE-8017,NO,1,4250,3433,3600,3439,3427,3576
GENE-8018,NO,1,0,0,0,0,0,0
GENE-8019,NO,1,0,0,0,0,0,0
GENE-8020,NO,1,18,35,22,20,19,23
GENE-8021,NO,1,369,420,403,373,571,528
GENE-8022,NO,1,0,0,0,0,0,0
GENE-8023,NO,1,25,14,20,19,19,8
GENE-8024,NO,1,0,0,0,0,0,0
GENE-8025,NO,1,57,17,51,49,42,46
GENE-8026,NO,1,0,0,0,0,0,0
GENE-8027,NO,1,0,0,0,0,0,0
GENE-8028,NO,1,0,0,0,0,0,0
GENE-8029,NO,1,0,0,0,0,0,0
GENE-8030,NO,1,0,0,0,0,0,0
GENE-8031,YES,1,0,0,0,0,0,0
GENE-8032,NO,1,148,145,165,112,116,113
GENE-8033,NO,1,0,0,0,0,0,0
GENE-8034,NO,1,0,0,0,0,0,0
GENE-8035,NO,1,0,0,0,0,0,0
GENE-8036,NO,1,0,0,0,0,0,0
GENE-8037,NO,1,0,0,0,0,0,0
GENE-8038,NO,1,45,31,37,45,46,41
GENE-8039,NO,1,0,0,0,0,0,0
GENE-8040,NO,1,0,1,1,3,1,0
GENE-8041,NO,1,1824,1729,1524,1537,2196,1698
GENE-8042,YES,1,0,0,0,0,0,0
GENE-8043,NO,1,13,27,12,18,18,18
GENE-8044,NO,1,0,0,0,0,0,0
GENE-8045,NO,1,28,61,24,42,46,47
GENE-8046,NO,1,0,0,0,0,0,0
GENE-8047,NO,1,1191,1167,953,799,1050,1113
GENE-8048,YES,1,0,0,0,0,0,0
GENE-8049,NO,1,0,3,0,1,1,2
GENE-8050,NO,1,0,0,0,0,0,0
GENE-8051,NO,1,10,14,12,17,14,11
GENE-8052,NO,1,0,0,0,0,0,0
GENE-8053,NO,1,0,0,0,0,0,0
GENE-8054,NO,1,0,0,0,0,0,0
GENE-8055,NO,1,0,0,0,0,0,0
GENE-8056,NO,1,4,1,1,1,4,4
GENE-8057,NO,1,0,0,0,0,0,0
GENE-8058,NO,1,0,0,0,0,0,0
GENE-8059,NO,1,0,0,0,0,0,0
GENE-8060,NO,1,3,0,4,2,0,2
GENE-8061,NO,1,0,4,2,0,2,3
GENE-8062,NO,1,0,0,0,0,0,0
GENE-8063,NO,1,0,0,0,0,0,0
GENE-8064,NO,1,0,0,0,0,0,0
GENE-8065,NO,1,0,0,0,0,0,0
GENE-8066,NO,1,0,0,0,0,0,0
GENE-8067,NO,1,0,0,0,0,0,0
GENE-8068,NO,1,2588,2422,2587,2644,2958,2718
GENE-8069,NO,1,0,0,0,0,0,0
GENE-8070,NO,1,0,0,0,0,0,0
GENE-8071,NO,1,0,1,0,1,0,0
GENE-8072,NO,1,0,0,0,0,0,0
GENE-8073,NO,1,48,130,86,82,179,134
GENE-8074,NO,1,0,0,1,0,1,1
GENE-8075,NO,1,0,0,0,0,0,0
GENE-8076,NO,1,0,0,0,0,0,0
GENE-8077,NO,1,0,0,0,0,0,0
GENE-8078,NO,1,748,847,871,740,731,1036
GENE-8079,NO,1,0,0,0,0,0,0
GENE-8080,NO,1,0,0,0,0,0,0
GENE-8081,NO,1,0,0,0,0,0,0
GENE-8082,NO,1,0,0,0,0,0,0
GENE-8083,NO,1,221,184,172,186,125,160
GENE-8084,NO,1,0,0,0,0,0,0
GENE-8085,NO,1,0,0,0,0,0,0
GENE-8086,NO,1,353,204,140,224,231,149
GENE-8087,NO,1,0,0,0,0,0,0
GENE-8088,NO,1,232,222,222,314,246,268
GENE-8089,NO,1,0,0,0,0,0,0
GENE-8090,NO,1,0,0,0,0,0,0
GENE-8091,NO,1,224,240,257,228,288,244
GENE-8092,NO,1,278,248,328,332,331,210
GENE-8093,NO,1,0,0,0,0,0,0
GENE-8094,NO,1,199,189,178,133,118,149
GENE-8096,NO,1,0,0,0,0,0,0
GENE-8097,NO,1,0,0,0,0,0,0
GENE-8098,NO,1,0,0,0,0,0,0
GENE-8099,NO,1,0,0,0,0,0,0
GENE-8100,NO,1,0,0,0,0,0,0
GENE-8101,NO,1,19,20,27,16,10,18
GENE-8102,NO,1,0,0,0,0,0,0
GENE-8103,NO,1,0,0,0,0,0,0
GENE-8104,NO,1,0,0,0,0,0,0
GENE-8105,NO,1,0,0,0,0,0,0
GENE-8106,NO,1,0,0,0,0,0,0
GENE-8107,NO,1,0,0,0,0,0,0
GENE-8108,NO,1,25,77,31,182,1,4
GENE-8109,NO,1,8251,6758,5983,5679,7778,5035
GENE-8110,NO,1,2,1,3,1,0,1
GENE-8111,NO,1,0,0,0,0,0,0
GENE-8112,NO,1,0,0,0,0,0,0
GENE-8113,NO,1,24,22,30,19,14,32
GENE-8114,NO,1,19,30,1,1,3,20
GENE-8115,NO,1,0,0,0,0,0,0
GENE-8116,NO,1,0,0,0,0,0,0
GENE-8117,NO,1,1,1,0,1,3,0
GENE-8118,NO,1,181,133,165,152,165,154
GENE-8119,NO,1,0,0,0,0,0,0
GENE-8120,NO,1,2,0,0,0,0,1
GENE-8121,NO,1,17,5,11,0,5,25
GENE-8122,NO,1,0,0,0,0,0,0
GENE-8123,NO,1,0,0,0,0,0,0
GENE-8124,NO,1,0,0,0,0,0,0
GENE-8125,NO,1,0,0,0,0,0,0
GENE-8126,NO,1,0,0,0,0,0,0
GENE-8127,NO,1,292,237,188,330,313,204
GENE-8128,NO,1,0,0,0,0,0,0
GENE-8129,NO,1,0,0,0,0,0,0
GENE-8130,NO,1,0,0,0,0,0,0
GENE-8131,NO,1,86,115,115,104,73,100
GENE-8132,NO,1,0,0,0,0,0,0
GENE-8133,NO,1,0,0,0,0,0,0
GENE-8134,NO,1,0,0,0,0,0,0
GENE-8135,NO,1,0,0,0,0,0,0
GENE-8136,NO,1,0,0,0,0,0,0
GENE-8137,NO,1,94,107,122,105,123,99
GENE-8138,NO,1,0,0,0,0,0,0
GENE-8139,NO,1,1,3,1,1,0,0
GENE-8140,NO,1,0,0,0,0,0,0
GENE-8141,NO,1,0,0,0,0,0,0
GENE-8142,NO,1,0,0,0,0,0,0
GENE-8143,NO,1,0,0,0,0,0,0
GENE-8144,NO,1,0,0,0,0,0,0
GENE-8145,NO,1,0,0,0,0,0,0
GENE-8146,NO,1,1,4,3,3,1,0
GENE-8148,NO,1,0,0,0,0,0,0
GENE-8149,NO,1,2,0,1,3,1,0
GENE-8150,NO,1,100,66,63,56,102,69
GENE-8151,NO,1,0,0,0,0,0,0
GENE-8152,NO,1,0,0,0,0,0,0
GENE-8153,NO,1,847,532,472,366,1089,636
GENE-8154,NO,1,0,0,0,0,0,0
GENE-8155,NO,1,0,0,0,0,0,0
GENE-8156,NO,1,0,0,0,0,0,0
GENE-8157,NO,1,668,377,579,482,750,433
GENE-8158,NO,1,552,534,687,725,659,556
GENE-8159,NO,1,36,26,42,31,36,22
GENE-8160,NO,1,7,4,3,6,4,4
GENE-8161,NO,1,1,4,1,0,0,1
GENE-8162,NO,1,2,2,2,7,6,11
GENE-8163,NO,1,0,0,0,0,0,0
GENE-8164,NO,1,11,4,5,5,3,11
GENE-8165,NO,1,0,0,0,0,0,0
GENE-8166,NO,1,0,0,0,0,0,0
GENE-8167,NO,1,1252,1224,1239,1266,1182,1291
GENE-8168,NO,1,7,16,5,6,9,10
GENE-8169,NO,1,36,29,40,40,35,41
GENE-8171,NO,1,0,0,0,0,0,0
GENE-8172,NO,1,0,0,0,0,0,0
GENE-8173,NO,1,368,385,698,163,278,539
GENE-8174,NO,1,6,11,18,9,9,5
GENE-8175,NO,1,0,0,0,0,0,0
GENE-8176,NO,1,0,0,0,0,0,0
GENE-8177,NO,1,314,211,93,73,372,181
GENE-8178,NO,1,0,0,0,0,0,0
GENE-8179,YES,1,0,0,0,0,0,0
GENE-8180,NO,1,0,0,0,0,0,0
GENE-8181,NO,1,0,0,0,0,0,0
GENE-8182,NO,1,0,0,0,0,0,0
GENE-8183,NO,1,0,0,0,0,0,0
GENE-8184,NO,1,0,0,0,0,0,0
GENE-8185,NO,1,0,0,0,0,0,0
GENE-8186,NO,1,13,6,19,8,14,18
GENE-8187,NO,1,0,0,0,0,0,0
GENE-8188,NO,1,1,2,1,1,1,3
GENE-8189,NO,1,0,0,0,0,0,0
GENE-8190,NO,1,0,0,0,0,0,0
GENE-8191,NO,1,24,16,14,13,6,13
GENE-8192,NO,1,0,0,0,0,0,0
GENE-8193,NO,1,0,0,0,0,0,0
GENE-8194,NO,1,0,0,0,0,0,0
GENE-8195,NO,1,0,0,0,0,0,0
GENE-8196,NO,1,0,0,0,0,0,0
GENE-8197,NO,1,0,0,0,0,0,0
GENE-8198,NO,1,0,0,0,0,0,0
GENE-8199,NO,1,1,0,0,0,0,0
GENE-8200,NO,1,0,0,0,0,0,0
GENE-8201,NO,1,6,9,6,7,15,7
GENE-8202,YES,1,0,0,0,0,0,0
GENE-8203,NO,1,1959,1722,2651,1914,2006,2018
GENE-8204,NO,1,0,0,0,0,0,0
GENE-8205,NO,1,1442,1119,1317,1086,1195,1121
GENE-8206,NO,1,98,160,175,247,135,308
GENE-8207,NO,1,0,0,0,0,0,0
GENE-8208,NO,1,0,0,0,0,0,0
GENE-8209,NO,1,0,0,0,0,0,0
GENE-8210,NO,1,0,0,0,0,0,0
GENE-8211,NO,1,1471,1223,1036,1085,907,1290
GENE-8212,NO,1,0,0,0,0,0,0
GENE-8213,NO,1,0,0,0,0,0,0
GENE-8214,NO,1,0,0,0,0,0,0
GENE-8215,NO,1,149,142,120,150,141,137
GENE-8216,NO,1,4,2,0,0,1,1
GENE-8217,NO,1,0,0,0,0,0,0
GENE-8218,NO,1,0,0,0,0,0,0
GENE-8219,NO,1,0,0,0,0,0,0
GENE-8220,NO,1,0,0,0,0,0,0
GENE-8221,NO,1,0,0,0,0,0,0
GENE-8222,NO,1,0,0,0,0,0,0
GENE-8223,NO,1,0,0,0,0,0,0
GENE-8224,NO,1,178,470,626,404,500,297
GENE-8225,NO,1,2832,3050,3426,3258,3041,2926
GENE-8226,NO,1,0,0,0,0,0,0
GENE-8227,NO,1,0,0,0,0,0,0
GENE-8228,NO,1,0,0,0,0,0,0
GENE-8229,NO,1,24,14,23,10,9,28
GENE-8230,NO,1,75,100,85,66,69,76
GENE-8231,NO,1,0,0,0,0,0,0
GENE-8232,NO,1,1,0,0,1,2,0
GENE-8233,NO,1,0,0,0,0,0,0
GENE-8234,NO,1,0,0,0,0,0,0
GENE-8235,NO,1,0,0,0,0,0,0
GENE-8236,NO,1,0,0,0,0,0,0
GENE-8237,NO,1,2319,2525,2299,1504,1471,2055
GENE-8238,NO,1,1069,957,699,1146,1023,931
GENE-8239,NO,1,0,0,0,0,0,0
GENE-8240,NO,1,0,0,0,0,0,0
GENE-8241,NO,1,0,0,0,0,0,0
GENE-8242,NO,1,0,0,0,0,0,0
GENE-8243,NO,1,1,3,1,2,4,3
GENE-8244,NO,1,0,0,0,0,0,0
GENE-8245,NO,1,0,0,0,0,0,0
GENE-8246,YES,1,0,0,0,0,0,0
GENE-8247,NO,1,0,0,0,0,0,0
GENE-8248,NO,1,0,0,0,0,0,0
GENE-8249,NO,1,0,0,0,0,0,0
GENE-8250,NO,1,0,0,0,0,0,0
GENE-8251,NO,1,1,1,1,0,1,0
GENE-8252,NO,1,16,24,11,13,14,12
GENE-8253,NO,1,0,0,0,0,0,0
GENE-8254,NO,1,0,0,0,0,0,0
GENE-8255,NO,1,0,0,0,0,0,0
GENE-8256,NO,1,3758,3871,3682,4514,3985,3488
GENE-8257,NO,1,0,0,0,2,0,0
GENE-8258,NO,1,0,0,0,0,0,0
GENE-8259,NO,1,0,0,0,0,0,0
GENE-8260,NO,1,0,0,0,0,0,0
GENE-8261,NO,1,0,0,0,0,0,0
GENE-8262,NO,1,0,0,1,0,0,0
GENE-8263,NO,1,0,0,0,0,0,0
GENE-8264,NO,1,0,0,0,0,0,0
GENE-8265,NO,1,0,0,0,0,0,2
GENE-8266,NO,1,0,0,0,0,0,0
GENE-8267,NO,1,19,144,13,59,28,43
GENE-8268,NO,1,4,6,7,9,10,8
GENE-8269,NO,1,0,0,0,1,0,0
GENE-8270,YES,1,0,0,0,0,0,0
GENE-8271,NO,1,0,0,0,0,0,0
GENE-8272,NO,1,0,0,0,0,0,0
GENE-8273,NO,1,0,0,0,0,0,0
GENE-8274,NO,1,0,0,0,0,0,0
GENE-8275,NO,1,0,0,0,0,0,0
GENE-8276,NO,1,0,0,0,0,0,0
GENE-8277,NO,1,0,0,0,0,0,0
GENE-8278,NO,1,0,5,0,0,0,0
GENE-8279,NO,1,0,0,0,0,0,0
GENE-8280,NO,1,0,0,0,0,0,0
GENE-8281,NO,1,0,0,0,0,0,0
GENE-8282,NO,1,0,0,0,0,0,0
GENE-8283,NO,1,0,0,0,0,0,0
GENE-8284,NO,1,0,0,0,0,0,0
GENE-8285,NO,1,0,0,0,0,0,0
GENE-8286,NO,1,0,0,0,0,0,0
GENE-8287,NO,1,0,0,0,0,0,0
GENE-8288,NO,1,0,0,0,0,0,0
GENE-8289,NO,1,0,0,0,0,0,0
GENE-8290,NO,1,1,2,0,1,0,0
GENE-8291,NO,1,0,0,0,0,0,0
GENE-8292,NO,1,0,0,0,0,0,0
GENE-8293,NO,1,0,0,0,0,0,0
GENE-8294,NO,1,65,71,100,82,68,92
GENE-8295,NO,1,1,4,0,1,1,0
GENE-8296,NO,1,0,0,0,0,0,0
GENE-8297,NO,1,0,0,0,0,0,0
GENE-8298,NO,1,51,116,79,108,111,58
GENE-8299,NO,1,0,0,0,0,0,0
GENE-8300,NO,1,7,12,11,12,10,8
GENE-8301,NO,1,0,0,0,0,0,0
GENE-8302,NO,1,0,0,0,0,0,0
GENE-8303,NO,1,0,0,0,0,0,0
GENE-8304,NO,1,3,1,4,3,4,4
GENE-8305,NO,1,6,2,4,2,4,7
GENE-8306,NO,1,0,0,0,0,0,0
GENE-8307,NO,1,0,0,0,0,0,0
GENE-8308,NO,1,1,0,0,1,0,0
GENE-8309,NO,1,0,0,0,0,0,0
GENE-8310,NO,1,0,0,0,0,0,0
GENE-8311,NO,1,6,4,8,10,5,5
GENE-8312,NO,1,0,0,0,0,0,0
GENE-8313,NO,1,0,0,0,0,0,0
GENE-8314,NO,1,0,0,0,0,0,0
GENE-8315,NO,1,0,0,0,0,0,0
GENE-8316,NO,1,0,0,0,0,0,0
GENE-8317,NO,1,217,318,300,362,324,285
GENE-8318,NO,1,0,0,0,0,0,0
GENE-8319,NO,1,3,3,3,5,1,5
GENE-8320,NO,1,36,59,38,15,59,36
GENE-8321,NO,1,0,0,0,0,0,0
GENE-8322,NO,1,0,0,0,0,0,0
GENE-8323,NO,1,0,0,0,0,0,0
GENE-8324,NO,1,0,0,0,0,0,0
GENE-8325,YES,1,0,0,0,0,0,0
GENE-8326,NO,1,0,0,0,0,0,0
GENE-8327,NO,1,0,0,0,0,1,0
GENE-8328,NO,1,2553,2857,2968,3191,2845,3596
GENE-8329,NO,1,0,0,0,0,0,0
GENE-8331,NO,1,0,0,0,0,0,0
GENE-8332,NO,1,0,0,0,0,0,0
GENE-8333,NO,1,0,0,0,0,0,0
GENE-8334,NO,1,0,0,0,0,0,0
GENE-8335,NO,1,0,0,0,0,0,0
GENE-8336,NO,1,194,268,372,222,323,229
GENE-8337,NO,1,314,282,312,289,343,341
GENE-8338,NO,1,0,1,5,1,0,2
GENE-8339,NO,1,2,0,0,0,0,1
GENE-8340,NO,1,53,58,64,104,48,41
GENE-8341,NO,1,249,233,259,223,175,267
GENE-8342,NO,1,0,0,0,0,0,0
GENE-8343,NO,1,0,0,0,0,0,0
GENE-8344,NO,1,0,0,0,0,0,0
GENE-8345,NO,1,0,0,0,0,0,0
GENE-8346,NO,1,0,0,0,0,0,0
GENE-8347,NO,1,3019,3676,3189,3142,3597,3299
GENE-8348,NO,1,0,0,0,0,0,0
GENE-8349,NO,1,0,0,0,0,0,0
GENE-8350,NO,1,0,0,0,0,0,1
GENE-8351,NO,1,31,29,20,30,41,16
GENE-8352,NO,1,202,102,188,247,121,233
GENE-8353,NO,1,0,0,0,0,0,0
GENE-8354,NO,1,0,0,0,0,0,0
GENE-8355,NO,1,2958,1629,3350,261,264,2626
GENE-8356,NO,1,0,0,0,0,0,0
GENE-8357,NO,1,953,750,1471,1064,1183,486
GENE-8358,NO,1,0,0,0,0,0,0
GENE-8360,NO,1,0,0,0,0,0,0
GENE-8361,NO,1,0,0,0,0,0,0
GENE-8362,NO,1,0,0,0,0,0,0
GENE-8363,NO,1,0,0,0,0,0,0
GENE-8364,NO,1,14603,15169,14293,16174,14897,14838
GENE-8365,YES,1,0,0,0,0,0,0
GENE-8366,NO,1,0,0,0,0,0,0
GENE-8367,NO,1,0,0,0,0,0,0
GENE-8368,NO,1,0,0,0,0,0,0
GENE-8369,NO,1,0,0,0,0,0,0
GENE-8370,NO,1,0,0,0,0,0,0
GENE-8371,NO,1,0,0,0,0,0,0
GENE-8372,NO,1,0,0,0,0,0,0
GENE-8373,NO,1,0,0,0,0,0,0
GENE-8374,NO,1,396,370,422,407,388,405
GENE-8375,NO,1,6,15,14,9,9,11
GENE-8376,NO,1,0,2,0,1,0,0
GENE-8377,NO,1,299,124,171,153,151,281
GENE-8378,NO,1,0,0,0,0,0,0
GENE-8379,NO,1,0,0,0,0,0,0
GENE-8380,NO,1,0,0,0,0,0,0
GENE-8381,NO,1,0,0,0,0,0,0
GENE-8382,NO,1,0,0,0,0,0,0
GENE-8383,NO,1,0,0,0,0,0,0
GENE-8384,NO,1,0,0,0,0,0,0
GENE-8385,NO,1,0,0,0,0,0,0
GENE-8386,YES,1,4,4,5,17,13,12
GENE-8387,NO,1,0,0,0,0,0,0
GENE-8388,NO,1,73,69,63,101,60,96
GENE-8389,NO,1,54,77,54,68,48,51
GENE-8390,NO,1,0,0,0,0,0,0
GENE-8391,NO,1,0,0,0,1,0,0
GENE-8392,NO,1,0,0,0,0,0,0
GENE-8393,NO,1,3,1,1,4,7,5
GENE-8394,NO,1,0,0,0,0,0,0
GENE-8395,NO,1,646,732,770,849,803,735
GENE-8396,NO,1,335,437,371,374,279,403
GENE-8397,NO,1,659,539,714,721,490,683
GENE-8398,NO,1,0,0,0,0,0,0
GENE-8399,NO,1,0,0,0,0,0,0
GENE-8400,NO,1,0,0,0,0,0,0
GENE-8401,NO,1,0,0,0,0,0,0
GENE-8402,NO,1,0,0,0,0,0,0
GENE-8403,NO,1,0,0,0,0,0,0
GENE-8404,NO,1,2,6,0,2,1,8
GENE-8405,NO,1,17,8,30,36,19,16
GENE-8406,NO,1,0,0,0,0,0,0
GENE-8407,NO,1,16425,18627,15184,18675,16893,17787
GENE-8408,NO,1,0,0,0,0,0,0
GENE-8409,NO,1,0,0,0,0,0,0
GENE-8410,NO,1,47,18,11,14,30,11
GENE-8411,NO,1,2251,2285,2262,3005,2688,1874
GENE-8412,NO,1,1136,981,1017,791,1163,1126
GENE-8413,NO,1,0,0,0,0,0,0
GENE-8414,NO,1,6,13,1,0,30,14
GENE-8415,NO,1,140,128,97,96,119,131
GENE-8416,NO,1,48,50,78,67,69,72
GENE-8417,NO,1,0,0,2,1,1,2
GENE-8418,NO,1,0,0,0,0,0,0
GENE-8419,NO,1,5924,5319,6039,5768,5156,5057
GENE-8420,NO,1,62,69,70,74,53,90
GENE-8421,NO,1,0,0,0,0,0,0
GENE-8422,NO,1,1237,693,1350,1213,1180,579
GENE-8423,NO,1,0,0,0,0,0,0
GENE-8424,NO,1,0,0,0,0,0,0
GENE-8425,YES,1,0,0,0,0,0,0
GENE-8426,NO,1,0,0,0,0,0,0
GENE-8427,NO,1,48,57,30,58,63,57
GENE-8429,NO,1,0,0,0,0,0,0
GENE-8430,NO,1,0,0,0,0,0,0
GENE-8431,NO,1,0,0,0,0,0,0
GENE-8432,NO,1,119,118,152,130,136,132
GENE-8433,NO,1,0,0,0,0,0,0
GENE-8434,NO,1,0,0,0,0,0,0
GENE-8435,NO,1,0,0,0,0,0,0
GENE-8436,NO,1,2,1,1,2,1,2
GENE-8438,NO,1,97,103,112,66,140,121
GENE-8439,NO,1,0,0,0,0,0,0
GENE-8440,NO,1,0,0,0,0,0,0
GENE-8441,NO,1,0,0,0,0,0,0
GENE-8442,NO,1,0,0,0,0,0,0
GENE-8443,NO,1,0,0,0,0,0,0
GENE-8444,NO,1,0,0,0,0,0,0
GENE-8445,YES,1,0,0,0,0,0,0
GENE-8446,NO,1,0,0,0,0,0,0
GENE-8447,YES,1,0,0,0,0,0,0
GENE-8448,NO,1,11,6,15,8,7,9
GENE-8449,NO,1,0,0,0,0,0,0
GENE-8450,NO,1,0,0,0,0,0,0
GENE-8451,NO,1,0,0,0,0,0,0
GENE-8452,NO,1,0,0,0,0,0,0
GENE-8453,NO,1,0,0,0,0,0,0
GENE-8454,NO,1,0,0,0,0,0,0
GENE-8455,NO,1,0,0,0,0,0,0
GENE-8456,NO,1,0,0,0,0,0,0
GENE-8457,NO,1,0,0,0,0,0,0
GENE-8458,NO,1,0,0,0,0,0,0
GENE-8459,NO,1,0,0,0,0,0,0
GENE-8460,NO,1,0,0,0,0,0,0
GENE-8461,NO,1,0,0,0,0,0,0
GENE-8462,NO,1,525,547,510,528,535,558
GENE-8463,NO,1,0,0,0,0,0,0
GENE-8464,NO,1,0,0,0,0,0,0
GENE-8465,NO,1,1495,335,52,70,3,1333
GENE-8466,NO,1,335,297,381,328,271,373
GENE-8467,NO,1,0,0,0,0,0,0
GENE-8468,NO,1,0,0,0,0,0,0
GENE-8469,NO,1,29,50,0,24,26,38
GENE-8470,NO,1,0,0,0,0,0,0
GENE-8471,NO,1,0,0,0,0,0,0
GENE-8472,NO,1,11,7,13,21,9,22
GENE-8473,NO,1,0,0,0,0,0,0
GENE-8474,NO,1,199,150,125,145,107,158
GENE-8475,NO,1,0,0,0,0,0,0
GENE-8476,NO,1,0,0,0,0,0,0
GENE-8477,NO,1,0,0,0,0,0,0
GENE-8478,NO,1,0,0,0,0,0,0
GENE-8479,NO,1,229,229,221,193,241,222
GENE-8480,NO,1,0,0,0,0,0,0
GENE-8481,NO,1,0,0,0,0,0,0
GENE-8482,NO,1,0,0,0,0,0,0
GENE-8483,NO,1,9,6,11,13,2,7
GENE-8484,YES,1,0,0,0,0,0,0
GENE-8485,NO,1,47,55,61,48,48,87
GENE-8486,NO,1,686,529,741,713,541,793
GENE-8487,YES,1,1,0,1,0,1,1
GENE-8488,NO,1,25,34,32,25,17,20
GENE-8489,NO,1,0,0,0,0,0,0
GENE-8490,NO,1,0,0,0,0,0,0
GENE-8491,NO,1,0,0,0,0,0,0
GENE-8492,NO,1,0,0,0,0,0,0
GENE-8493,NO,1,0,0,0,0,0,0
GENE-8494,NO,1,0,0,0,0,0,0
GENE-8495,NO,1,7,3,7,7,11,9
GENE-8496,NO,1,0,0,0,0,0,0
GENE-8497,NO,1,4,4,7,2,1,6
GENE-8498,YES,1,0,0,0,0,0,0
GENE-8499,NO,1,0,0,0,0,0,0
GENE-8500,NO,1,0,0,0,0,0,0
GENE-8501,NO,1,0,0,0,0,0,0
GENE-8502,NO,1,0,0,0,0,0,0
GENE-8503,NO,1,4,4,2,4,8,8
GENE-8504,NO,1,0,0,0,0,0,0
GENE-8505,NO,1,0,0,0,0,0,0
GENE-8506,NO,1,203,215,232,228,271,190
GENE-8507,NO,1,0,0,0,0,0,0
GENE-8508,NO,1,0,0,0,0,0,0
GENE-8509,NO,1,169,168,126,74,131,166
GENE-8510,NO,1,101,34,60,55,70,88
GENE-8511,NO,1,0,0,0,0,0,0
GENE-8512,NO,1,0,0,0,0,0,0
GENE-8513,NO,1,3132,2393,2481,2114,2042,2959
GENE-8514,NO,1,0,0,0,0,0,0
GENE-8515,NO,1,0,0,0,0,0,0
GENE-8516,NO,1,0,0,0,0,0,0
GENE-8517,NO,1,0,0,0,0,0,0
GENE-8518,NO,1,31,37,78,23,24,8
GENE-8519,NO,1,0,0,0,0,0,0
GENE-8520,NO,1,71,62,64,74,54,61
GENE-8521,NO,1,0,0,0,0,0,0
GENE-8522,NO,1,0,0,0,0,0,0
GENE-8523,NO,1,0,0,0,0,0,0
GENE-8524,NO,1,0,0,0,0,0,0
GENE-8525,NO,1,53,15,54,29,40,26
GENE-8526,NO,1,0,0,0,0,0,0
GENE-8527,NO,1,6,29,9,29,59,1
GENE-8528,NO,1,0,0,0,0,0,0
GENE-8529,NO,1,0,0,0,0,0,0
GENE-8530,NO,1,13,8,10,8,6,11
GENE-8531,NO,1,0,0,0,0,0,0
GENE-8532,NO,1,4,3,5,3,6,4
GENE-8533,NO,1,0,0,0,0,0,0
GENE-8534,NO,1,199,172,244,146,210,144
GENE-8536,NO,1,0,0,0,0,0,0
GENE-8537,NO,1,0,0,0,0,0,0
GENE-8538,NO,1,0,0,0,0,0,0
GENE-8539,NO,1,30,53,38,57,33,43
GENE-8540,NO,1,74,61,68,55,77,58
GENE-8541,NO,1,0,0,0,0,0,0
GENE-8542,NO,1,0,0,0,0,0,0
GENE-8543,NO,1,0,0,0,0,0,0
GENE-8544,NO,1,0,0,0,0,0,0
GENE-8545,NO,1,0,0,0,0,0,0
GENE-8546,YES,1,0,0,0,0,0,0
GENE-8547,NO,1,0,0,0,0,0,0
GENE-8548,NO,1,27,22,36,36,27,45
GENE-8549,NO,1,0,0,0,0,0,0
GENE-8550,NO,1,0,0,0,1,0,0
GENE-8551,NO,1,0,0,0,0,0,0
GENE-8552,NO,1,1059,499,990,811,1005,662
GENE-8553,NO,1,0,0,0,1,0,0
GENE-8554,NO,1,0,0,0,0,0,0
GENE-8555,NO,1,0,0,0,0,0,0
GENE-8556,NO,1,16,22,18,14,22,21
GENE-8557,NO,1,0,0,0,0,0,0
GENE-8558,NO,1,598,459,437,342,504,371
GENE-8559,NO,1,0,0,0,0,0,0
GENE-8560,NO,1,0,0,0,0,0,0
GENE-8561,NO,1,48,21,36,38,60,37
GENE-8562,NO,1,0,0,0,0,0,0
GENE-8563,NO,1,1,0,0,0,1,0
GENE-8564,NO,1,2673,2822,3011,3172,3283,3321
GENE-8565,NO,1,73,59,52,55,70,49
GENE-8566,NO,1,328,320,290,260,221,254
GENE-8567,NO,1,0,0,0,0,0,0
GENE-8568,NO,1,567,783,553,610,524,550
GENE-8569,NO,1,0,0,0,0,0,0
GENE-8570,NO,1,0,0,0,0,0,0
GENE-8571,NO,1,0,0,0,0,0,0
GENE-8572,NO,1,326,406,295,473,545,293
GENE-8573,NO,1,0,1,0,0,0,0
GENE-8574,NO,1,18,29,19,12,17,11
GENE-8575,NO,1,1,1,2,1,1,3
GENE-8576,NO,1,3,5,1,7,3,2
GENE-8577,NO,1,0,0,0,0,0,0
GENE-8578,NO,1,0,0,0,0,0,0
GENE-8579,YES,1,0,0,0,0,0,0
GENE-8580,NO,1,0,0,0,0,0,0
GENE-8581,NO,1,0,0,0,0,0,0
GENE-8582,NO,1,108,108,104,95,119,109
GENE-8583,NO,1,0,0,0,0,0,0
GENE-8584,NO,1,12894,13535,11152,10729,13775,14372
GENE-8585,NO,1,0,0,0,0,0,0
GENE-8586,NO,1,71,58,68,52,65,9
GENE-8587,NO,1,0,0,0,0,0,0
GENE-8588,NO,1,0,0,0,0,0,0
GENE-8589,NO,1,174,143,177,192,175,185
GENE-8590,NO,1,323,106,242,139,311,474
GENE-8591,NO,1,0,0,0,0,0,0
GENE-8592,NO,1,0,0,0,0,0,0
GENE-8593,NO,1,0,0,0,0,0,0
GENE-8594,NO,1,0,0,0,0,0,0
GENE-8595,NO,1,0,0,0,0,0,0
GENE-8596,NO,1,9,5,4,10,7,9
GENE-8597,NO,1,325,241,264,206,261,186
GENE-8598,NO,1,0,0,0,0,0,0
GENE-8599,NO,1,0,0,0,0,0,0
GENE-8600,NO,1,0,0,0,0,0,0
GENE-8601,NO,1,0,0,0,0,0,0
GENE-8602,NO,1,0,0,0,0,0,0
GENE-8603,NO,1,2088,2269,2083,2690,2451,2572
GENE-8604,NO,1,0,0,0,0,0,0
GENE-8605,NO,1,0,0,0,1,0,0
GENE-8606,NO,1,0,0,0,0,0,0
GENE-8607,NO,1,0,0,0,0,0,0
GENE-8608,NO,1,0,0,0,0,0,0
GENE-8609,NO,1,1290,1172,1505,1132,1278,878
GENE-8610,NO,1,0,0,0,0,0,0
GENE-8611,NO,1,0,0,0,0,0,0
GENE-8612,NO,1,0,0,0,0,0,0
GENE-8613,NO,1,0,0,0,0,0,0
GENE-8614,NO,1,0,0,0,0,0,0
GENE-8615,NO,1,16,10,8,8,12,7
GENE-8616,NO,1,0,0,0,0,0,0
GENE-8617,NO,1,0,0,0,0,0,0
GENE-8618,NO,1,0,0,0,0,0,0
GENE-8619,NO,1,0,0,0,0,0,0
GENE-8620,NO,1,612,533,594,855,739,726
GENE-8621,NO,1,212,175,184,234,201,159
GENE-8622,NO,1,0,0,0,0,0,0
GENE-8623,NO,1,20,12,23,15,20,27
GENE-8624,NO,1,0,1,0,0,0,0
GENE-8625,NO,1,108,108,130,95,124,109
GENE-8626,NO,1,0,0,0,0,0,0
GENE-8627,NO,1,0,0,0,0,0,0
GENE-8628,NO,1,0,0,0,0,0,0
GENE-8629,NO,1,0,0,0,0,0,0
GENE-8630,NO,1,37893,23006,46450,39526,25103,43430
GENE-8631,NO,1,0,2,5,2,5,10
GENE-8632,NO,1,1,2,4,3,3,2
GENE-8633,NO,1,0,0,0,0,0,0
GENE-8634,NO,1,0,0,0,0,0,0
GENE-8635,NO,1,0,0,0,0,0,0
GENE-8636,NO,1,541,441,560,476,648,662
GENE-8637,NO,1,0,0,0,0,0,0
GENE-8638,NO,1,0,0,0,0,0,0
GENE-8639,NO,1,279,257,295,301,311,300
GENE-8640,NO,1,0,0,0,0,0,0
GENE-8641,NO,1,0,0,0,0,0,0
GENE-8642,NO,1,0,0,0,0,0,0
GENE-8643,NO,1,48,37,56,53,45,48
GENE-8644,NO,1,0,0,0,0,0,0
GENE-8645,NO,1,0,0,0,0,0,0
GENE-8646,YES,1,0,0,0,0,0,0
GENE-8647,NO,1,150,176,195,206,175,213
GENE-8648,NO,1,0,0,0,0,0,0
GENE-8649,NO,1,0,0,0,0,0,0
GENE-8650,NO,1,0,0,0,0,0,0
GENE-8651,NO,1,0,0,0,0,0,0
GENE-8652,NO,1,0,0,0,0,0,0
GENE-8653,NO,1,0,0,0,0,0,0
GENE-8654,NO,1,0,0,0,0,0,0
GENE-8655,YES,1,0,0,1,0,4,1
GENE-8656,NO,1,0,0,0,0,0,0
GENE-8657,NO,1,1078,795,934,937,930,992
GENE-8658,NO,1,0,0,0,0,0,0
GENE-8659,NO,1,0,0,0,0,0,0
GENE-8660,NO,1,4,4,1,2,3,1
GENE-8661,NO,1,0,0,0,0,0,0
GENE-8662,NO,1,0,0,0,0,0,0
GENE-8663,NO,1,0,0,0,0,0,0
GENE-8664,NO,1,59,47,102,44,99,113
GENE-8665,NO,1,422,438,443,294,542,287
GENE-8666,NO,1,107,118,90,161,83,119
GENE-8667,NO,1,952,844,939,718,859,888
GENE-8668,NO,1,0,0,0,0,0,0
GENE-8669,NO,1,0,0,0,0,0,0
GENE-8671,NO,1,0,0,0,0,0,0
GENE-8672,NO,1,0,0,0,0,0,0
GENE-8673,NO,1,9,5,8,8,8,9
GENE-8674,NO,1,0,0,0,0,0,0
GENE-8675,NO,1,0,0,0,0,0,0
GENE-8676,NO,1,0,0,0,0,0,0
GENE-8677,NO,1,9,15,24,9,8,9
GENE-8678,NO,1,0,0,0,0,0,0
GENE-8679,NO,1,0,0,0,0,0,0
GENE-8680,NO,1,48,50,49,39,34,42
GENE-8681,NO,1,0,0,0,0,0,0
GENE-8682,NO,1,0,0,0,0,0,0
GENE-8683,NO,1,0,0,0,0,0,0
GENE-8684,NO,1,190,139,200,168,217,204
GENE-8685,NO,1,151,164,172,179,158,166
GENE-8686,NO,1,0,0,0,0,0,0
GENE-8687,NO,1,0,0,0,0,0,0
GENE-8688,NO,1,0,0,0,0,0,0
GENE-8689,NO,1,0,0,0,0,0,0
GENE-8690,NO,1,0,0,0,0,0,0
GENE-8691,NO,1,0,0,0,0,0,0
GENE-8692,NO,1,0,0,0,0,0,0
GENE-8693,NO,1,5,6,9,8,5,7
GENE-8694,NO,1,0,0,0,0,0,0
GENE-8695,NO,1,54,45,77,37,53,54
GENE-8696,NO,1,0,0,0,0,0,0
GENE-8697,NO,1,0,0,0,0,0,0
GENE-8698,NO,1,0,0,0,0,0,0
GENE-8699,NO,1,0,0,0,0,0,0
GENE-8700,NO,1,1994,1522,1266,1765,1718,1127
GENE-8701,NO,1,91,9,99,66,24,60
GENE-8702,NO,1,0,0,0,0,0,0
GENE-8703,NO,1,0,0,0,0,0,0
GENE-8704,NO,1,25,17,17,27,19,30
GENE-8705,NO,1,0,0,0,0,0,0
GENE-8706,NO,1,72,149,77,54,32,42
GENE-8707,NO,1,0,0,0,0,0,0
GENE-8708,NO,1,85,102,97,82,96,129
GENE-8709,NO,1,2,8,6,5,13,7
GENE-8710,YES,1,0,0,0,0,0,0
GENE-8711,NO,1,0,0,0,0,0,0
GENE-8712,NO,1,0,0,0,0,0,0
GENE-8713,NO,1,0,0,0,0,0,0
GENE-8714,NO,1,9,12,6,15,18,10
GENE-8715,NO,1,0,0,0,0,0,0
GENE-8716,NO,1,0,0,0,0,0,0
GENE-8717,NO,1,0,0,0,0,0,0
GENE-8718,NO,1,0,0,0,0,0,0
GENE-8719,NO,1,0,0,0,0,0,0
GENE-8720,NO,1,0,0,0,0,0,0
GENE-8721,NO,1,0,0,0,0,0,0
GENE-8722,NO,1,5,23,6,18,12,26
GENE-8723,NO,1,0,0,0,0,0,1
GENE-8724,NO,1,0,0,0,0,0,0
GENE-8725,NO,1,0,0,0,0,0,0
GENE-8726,NO,1,0,0,0,0,0,0
GENE-8727,NO,1,1,0,0,1,0,1
GENE-8728,NO,1,0,0,0,0,0,0
GENE-8729,NO,1,7,0,9,4,9,4
GENE-8730,NO,1,0,0,0,0,0,0
GENE-8731,NO,1,0,0,0,0,0,0
GENE-8732,NO,1,0,1,0,0,2,1
GENE-8733,NO,1,0,1,0,3,1,2
GENE-8734,NO,1,0,0,0,0,0,0
GENE-8735,NO,1,0,0,0,0,0,0
GENE-8736,NO,1,0,0,0,0,0,0
GENE-8737,NO,1,0,0,0,0,0,0
GENE-8738,NO,1,0,0,0,0,0,0
GENE-8739,NO,1,0,0,0,0,0,0
GENE-8740,NO,1,0,0,0,0,0,0
GENE-8741,NO,1,0,0,0,0,0,0
GENE-8742,NO,1,0,0,0,0,0,0
GENE-8743,NO,1,0,0,0,0,0,0
GENE-8744,NO,1,0,0,0,0,0,0
GENE-8745,NO,1,0,0,0,0,0,0
GENE-8746,NO,1,864,915,921,866,909,833
GENE-8747,NO,1,533,651,798,744,751,770
GENE-8748,NO,1,0,0,0,0,0,0
GENE-8749,NO,1,0,0,0,0,0,0
GENE-8750,NO,1,469,419,404,584,274,410
GENE-8751,NO,1,1474,1826,1804,1984,1480,2280
GENE-8752,NO,1,0,0,0,0,0,1
GENE-8753,NO,1,0,0,0,0,0,0
GENE-8754,NO,1,0,0,0,0,0,0
GENE-8755,YES,1,0,0,0,0,0,0
GENE-8756,NO,1,0,0,0,0,0,0
GENE-8757,NO,1,60,50,66,57,75,66
GENE-8758,NO,1,0,0,0,0,0,0
GENE-8760,NO,1,265,2410,3707,1122,1144,1079
GENE-8761,NO,1,0,0,0,0,0,0
GENE-8762,NO,1,0,0,0,0,0,0
GENE-8763,NO,1,0,0,0,0,0,0
GENE-8764,NO,1,0,0,0,0,0,0
GENE-8765,NO,1,0,0,0,0,0,0
GENE-8766,NO,1,0,0,0,0,0,0
GENE-8767,NO,1,0,0,0,0,0,0
GENE-8768,NO,1,0,0,0,0,0,0
GENE-8769,NO,1,38,19,5,20,24,19
GENE-8770,NO,1,0,0,0,0,0,0
GENE-8771,NO,1,0,0,0,0,0,0
GENE-8772,NO,1,0,0,0,0,0,0
GENE-8773,YES,1,0,0,0,0,0,0
GENE-8774,NO,1,18,16,13,17,19,20
GENE-8775,NO,1,0,0,0,0,0,0
GENE-8777,NO,1,0,0,0,0,0,0
GENE-8778,NO,1,826,978,848,753,1058,821
GENE-8779,NO,1,0,0,0,0,0,0
GENE-8780,NO,1,0,0,0,0,0,0
GENE-8781,NO,1,0,0,0,0,0,0
GENE-8782,NO,1,18,25,5,16,7,8
GENE-8783,NO,1,2,0,2,1,1,2
GENE-8784,NO,1,0,0,0,0,0,0
GENE-8785,NO,1,0,0,0,0,0,0
GENE-8786,NO,1,0,0,0,0,0,0
GENE-8787,NO,1,0,0,0,0,0,0
GENE-8788,NO,1,0,0,0,0,0,0
GENE-8789,NO,1,0,0,0,1,1,1
GENE-8790,NO,1,262,465,534,787,885,430
GENE-8791,NO,1,5,9,16,8,6,11
GENE-8792,NO,1,0,0,0,0,0,0
GENE-8793,NO,1,332,7,1,36,277,143
GENE-8794,NO,1,29,85,38,71,43,57
GENE-8795,NO,1,17,11,19,22,17,24
GENE-8796,NO,1,0,1,0,3,0,0
GENE-8797,NO,1,14,22,15,20,22,19
GENE-8798,NO,1,0,0,0,0,0,0
GENE-8799,NO,1,0,0,0,0,0,0
GENE-8800,NO,1,77,67,59,65,63,55
GENE-8801,NO,1,0,0,0,0,0,0
GENE-8802,NO,1,0,0,0,0,0,0
GENE-8804,NO,1,0,0,0,0,0,0
GENE-8805,NO,1,0,0,0,0,0,0
GENE-8806,NO,1,0,0,0,0,0,0
GENE-8807,NO,1,0,0,0,0,0,0
GENE-8808,NO,1,881,956,1071,767,1001,1043
GENE-8809,NO,1,0,0,0,0,0,0
GENE-8810,NO,1,0,0,0,0,0,0
GENE-8811,NO,1,0,0,0,0,0,0
GENE-8812,NO,1,776,749,989,838,696,864
GENE-8813,NO,1,0,0,0,0,0,0
GENE-8814,NO,1,227,288,288,229,314,276
GENE-8815,NO,1,0,0,0,0,0,0
GENE-8816,NO,1,0,0,0,0,0,0
GENE-8817,NO,1,0,0,0,0,0,0
GENE-8818,NO,1,0,0,0,0,0,0
GENE-8819,NO,1,494,54,413,63,30,95
GENE-8820,NO,1,0,0,0,0,0,0
GENE-8821,NO,1,29,25,23,20,29,23
GENE-8822,NO,1,712,801,698,731,570,897
GENE-8823,NO,1,0,0,0,0,0,0
GENE-8824,NO,1,0,0,0,0,0,0
GENE-8825,NO,1,0,0,0,0,0,0
GENE-8826,NO,1,0,0,0,0,0,0
GENE-8827,NO,1,0,0,0,0,0,0
GENE-8828,NO,1,68,71,41,65,85,82
GENE-8829,NO,1,1283,2268,917,696,535,1354
GENE-8830,NO,1,109,111,140,214,112,132
GENE-8831,NO,1,0,0,0,0,0,0
GENE-8832,NO,1,95,0,53,0,0,464
GENE-8833,NO,1,0,0,0,0,0,0
GENE-8834,NO,1,0,0,0,0,0,0
GENE-8835,NO,1,67,69,108,70,68,79
GENE-8836,NO,1,153,279,239,203,213,227
GENE-8837,NO,1,0,0,0,0,0,0
GENE-8838,NO,1,0,0,0,0,0,0
GENE-8839,NO,1,102,92,150,82,145,121
GENE-8840,NO,1,0,0,0,0,0,0
GENE-8841,NO,1,579,587,559,640,608,1248
GENE-8842,NO,1,98,127,129,93,124,104
GENE-8843,NO,1,0,0,0,0,0,0
GENE-8844,NO,1,0,0,0,0,0,0
GENE-8845,NO,1,0,0,0,0,0,0
GENE-8846,NO,1,0,0,0,0,0,0
GENE-8847,NO,1,0,0,0,0,0,0
GENE-8848,NO,1,0,0,0,0,0,0
GENE-8849,NO,1,0,0,0,0,0,0
GENE-8850,NO,1,0,0,0,0,0,0
GENE-8851,NO,1,0,0,0,0,0,0
GENE-8852,NO,1,0,0,0,0,0,0
GENE-8853,NO,1,564,474,466,376,516,504
GENE-8854,NO,1,0,0,0,0,0,0
GENE-8856,NO,1,0,0,0,0,0,0
GENE-8857,NO,1,0,0,3,3,1,3
GENE-8858,NO,1,462,458,435,470,460,551
GENE-8859,NO,1,0,0,0,0,0,0
GENE-8860,NO,1,0,0,0,0,0,0
GENE-8861,NO,1,196,279,316,330,275,260
GENE-8862,NO,1,585,655,745,628,773,729
GENE-8863,NO,1,0,0,0,0,0,0
GENE-8864,NO,1,0,0,0,0,0,0
GENE-8865,NO,1,0,0,0,0,0,0
GENE-8866,NO,1,0,0,0,0,0,0
GENE-8867,NO,1,0,0,0,0,0,0
GENE-8868,NO,1,10,17,7,17,16,19
GENE-8869,NO,1,73,71,96,76,69,76
GENE-8870,NO,1,0,0,0,0,0,0
GENE-8871,NO,1,1,0,1,0,1,2
GENE-8872,NO,1,57,47,55,43,48,62
GENE-8873,NO,1,89,107,79,100,79,86
GENE-8874,NO,1,0,0,0,0,0,0
GENE-8875,NO,1,0,0,0,0,0,0
GENE-8876,NO,1,0,0,0,0,0,0
GENE-8877,NO,1,1301,2094,2202,1629,1555,1748
GENE-8878,NO,1,0,1,0,0,0,0
GENE-8879,YES,1,0,0,0,0,0,0
GENE-8880,NO,1,0,0,0,0,0,0
GENE-8881,NO,1,0,0,0,0,0,0
GENE-8882,NO,1,2,9,5,2,10,11
GENE-8883,NO,1,0,0,0,0,0,0
GENE-8884,NO,1,0,0,0,0,0,0
GENE-8885,NO,1,0,0,0,0,0,0
GENE-8886,NO,1,0,0,0,0,0,0
GENE-8887,NO,1,17,27,24,19,19,25
GENE-8888,NO,1,0,0,0,0,0,0
GENE-8889,NO,1,0,0,0,0,0,0
GENE-8890,NO,1,0,0,0,0,0,0
GENE-8891,NO,1,169,151,246,199,230,161
GENE-8892,NO,1,0,0,0,0,0,0
GENE-8893,NO,1,0,0,0,0,0,0
GENE-8894,NO,1,0,0,0,0,0,0
GENE-8895,NO,1,4306,3265,2992,3856,4197,3459
GENE-8896,NO,1,0,0,0,0,0,0
GENE-8897,NO,1,0,0,0,0,0,0
GENE-8898,NO,1,0,0,0,0,0,0
GENE-8899,NO,1,0,0,0,0,0,0
GENE-8900,NO,1,337,358,368,320,337,367
GENE-8901,YES,1,0,0,0,0,0,0
GENE-8902,NO,1,0,0,0,0,0,0
GENE-8903,NO,1,0,0,0,0,0,0
GENE-8904,NO,1,0,0,0,0,0,0
GENE-8905,NO,1,1,1,3,1,1,8
GENE-8906,NO,1,75,71,65,67,69,77
GENE-8907,NO,1,2,0,2,2,0,0
GENE-8908,NO,1,0,0,0,0,0,0
GENE-8909,NO,1,0,0,0,0,0,0
GENE-8910,NO,1,59,77,91,68,65,62
GENE-8911,NO,1,0,0,0,0,0,0
GENE-8912,NO,1,2,3,5,1,1,2
GENE-8913,NO,1,0,0,0,0,0,0
GENE-8914,NO,1,0,0,0,0,0,0
GENE-8915,NO,1,0,0,0,0,0,0
GENE-8916,NO,1,4343,6236,3155,4314,3479,8659
GENE-8917,NO,1,0,0,0,0,0,1
GENE-8918,NO,1,0,0,0,0,0,0
GENE-8919,NO,1,0,0,0,0,0,0
GENE-8920,NO,1,3,3,2,5,3,4
GENE-8921,NO,1,0,0,0,0,0,0
GENE-8922,NO,1,0,0,0,0,0,0
GENE-8923,NO,1,3,1,0,2,0,2
GENE-8924,NO,1,0,0,0,0,0,0
GENE-8925,NO,1,0,0,0,0,0,0
GENE-8926,NO,1,0,0,0,0,0,0
GENE-8927,NO,1,0,0,0,0,0,0
GENE-8928,NO,1,0,0,0,0,0,0
GENE-8929,NO,1,0,0,0,0,0,0
GENE-8930,NO,1,0,0,0,0,0,0
GENE-8931,NO,1,0,0,0,0,0,0
GENE-8932,NO,1,0,0,0,0,0,0
GENE-8933,NO,1,53,49,56,63,70,49
GENE-8934,NO,1,184,225,205,173,157,236
GENE-8935,NO,1,0,2,0,1,4,0
GENE-8936,NO,1,34,38,39,48,41,34
GENE-8937,NO,1,0,0,0,0,0,0
GENE-8938,NO,1,41,33,31,24,32,25
GENE-8939,NO,1,32,32,29,32,34,29
GENE-8940,NO,1,0,0,0,0,0,0
GENE-8941,NO,1,28,29,20,32,24,20
GENE-8942,NO,1,0,0,0,1,0,0
GENE-8943,NO,1,159,214,239,125,199,184
GENE-8944,NO,1,0,0,0,0,0,0
GENE-8945,NO,1,0,4,1,3,1,0
GENE-8946,NO,1,56,42,90,55,55,67
GENE-8947,NO,1,0,0,0,0,0,0
GENE-8948,NO,1,957,1257,1518,1433,1282,1396
GENE-8949,NO,1,1,0,0,0,0,0
GENE-8950,NO,1,0,0,0,0,0,0
GENE-8951,NO,1,509,496,595,508,584,464
GENE-8952,NO,1,96,126,122,101,95,97
GENE-8953,NO,1,421,662,499,516,494,540
GENE-8954,NO,1,1,1,0,0,1,0
GENE-8955,NO,1,0,0,0,0,0,0
GENE-8956,NO,1,0,0,0,0,0,0
GENE-8957,YES,1,0,0,0,0,0,0
GENE-8958,NO,1,0,0,0,0,0,0
GENE-8959,NO,1,0,0,0,0,0,0
GENE-8960,NO,1,0,0,0,0,0,0
GENE-8961,NO,1,0,0,0,0,0,0
GENE-8962,NO,1,429,426,384,406,431,405
GENE-8963,NO,1,0,0,0,0,0,0
GENE-8964,NO,1,0,0,0,0,0,0
GENE-8965,NO,1,0,0,0,0,0,0
GENE-8966,NO,1,0,0,0,0,0,0
GENE-8967,NO,1,0,0,0,0,0,0
GENE-8968,NO,1,0,0,0,0,0,0
GENE-8969,NO,1,0,0,0,0,0,0
GENE-8970,NO,1,2,0,5,9,1,4
GENE-8971,NO,1,0,0,0,0,0,0
GENE-8972,NO,1,47,30,38,36,56,36
GENE-8973,NO,1,0,0,0,0,0,0
GENE-8974,NO,1,24,29,30,27,23,21
GENE-8975,NO,1,0,0,0,0,0,0
GENE-8976,NO,1,0,0,0,0,0,0
GENE-8977,NO,1,55,56,51,53,55,47
GENE-8978,NO,1,0,0,0,0,0,0
GENE-8979,NO,1,0,0,0,0,0,0
GENE-8980,NO,1,0,0,0,0,0,0
GENE-8981,NO,1,8,10,4,2,7,11
GENE-8982,NO,1,0,0,0,0,0,0
GENE-8983,YES,1,0,0,0,0,0,0
GENE-8984,NO,1,0,0,0,0,0,0
GENE-8985,NO,1,0,0,0,0,0,0
GENE-8986,NO,1,27,21,34,34,54,19
GENE-8987,NO,1,0,0,0,0,0,0
GENE-8988,NO,1,12,19,5,11,10,11
GENE-8989,NO,1,0,0,0,0,0,0
GENE-8990,NO,1,0,2,0,1,2,1
GENE-8991,NO,1,0,0,0,0,0,0
GENE-8992,NO,1,0,0,0,0,0,0
GENE-8993,NO,1,0,0,1,0,0,0
GENE-8994,NO,1,17,16,21,17,20,20
GENE-8995,YES,1,0,0,0,0,0,0
GENE-8996,NO,1,1,1,1,1,3,3
GENE-8997,NO,1,0,0,0,0,0,0
GENE-8998,NO,1,0,0,0,0,0,0
GENE-8999,NO,1,42,58,71,38,50,65
GENE-9000,NO,1,424,529,474,578,667,400
GENE-9001,NO,1,0,0,0,0,0,0
GENE-9002,NO,1,101,72,95,83,91,69
GENE-9003,NO,1,0,0,0,0,0,0
GENE-9004,NO,1,0,0,0,0,0,0
GENE-9005,NO,1,0,0,0,0,0,0
GENE-9006,NO,1,0,0,0,0,0,0
GENE-9007,NO,1,0,0,0,0,0,0
GENE-9008,NO,1,0,0,0,0,0,0
GENE-9009,NO,1,0,0,0,1,0,0
GENE-9010,NO,1,0,0,0,0,0,0
GENE-9011,NO,1,0,0,0,0,0,0
GENE-9012,NO,1,0,0,0,0,0,0
GENE-9013,NO,1,957,1381,1273,1426,1342,1416
GENE-9014,NO,1,228,215,219,159,254,199
GENE-9015,NO,1,0,0,0,0,0,0
GENE-9016,NO,1,0,0,0,0,0,0
GENE-9017,NO,1,0,0,0,0,0,0
GENE-9018,NO,1,0,0,0,0,0,0
GENE-9019,NO,1,0,0,0,0,0,0
GENE-9020,NO,1,1,3,0,2,1,3
GENE-9021,NO,1,0,0,0,0,0,0
GENE-9022,NO,1,0,0,0,0,0,0
GENE-9023,NO,1,0,0,0,0,0,0
GENE-9024,NO,1,44,51,37,36,45,50
GENE-9025,NO,1,0,0,0,0,0,0
GENE-9026,NO,1,0,0,0,0,0,0
GENE-9027,NO,1,0,0,0,0,0,0
GENE-9028,NO,1,0,0,0,0,0,0
GENE-9029,NO,1,0,0,2,1,0,0
GENE-9030,NO,1,0,0,0,0,0,0
GENE-9031,NO,1,0,0,0,0,0,0
GENE-9032,NO,1,44,71,34,64,37,53
GENE-9033,NO,1,0,0,0,0,0,0
GENE-9034,NO,1,50,31,31,43,25,28
GENE-9035,NO,1,0,0,0,0,0,0
GENE-9036,NO,1,0,0,0,0,0,0
GENE-9037,NO,1,0,0,0,0,0,0
GENE-9038,NO,1,0,0,0,0,0,0
GENE-9039,NO,1,3,1,0,4,4,1
GENE-9040,NO,1,0,0,0,0,0,0
GENE-9041,NO,1,0,0,0,0,0,0
GENE-9042,NO,1,0,1,0,0,0,0
GENE-9043,NO,1,0,0,0,0,0,0
GENE-9044,NO,1,1,0,0,0,1,0
GENE-9045,NO,1,1,2,2,3,1,1
GENE-9046,NO,1,0,0,0,0,0,0
GENE-9047,NO,1,0,0,0,0,0,0
GENE-9048,YES,1,0,3,0,0,0,0
GENE-9049,NO,1,0,0,0,0,0,0
GENE-9050,NO,1,762,747,703,733,596,714
GENE-9051,NO,1,0,0,0,0,0,0
GENE-9052,NO,1,1891,2257,1918,1988,1827,2734
GENE-9053,NO,1,0,0,0,0,0,0
GENE-9054,NO,1,0,0,0,0,0,0
GENE-9056,NO,1,0,0,0,0,0,0
GENE-9057,NO,1,0,0,0,0,0,0
GENE-9058,NO,1,0,0,0,0,0,0
GENE-9059,NO,1,0,0,0,0,0,0
GENE-9060,NO,1,0,0,0,0,0,0
GENE-9061,NO,1,0,0,0,0,0,0
GENE-9062,NO,1,90,230,32,639,1081,351
GENE-9063,NO,1,548,594,540,580,482,577
GENE-9064,NO,1,22,25,20,24,19,21
GENE-9065,NO,1,228,213,263,312,180,255
GENE-9066,NO,1,0,0,0,0,0,0
GENE-9067,NO,1,0,0,0,0,0,0
GENE-9068,NO,1,55,36,42,31,32,48
GENE-9069,NO,1,11,13,13,10,10,12
GENE-9070,NO,1,0,0,0,0,0,0
GENE-9071,NO,1,1,0,0,0,0,0
GENE-9072,NO,1,0,0,0,0,0,0
GENE-9073,NO,1,0,0,0,0,0,0
GENE-9074,NO,1,9,5,4,10,13,7
GENE-9075,NO,1,0,0,0,0,0,0
GENE-9076,NO,1,0,0,0,0,0,0
GENE-9077,NO,1,0,0,0,0,0,0
GENE-9078,NO,1,0,0,0,0,0,0
GENE-9079,NO,1,0,0,0,0,0,0
GENE-9080,NO,1,0,0,0,0,0,0
GENE-9081,NO,1,0,0,0,0,0,0
GENE-9082,YES,1,0,0,0,0,0,0
GENE-9083,NO,1,0,0,0,0,0,0
GENE-9084,YES,1,0,0,0,0,0,0
GENE-9085,NO,1,0,1,0,1,1,1
GENE-9086,NO,1,347,329,303,323,326,386
GENE-9087,NO,1,0,0,0,0,0,0
GENE-9088,NO,1,6,3,2,6,6,3
GENE-9089,NO,1,0,0,0,0,0,0
GENE-9090,NO,1,0,0,0,0,0,0
GENE-9091,NO,1,348,341,378,332,276,341
GENE-9092,NO,1,0,0,0,0,0,0
GENE-9093,NO,1,15,16,10,21,12,9
GENE-9094,NO,1,0,0,0,0,0,0
GENE-9095,NO,1,1,3,1,0,1,1
GENE-9096,NO,1,0,0,0,0,1,0
GENE-9097,NO,1,0,0,0,0,0,0
GENE-9098,NO,1,0,0,0,0,0,0
GENE-9099,NO,1,0,0,0,0,0,0
GENE-9100,NO,1,0,0,0,0,0,0
GENE-9101,NO,1,1,1,5,4,0,2
GENE-9102,YES,1,0,0,0,0,0,0
GENE-9103,NO,1,0,0,0,0,0,0
GENE-9104,NO,1,5,6,7,6,2,8
GENE-9105,YES,1,0,0,0,0,0,0
GENE-9106,NO,1,0,0,0,0,0,0
GENE-9107,NO,1,0,0,0,0,0,0
GENE-9108,NO,1,86,80,191,163,170,204
GENE-9109,NO,1,0,0,0,0,0,0
GENE-9110,NO,1,0,0,0,0,0,0
GENE-9111,NO,1,67,68,95,108,105,116
GENE-9112,YES,1,0,0,0,0,0,0
GENE-9113,NO,1,0,0,0,0,0,0
GENE-9114,NO,1,0,12,1,3,5,2
GENE-9115,NO,1,411,444,589,398,442,613
GENE-9116,NO,1,0,0,0,0,0,0
GENE-9117,NO,1,0,0,0,0,0,0
GENE-9118,NO,1,0,0,0,0,0,0
GENE-9119,NO,1,0,0,0,0,0,0
GENE-9120,NO,1,157,180,184,169,178,152
GENE-9121,NO,1,0,0,0,0,0,0
GENE-9122,NO,1,1,0,0,0,0,0
GENE-9123,NO,1,0,1,0,0,1,0
GENE-9124,NO,1,0,0,0,0,0,0
GENE-9125,NO,1,0,0,0,0,0,0
GENE-9126,NO,1,0,0,0,0,0,0
GENE-9127,NO,1,0,0,0,0,0,0
GENE-9128,NO,1,0,0,0,0,0,0
GENE-9129,NO,1,0,0,0,0,0,0
GENE-9130,NO,1,0,0,0,0,0,0
GENE-9131,NO,1,0,0,0,0,0,0
GENE-9132,NO,1,0,0,0,0,0,0
GENE-9133,NO,1,0,0,0,0,0,0
GENE-9134,NO,1,212,198,220,189,240,202
GENE-9135,NO,1,0,0,0,0,0,0
GENE-9136,NO,1,0,0,0,0,0,0
GENE-9137,NO,1,0,0,2,1,1,3
GENE-9138,NO,1,2953,3334,2675,3304,2866,2635
GENE-9139,NO,1,15,21,13,12,15,24
GENE-9140,NO,1,0,0,0,0,0,0
GENE-9141,NO,1,0,0,0,0,0,0
GENE-9142,NO,1,0,0,0,0,0,0
GENE-9143,NO,1,0,0,0,0,0,0
GENE-9144,NO,1,1,0,2,9,2,3
GENE-9145,NO,1,0,0,0,0,0,0
GENE-9146,NO,1,43,67,57,72,39,62
GENE-9147,NO,1,0,0,0,0,0,0
GENE-9148,NO,1,140,139,156,146,94,136
GENE-9149,NO,1,0,0,0,0,0,0
GENE-9150,NO,1,0,0,0,0,0,0
GENE-9151,NO,1,0,0,0,0,0,0
GENE-9152,NO,1,0,0,0,0,0,0
GENE-9153,NO,1,0,0,0,0,0,0
GENE-9154,NO,1,0,0,0,0,0,0
GENE-9155,NO,1,0,0,0,0,0,0
GENE-9156,NO,1,1,0,0,0,0,0
GENE-9157,NO,1,0,0,0,0,0,0
GENE-9158,NO,1,1371,1260,1402,1256,1290,1329
GENE-9159,NO,1,437,412,352,221,354,530
GENE-9160,NO,1,0,0,0,0,0,0
GENE-9161,NO,1,0,0,0,0,0,0
GENE-9162,NO,1,0,0,0,0,0,0
GENE-9163,NO,1,0,0,0,0,0,0
GENE-9164,NO,1,0,0,0,0,0,0
GENE-9165,NO,1,0,0,0,0,0,0
GENE-9166,NO,1,0,0,0,0,0,0
GENE-9167,NO,1,1,0,0,1,1,0
GENE-9168,NO,1,81,72,59,67,64,81
GENE-9169,NO,1,103,138,170,161,133,177
GENE-9170,NO,1,152,115,145,135,98,159
GENE-9171,NO,1,0,0,0,0,0,0
GENE-9172,NO,1,168,196,196,188,206,192
GENE-9173,NO,1,1893,2222,3069,1965,1851,2560
GENE-9174,NO,1,0,0,0,0,0,0
GENE-9175,NO,1,575,614,497,608,516,457
GENE-9176,NO,1,0,0,0,0,0,0
GENE-9177,NO,1,0,0,0,0,0,1
GENE-9178,NO,1,0,0,0,0,0,0
GENE-9179,NO,1,7,13,6,21,5,5
GENE-9180,NO,1,0,0,0,0,0,0
GENE-9181,NO,1,0,0,0,0,0,0
GENE-9182,NO,1,0,0,0,0,0,0
GENE-9183,NO,1,0,0,0,0,0,0
GENE-9184,NO,1,0,0,0,0,0,0
GENE-9185,NO,1,0,0,0,0,0,0
GENE-9186,NO,1,19,13,14,20,10,6
GENE-9187,NO,1,395,363,397,345,445,396
GENE-9188,NO,1,3,6,5,9,7,7
GENE-9189,NO,1,2,2,0,1,1,3
GENE-9190,NO,1,0,0,0,0,0,0
GENE-9191,NO,1,0,0,0,0,0,0
GENE-9192,NO,1,92,80,102,65,87,69
GENE-9193,NO,1,0,0,0,0,0,0
GENE-9194,NO,1,162,166,151,167,179,185
GENE-9195,NO,1,0,0,0,0,0,0
GENE-9196,NO,1,0,0,0,0,0,0
GENE-9197,NO,1,56,51,53,46,32,27
GENE-9198,NO,1,225,276,311,263,240,196
GENE-9199,NO,1,0,0,0,0,0,0
GENE-9200,NO,1,0,0,0,0,0,0
GENE-9201,NO,1,17,19,23,13,23,10
GENE-9202,NO,1,0,0,0,0,0,0
GENE-9203,NO,1,0,0,0,0,0,0
GENE-9204,NO,1,2,2,4,3,3,5
GENE-9205,NO,1,24,18,13,45,37,25
GENE-9206,NO,1,0,0,0,0,0,0
GENE-9207,NO,1,0,0,0,0,0,0
GENE-9208,NO,1,2,0,0,0,0,0
GENE-9209,NO,1,0,0,0,0,0,0
GENE-9210,NO,1,38,39,33,37,52,43
GENE-9211,NO,1,0,0,0,0,0,0
GENE-9212,NO,1,1423,2352,2635,3120,1188,1323
GENE-9213,NO,1,0,0,0,0,0,0
GENE-9214,NO,1,0,0,0,0,0,0
GENE-9215,NO,1,48,28,51,35,30,38
GENE-9216,NO,1,0,0,0,0,0,0
GENE-9217,NO,1,0,0,0,0,0,0
GENE-9218,NO,1,59,62,77,74,60,81
GENE-9219,NO,1,0,0,0,0,0,0
GENE-9220,YES,1,0,0,0,0,0,0
GENE-9221,NO,1,0,0,0,0,0,0
GENE-9222,NO,1,0,0,0,0,0,0
GENE-9223,NO,1,0,0,0,0,0,0
GENE-9224,NO,1,24,24,11,19,26,15
GENE-9225,NO,1,0,0,0,0,0,0
GENE-9226,NO,1,0,0,0,0,0,0
GENE-9227,NO,1,0,0,0,0,0,0
GENE-9228,NO,1,8,2,4,2,2,4
GENE-9229,NO,1,0,0,0,0,0,0
GENE-9230,NO,1,0,0,0,0,0,0
GENE-9231,NO,1,5,6,16,5,6,8
GENE-9232,NO,1,0,0,0,0,0,0
GENE-9233,NO,1,0,0,0,0,0,0
GENE-9234,NO,1,64,34,45,27,52,46
GENE-9235,NO,1,1414,1545,1899,1367,1480,1617
GENE-9236,NO,1,1354,1723,1325,913,1319,1597
GENE-9237,NO,1,1028,903,821,587,841,1110
GENE-9238,NO,1,635,487,408,409,477,504
GENE-9239,NO,1,0,0,0,0,0,0
GENE-9240,NO,1,723,736,698,749,814,747
GENE-9241,NO,1,0,0,0,0,0,0
GENE-9242,NO,1,0,0,0,0,0,0
GENE-9243,NO,1,0,0,0,0,0,0
GENE-9244,NO,1,70,89,87,93,89,87
GENE-9245,NO,1,1,0,0,1,0,0
GENE-9246,NO,1,0,0,0,0,0,0
GENE-9247,NO,1,0,0,0,0,0,0
GENE-9248,NO,1,1016,1098,1136,1131,1084,1166
GENE-9249,NO,1,0,0,0,0,0,0
GENE-9250,NO,1,0,0,0,0,0,0
GENE-9251,NO,1,416,529,391,507,409,513
GENE-9253,NO,1,0,0,0,0,0,0
GENE-9254,NO,1,0,0,0,0,0,0
GENE-9255,NO,1,222,275,223,250,245,244
GENE-9257,NO,1,0,0,0,0,0,0
GENE-9258,NO,1,0,0,0,0,0,0
GENE-9259,NO,1,330,199,223,152,272,296
GENE-9260,NO,1,0,0,0,0,0,0
GENE-9261,NO,1,29,43,61,55,56,43
GENE-9262,NO,1,0,0,0,0,0,0
GENE-9263,NO,1,4,1,5,1,4,4
GENE-9264,NO,1,0,0,0,0,0,0
GENE-9265,NO,1,35,32,21,32,22,44
GENE-9266,NO,1,0,0,0,0,0,0
GENE-9267,NO,1,946,1183,951,708,908,698
GENE-9268,NO,1,365,408,399,350,370,427
GENE-9269,NO,1,0,0,0,0,0,0
GENE-9270,NO,1,71,90,84,131,99,81
GENE-9271,NO,1,0,0,0,0,0,0
GENE-9272,NO,1,0,0,0,0,0,0
GENE-9273,YES,1,0,0,0,0,0,0
GENE-9274,NO,1,0,0,0,0,0,0
GENE-9275,NO,1,0,0,0,0,1,0
GENE-9276,NO,1,28,31,36,28,29,17
GENE-9277,NO,1,60,64,69,67,54,52
GENE-9278,NO,1,0,0,0,0,0,0
GENE-9279,NO,1,8,5,4,1,3,4
GENE-9280,NO,1,71,69,38,39,63,41
GENE-9281,NO,1,0,0,0,0,0,0
GENE-9282,NO,1,0,0,0,0,0,0
GENE-9283,NO,1,0,0,0,0,0,0
GENE-9284,NO,1,0,0,0,0,0,0
GENE-9285,NO,1,0,0,0,0,0,0
GENE-9286,NO,1,0,0,0,0,0,0
GENE-9287,NO,1,0,0,0,0,0,0
GENE-9288,NO,1,0,0,0,0,0,0
GENE-9289,NO,1,7,20,12,22,21,17
GENE-9290,NO,1,2,0,2,1,2,2
GENE-9291,NO,1,0,0,0,0,0,0
GENE-9292,NO,1,0,0,0,0,0,0
GENE-9293,NO,1,234,183,160,168,163,202
GENE-9294,NO,1,184,157,118,182,181,159
GENE-9295,NO,1,0,0,0,0,0,0
GENE-9296,NO,1,0,0,0,0,0,0
GENE-9297,NO,1,0,0,0,0,0,0
GENE-9298,NO,1,0,0,0,0,0,0
GENE-9299,NO,1,0,0,0,0,0,0
GENE-9300,NO,1,1178,1220,1445,1066,1298,1298
GENE-9301,NO,1,63,99,89,73,69,59
GENE-9302,NO,1,0,0,0,0,0,0
GENE-9303,NO,1,48,50,45,72,40,60
GENE-9304,YES,1,0,0,0,0,0,0
GENE-9305,NO,1,0,0,0,0,0,0
GENE-9306,NO,1,0,0,0,0,0,0
GENE-9307,NO,1,2,1,0,3,0,1
GENE-9308,NO,1,0,0,0,0,0,0
GENE-9309,NO,1,0,0,0,0,0,0
GENE-9310,NO,1,0,0,0,0,0,0
GENE-9311,NO,1,71,13,69,41,11,19
GENE-9312,NO,1,0,0,0,0,0,0
GENE-9313,NO,1,2,2,1,0,3,1
GENE-9314,YES,1,0,0,0,0,0,0
GENE-9315,NO,1,0,0,0,0,0,0
GENE-9316,NO,1,0,0,0,0,0,0
GENE-9317,NO,1,4,3,4,4,2,1
GENE-9318,NO,1,0,0,0,0,0,0
GENE-9319,NO,1,67,69,100,85,132,121
GENE-9320,NO,1,0,0,0,0,0,0
GENE-9321,NO,1,0,0,0,0,0,0
GENE-9322,NO,1,0,0,0,0,0,0
GENE-9323,NO,1,0,0,0,0,0,0
GENE-9324,NO,1,0,0,0,0,0,0
GENE-9325,YES,1,0,0,0,0,0,0
GENE-9326,NO,1,8,10,4,4,8,7
GENE-9327,NO,1,431,489,397,381,478,451
GENE-9328,NO,1,0,0,2,4,4,2
GENE-9329,NO,1,433,411,911,647,570,544
GENE-9330,NO,1,0,0,0,0,0,0
GENE-9331,NO,1,19,24,19,23,24,14
GENE-9332,NO,1,0,0,0,0,0,0
GENE-9333,NO,1,0,0,0,0,0,0
GENE-9334,NO,1,0,0,0,0,0,0
GENE-9335,NO,1,0,0,0,0,0,0
GENE-9336,NO,1,0,0,0,0,0,0
GENE-9337,NO,1,0,0,0,0,0,0
GENE-9338,NO,1,98,54,80,78,106,90
GENE-9339,NO,1,1,22,38,0,0,254
GENE-9340,YES,1,0,0,0,0,0,0
GENE-9341,NO,1,0,0,0,0,0,0
GENE-9342,NO,1,0,0,0,0,0,0
GENE-9343,NO,1,0,0,0,0,0,0
GENE-9344,NO,1,25,26,32,24,33,31
GENE-9345,NO,1,0,0,0,0,0,0
GENE-9346,NO,1,266,247,239,243,309,251
GENE-9347,NO,1,1,1,1,1,0,0
GENE-9348,NO,1,12,6,15,19,14,9
GENE-9349,NO,1,0,0,0,0,0,0
GENE-9350,NO,1,0,0,0,0,0,0
GENE-9351,NO,1,114,129,191,67,100,114
GENE-9352,NO,1,0,0,0,0,0,0
GENE-9353,NO,1,0,0,0,0,0,0
GENE-9354,NO,1,1074,926,1186,1439,1121,1165
GENE-9355,NO,1,0,0,0,0,0,0
GENE-9356,NO,1,0,0,0,0,0,0
GENE-9357,NO,1,0,0,0,0,0,0
GENE-9358,NO,1,1769,1260,1706,1653,1502,1602
GENE-9359,NO,1,520,431,319,316,500,456
GENE-9360,NO,1,62,69,47,50,62,55
GENE-9361,NO,1,0,0,0,0,0,0
GENE-9362,NO,1,0,0,0,0,0,0
GENE-9363,NO,1,18,42,14,2,2,1
GENE-9364,NO,1,3,3,0,3,5,1
GENE-9365,NO,1,0,0,0,0,0,0
GENE-9366,NO,1,14,10,14,12,12,19
GENE-9367,NO,1,0,0,0,0,0,0
GENE-9368,NO,1,0,0,0,0,0,0
GENE-9369,NO,1,0,0,0,0,0,0
GENE-9370,NO,1,2,0,0,0,0,0
GENE-9371,NO,1,0,0,0,0,0,0
GENE-9372,NO,1,0,0,0,0,0,0
GENE-9373,NO,1,0,0,0,0,0,0
GENE-9374,NO,1,0,0,0,0,0,0
GENE-9375,NO,1,6,5,9,7,3,2
GENE-9376,YES,1,0,0,0,0,0,0
GENE-9377,YES,1,0,0,0,0,0,0
GENE-9378,NO,1,0,0,0,0,0,0
GENE-9379,NO,1,0,0,0,0,0,0
GENE-9380,NO,1,0,0,0,0,0,0
GENE-9381,NO,1,13,12,9,7,14,14
GENE-9382,NO,1,556,492,578,664,561,669
GENE-9383,NO,1,177,279,268,315,216,250
GENE-9384,NO,1,0,0,0,0,0,0
GENE-9385,NO,1,0,0,0,0,0,0
GENE-9386,NO,1,559,504,568,639,553,552
GENE-9387,NO,1,25,33,36,42,36,46
GENE-9388,NO,1,0,0,0,0,0,0
GENE-9389,NO,1,0,0,1,0,1,0
GENE-9390,NO,1,0,0,0,0,0,0
GENE-9391,NO,1,0,0,0,0,0,0
GENE-9392,NO,1,0,0,0,0,0,0
GENE-9393,NO,1,90,162,123,38,109,109
GENE-9394,NO,1,0,0,0,0,0,0
GENE-9395,NO,1,71,105,104,107,110,130
GENE-9396,NO,1,0,0,0,0,0,0
GENE-9397,NO,1,0,0,0,0,0,0
GENE-9398,NO,1,0,0,0,0,0,0
GENE-9399,NO,1,0,0,0,0,0,0
GENE-9400,NO,1,0,0,0,0,0,0
GENE-9401,NO,1,0,0,0,0,0,0
GENE-9402,NO,1,0,0,0,0,0,0
GENE-9403,NO,1,1406,1397,992,1088,2359,2310
GENE-9404,NO,1,125,497,146,77,299,87
GENE-9405,NO,1,0,0,0,0,0,0
GENE-9406,NO,1,221,343,264,278,298,233
GENE-9407,NO,1,277,184,73,246,732,779
GENE-9408,NO,1,839,872,724,668,580,809
GENE-9409,NO,1,0,0,0,0,0,0
GENE-9410,NO,1,0,0,0,0,0,0
GENE-9411,NO,1,0,0,0,0,0,0
GENE-9412,NO,1,0,0,0,0,0,0
GENE-9413,NO,1,1033,755,788,1124,949,1031
GENE-9414,NO,1,373,350,368,360,330,412
GENE-9415,NO,1,0,0,0,0,0,0
GENE-9416,NO,1,0,0,0,0,0,0
GENE-9417,NO,1,0,0,0,0,0,0
GENE-9418,NO,1,0,0,0,0,0,0
GENE-9419,NO,1,0,0,0,0,0,0
GENE-9420,NO,1,304,143,171,209,97,126
GENE-9421,NO,1,0,0,0,0,0,0
GENE-9422,NO,1,18,37,17,22,19,21
GENE-9423,YES,1,0,0,0,0,0,0
GENE-9424,NO,1,0,0,0,0,0,0
GENE-9425,NO,1,6,11,5,7,6,1
GENE-9426,NO,1,0,0,0,0,0,0
GENE-9427,NO,1,0,0,0,0,0,0
GENE-9428,NO,1,0,0,0,0,0,0
GENE-9429,NO,1,0,0,0,0,0,0
GENE-9430,NO,1,0,0,0,0,0,0
GENE-9431,NO,1,0,0,0,0,0,0
GENE-9432,NO,1,20,19,14,27,31,27
GENE-9433,NO,1,1,1,0,0,0,0
GENE-9434,NO,1,126,111,95,101,111,133
GENE-9435,NO,1,0,0,0,0,0,0
GENE-9436,NO,1,0,0,0,0,0,0
GENE-9437,NO,1,0,0,0,0,0,0
GENE-9438,NO,1,0,0,0,0,0,0
GENE-9439,NO,1,0,0,0,0,0,0
GENE-9440,NO,1,0,0,0,0,0,0
GENE-9441,NO,1,0,0,0,0,0,0
GENE-9442,NO,1,0,3,3,2,4,1
GENE-9443,NO,1,0,0,0,0,0,0
GENE-9444,NO,1,0,0,0,0,0,0
GENE-9445,NO,1,0,0,0,0,0,0
GENE-9446,NO,1,0,0,0,0,0,0
GENE-9447,NO,1,0,0,0,0,0,0
GENE-9448,NO,1,0,0,0,0,0,0
GENE-9449,NO,1,0,0,0,0,0,0
GENE-9450,NO,1,0,2,1,2,0,3
GENE-9451,NO,1,0,0,0,0,0,0
GENE-9452,NO,1,458,655,350,280,382,364
GENE-9453,NO,1,0,0,0,0,0,0
GENE-9454,NO,1,0,0,0,0,0,0
GENE-9455,NO,1,0,0,0,0,0,0
GENE-9456,NO,1,391,373,368,803,478,642
GENE-9457,NO,1,0,0,0,0,0,0
GENE-9458,NO,1,3,3,1,6,9,7
GENE-9459,NO,1,0,0,0,0,0,0
GENE-9460,NO,1,623,724,601,482,647,476
GENE-9461,NO,1,0,0,0,0,0,0
GENE-9462,NO,1,0,0,0,0,0,0
GENE-9463,NO,1,286,313,258,224,290,209
GENE-9464,NO,1,0,0,0,0,0,0
GENE-9465,NO,1,0,0,0,0,0,0
GENE-9466,NO,1,48,52,43,45,35,46
GENE-9467,NO,1,0,0,0,0,0,0
GENE-9468,NO,1,0,0,0,0,0,0
GENE-9469,NO,1,211,262,209,170,214,262
GENE-9470,NO,1,0,0,0,0,0,0
GENE-9471,NO,1,0,0,0,0,0,0
GENE-9472,NO,1,14,14,58,54,62,48
GENE-9473,NO,1,258,256,235,266,225,244
GENE-9474,NO,1,0,0,0,0,0,0
GENE-9475,NO,1,0,0,0,0,0,0
GENE-9476,NO,1,0,0,0,0,0,0
GENE-9477,NO,1,0,0,0,0,0,0
GENE-9478,NO,1,205,217,185,214,197,179
GENE-9479,NO,1,54,36,55,33,18,43
GENE-9480,NO,1,0,0,0,0,0,0
GENE-9481,NO,1,0,0,0,0,0,0
GENE-9482,NO,1,0,0,0,0,0,0
GENE-9483,NO,1,0,0,0,0,0,0
GENE-9484,NO,1,0,0,0,0,0,0
GENE-9485,NO,1,0,0,0,0,0,0
GENE-9486,NO,1,147,116,152,190,188,121
GENE-9488,NO,1,3255,3664,2042,2669,2291,3503
GENE-9489,NO,1,0,0,0,0,0,0
GENE-9490,NO,1,0,0,0,0,0,0
GENE-9491,NO,1,10614,11181,5665,6687,7538,4794
GENE-9492,NO,1,0,0,0,0,0,0
GENE-9493,NO,1,0,0,0,0,0,0
GENE-9494,NO,1,0,0,0,0,0,0
GENE-9495,NO,1,875,713,1033,752,1067,880
GENE-9496,NO,1,0,0,0,0,0,0
GENE-9497,NO,1,0,0,0,0,0,0
GENE-9498,NO,1,0,0,0,0,0,0
GENE-9499,NO,1,25,24,14,24,21,22
GENE-9500,NO,1,0,0,0,0,0,0
GENE-9501,NO,1,0,0,0,0,0,0
GENE-9502,NO,1,0,0,0,0,0,0
GENE-9503,NO,1,0,0,0,0,0,0
GENE-9504,NO,1,440,362,377,369,491,456
GENE-9505,NO,1,0,0,0,0,0,0
GENE-9506,NO,1,0,0,0,0,0,0
GENE-9507,NO,1,0,0,0,0,0,0
GENE-9508,NO,1,1,2,0,0,1,1
GENE-9509,NO,1,0,0,0,0,0,0
GENE-9510,NO,1,6,16,10,14,6,11
GENE-9511,NO,1,0,0,0,0,0,0
GENE-9512,NO,1,0,0,0,0,0,0
GENE-9513,NO,1,0,0,0,0,0,0
GENE-9514,NO,1,0,0,0,0,0,0
GENE-9515,NO,1,0,0,0,0,0,0
GENE-9516,NO,1,0,0,0,0,0,0
GENE-9517,NO,1,0,0,0,0,0,0
GENE-9518,NO,1,0,0,0,1,2,1
GENE-9519,NO,1,2,4,2,1,4,2
GENE-9520,NO,1,0,0,0,0,0,0
GENE-9521,NO,1,0,0,0,0,0,0
GENE-9522,NO,1,0,0,0,0,0,0
GENE-9523,NO,1,0,0,0,0,0,0
GENE-9525,NO,1,667,444,707,491,644,693
GENE-9526,NO,1,0,0,0,0,0,0
GENE-9527,NO,1,0,0,0,0,0,0
GENE-9528,NO,1,3,2,4,0,2,2
GENE-9529,NO,1,0,0,0,0,0,0
GENE-9530,NO,1,0,0,0,0,0,0
GENE-9531,NO,1,109,83,62,87,86,81
GENE-9532,NO,1,0,0,1,0,0,0
GENE-9533,NO,1,0,0,0,0,0,0
GENE-9534,NO,1,0,0,0,0,0,0
GENE-9535,NO,1,0,1,0,2,0,1
GENE-9537,NO,1,0,0,0,0,0,0
GENE-9538,NO,1,0,0,0,0,0,0
GENE-9539,NO,1,0,0,0,0,0,0
GENE-9540,NO,1,32,30,20,19,30,32
GENE-9541,NO,1,0,0,0,0,0,0
GENE-9542,NO,1,86,132,47,18,60,25
GENE-9543,NO,1,0,0,0,0,0,0
GENE-9544,NO,1,0,0,0,0,0,0
GENE-9545,NO,1,5,5,8,6,8,7
GENE-9546,NO,1,0,0,0,0,0,0
GENE-9547,NO,1,0,0,0,0,0,0
GENE-9548,NO,1,0,0,0,0,0,0
GENE-9549,NO,1,0,0,0,0,0,0
GENE-9550,NO,1,0,0,0,0,0,0
GENE-9551,NO,1,386,418,459,386,392,384
GENE-9552,NO,1,0,1,0,1,1,0
GENE-9553,NO,1,0,0,0,0,0,0
GENE-9554,NO,1,1,0,1,0,1,0
GENE-9555,YES,1,0,0,0,0,0,0
GENE-9556,NO,1,0,0,0,0,0,0
GENE-9557,NO,1,0,0,0,0,0,0
GENE-9558,YES,1,0,0,0,0,0,0
GENE-9559,NO,1,0,0,0,0,0,0
GENE-9560,NO,1,3,1,1,2,5,0
GENE-9561,NO,1,0,0,0,0,0,0
GENE-9562,NO,1,0,0,0,0,0,0
GENE-9563,NO,1,47,48,68,62,50,54
GENE-9564,NO,1,0,0,0,0,0,0
GENE-9565,NO,1,0,0,0,0,0,0
GENE-9566,NO,1,0,0,0,0,0,0
GENE-9567,NO,1,0,0,0,0,0,0
GENE-9568,NO,1,80,86,76,56,53,82
GENE-9569,NO,1,1,0,0,0,0,0
GENE-9570,YES,1,0,0,0,0,0,0
GENE-9571,NO,1,0,0,0,0,0,0
GENE-9572,NO,1,1,6,1,2,13,0
GENE-9573,NO,1,0,0,0,0,0,0
GENE-9574,NO,1,4,9,9,4,5,3
GENE-9575,NO,1,0,0,0,0,0,0
GENE-9576,NO,1,5,3,2,4,5,5
GENE-9577,NO,1,0,0,0,0,0,0
GENE-9578,NO,1,2,1,5,2,2,1
GENE-9579,NO,1,0,0,0,0,0,0
GENE-9580,NO,1,0,0,0,0,0,0
GENE-9581,NO,1,0,0,0,0,0,0
GENE-9582,NO,1,0,0,0,0,0,0
GENE-9583,NO,1,41,14,58,45,32,45
GENE-9584,NO,1,1692,2012,2069,1854,1862,1592
GENE-9585,NO,1,0,0,0,0,0,0
GENE-9586,NO,1,0,0,0,0,0,0
GENE-9587,NO,1,186,184,235,226,203,190
GENE-9588,NO,1,0,0,0,0,0,0
GENE-9589,YES,1,0,0,0,0,0,0
GENE-9590,NO,1,7,8,12,5,5,10
GENE-9591,NO,1,0,0,0,0,0,0
GENE-9592,NO,1,0,0,0,0,0,0
GENE-9593,NO,1,0,0,0,0,0,0
GENE-9594,NO,1,0,0,0,0,0,0
GENE-9595,NO,1,3215,2170,2363,2524,3430,2523
GENE-9596,NO,1,0,0,0,0,0,0
GENE-9597,NO,1,11,14,5,11,9,7
GENE-9598,NO,1,0,0,0,0,0,0
GENE-9599,NO,1,0,0,0,0,0,0
GENE-9600,NO,1,0,0,0,0,0,0
GENE-9601,NO,1,0,0,0,0,0,0
GENE-9602,NO,1,0,0,0,0,0,0
GENE-9603,NO,1,42,36,39,49,45,36
GENE-9604,NO,1,496,451,475,500,535,598
GENE-9605,NO,1,615,721,904,872,435,480
GENE-9606,NO,1,0,0,0,0,0,0
GENE-9607,NO,1,0,0,0,0,0,0
GENE-9608,NO,1,0,0,0,0,0,0
GENE-9609,NO,1,0,0,0,0,0,0
GENE-9610,NO,1,0,0,0,0,0,2
GENE-9611,NO,1,0,0,0,0,0,0
GENE-9612,NO,1,0,0,0,0,0,0
GENE-9613,NO,1,0,0,0,0,0,0
GENE-9614,NO,1,0,0,0,84,0,11
GENE-9615,NO,1,0,0,0,0,0,0
GENE-9616,NO,1,0,0,0,0,0,0
GENE-9617,NO,1,0,0,0,0,0,0
GENE-9618,NO,1,56,68,67,66,63,74
GENE-9619,NO,1,1860,1156,1092,1491,1168,1690
GENE-9620,NO,1,0,0,0,0,0,0
GENE-9621,NO,1,255,149,173,229,140,175
GENE-9622,NO,1,0,0,0,0,0,0
GENE-9623,NO,1,0,0,0,0,0,0
GENE-9624,NO,1,0,0,0,0,0,0
GENE-9625,NO,1,152,200,191,210,201,183
GENE-9626,NO,1,0,0,0,0,0,0
GENE-9627,NO,1,822,1057,1285,906,828,842
GENE-9628,NO,1,0,0,1,0,0,0
GENE-9629,NO,1,0,0,0,0,0,0
GENE-9630,NO,1,0,0,0,0,0,0
GENE-9631,NO,1,3,3,1,1,1,1
GENE-9632,NO,1,0,0,0,0,0,0
GENE-9633,NO,1,17,36,30,27,27,29
GENE-9634,NO,1,0,0,0,0,0,0
GENE-9635,NO,1,18,15,17,16,13,16
GENE-9636,NO,1,0,0,0,0,0,0
GENE-9637,NO,1,0,0,0,0,0,0
GENE-9638,NO,1,0,0,0,0,0,0
GENE-9639,NO,1,401,423,412,378,373,370
GENE-9640,NO,1,0,0,0,0,0,0
GENE-9641,NO,1,642,682,712,777,690,618
GENE-9642,NO,1,0,0,0,0,0,0
GENE-9643,NO,1,20,12,32,21,28,25
GENE-9644,NO,1,0,0,0,0,0,0
GENE-9645,NO,1,0,0,0,0,0,0
GENE-9646,YES,1,0,0,0,0,0,0
GENE-9647,NO,1,0,0,0,0,0,0
GENE-9648,NO,1,0,0,0,0,0,0
GENE-9649,NO,1,0,0,0,0,0,0
GENE-9650,NO,1,2,4,6,6,5,8
GENE-9651,NO,1,0,0,0,0,0,0
GENE-9652,NO,1,0,0,0,0,0,0
GENE-9653,NO,1,0,0,0,0,0,0
GENE-9654,NO,1,0,0,0,0,0,0
GENE-9655,NO,1,0,0,0,0,0,0
GENE-9656,NO,1,0,0,0,0,0,0
GENE-9657,NO,1,0,0,0,0,0,0
GENE-9658,NO,1,490,437,415,344,195,194
GENE-9659,NO,1,0,0,0,0,0,0
GENE-9660,NO,1,160,133,144,186,176,179
GENE-9661,NO,1,0,0,0,0,1,1
GENE-9662,NO,1,0,0,0,0,0,0
GENE-9663,NO,1,0,0,0,0,0,0
GENE-9664,NO,1,0,0,0,0,0,0
GENE-9665,NO,1,16,24,25,32,25,31
GENE-9666,NO,1,8,13,9,6,14,13
GENE-9667,NO,1,0,0,0,0,0,0
GENE-9668,NO,1,46,30,30,24,37,33
GENE-9669,NO,1,0,0,0,0,0,0
GENE-9670,NO,1,0,0,0,0,0,0
GENE-9671,NO,1,0,0,0,0,0,0
GENE-9672,NO,1,0,0,0,0,0,0
GENE-9673,NO,1,185,276,156,195,200,247
GENE-9674,NO,1,0,0,0,0,0,0
GENE-9675,NO,1,227,190,97,159,314,154
GENE-9676,NO,1,0,0,0,0,0,0
GENE-9677,NO,1,1345,1337,1634,1499,1583,1426
GENE-9678,NO,1,0,0,0,0,0,0
GENE-9679,NO,1,2,3,1,1,1,0
GENE-9680,NO,1,0,0,0,0,0,0
GENE-9681,NO,1,0,2,1,5,2,2
GENE-9682,NO,1,44,66,41,62,67,42
GENE-9683,NO,1,0,0,0,0,0,0
GENE-9684,NO,1,0,0,0,0,0,0
GENE-9685,NO,1,4078,5186,3038,3668,5762,3244
GENE-9686,NO,1,0,0,0,0,0,0
GENE-9687,NO,1,1588,980,1313,1815,1235,1001
GENE-9688,NO,1,131,363,132,67,356,232
GENE-9689,YES,1,0,0,0,0,0,0
GENE-9690,NO,1,56,48,49,49,55,53
GENE-9691,NO,1,0,0,0,0,0,0
GENE-9692,NO,1,44,31,31,36,36,34
GENE-9693,NO,1,74,98,65,66,101,69
GENE-9694,NO,1,0,0,0,0,0,0
GENE-9695,NO,1,0,0,0,0,0,0
GENE-9696,NO,1,0,0,0,0,0,0
GENE-9697,NO,1,0,0,0,0,0,0
GENE-9698,NO,1,146,128,251,111,228,185
GENE-9699,NO,1,36,44,29,33,28,37
GENE-9700,NO,1,0,0,0,0,0,0
GENE-9701,NO,1,0,0,0,0,0,0
GENE-9702,NO,1,0,0,0,0,0,0
GENE-9703,NO,1,0,0,0,0,0,0
GENE-9704,NO,1,478,405,501,636,263,593
GENE-9705,NO,1,0,0,0,0,0,0
GENE-9706,NO,1,0,0,0,0,0,0
GENE-9707,NO,1,0,0,0,0,0,0
GENE-9708,NO,1,0,0,0,0,0,0
GENE-9709,NO,1,0,0,0,0,0,0
GENE-9710,NO,1,0,0,0,0,0,0
GENE-9711,NO,1,25,30,20,23,28,24
GENE-9712,NO,1,0,0,0,0,0,0
GENE-9713,NO,1,0,0,0,0,0,0
GENE-9714,NO,1,0,0,0,0,0,0
GENE-9715,NO,1,0,0,0,0,0,0
GENE-9716,NO,1,3,5,2,5,3,2
GENE-9717,NO,1,577,469,692,399,507,473
GENE-9718,NO,1,0,0,0,0,0,0
GENE-9719,NO,1,0,0,0,0,0,0
GENE-9720,NO,1,0,0,0,0,0,0
GENE-9721,NO,1,0,0,0,0,0,0
GENE-9722,NO,1,0,0,0,0,0,0
GENE-9723,NO,1,0,0,0,0,0,0
GENE-9724,NO,1,133,31,0,69,14,269
GENE-9725,NO,1,0,0,0,0,0,0
GENE-9726,NO,1,6,5,7,6,6,8
GENE-9727,NO,1,93,107,96,106,91,108
GENE-9728,NO,1,0,0,0,0,0,0
GENE-9729,NO,1,0,0,0,0,0,0
GENE-9730,NO,1,0,0,0,1,0,0
GENE-9731,NO,1,115,104,68,85,116,122
GENE-9732,NO,1,0,0,0,0,0,0
GENE-9733,NO,1,2,0,4,5,3,2
GENE-9734,NO,1,0,0,0,0,0,0
GENE-9735,NO,1,0,0,0,0,0,0
GENE-9736,NO,1,0,0,0,0,0,0
GENE-9737,YES,1,0,0,0,0,0,0
GENE-9738,NO,1,0,0,0,0,0,0
GENE-9739,NO,1,0,0,0,0,0,0
GENE-9740,NO,1,0,0,0,0,0,0
GENE-9741,NO,1,0,0,0,0,0,0
GENE-9742,NO,1,0,0,0,0,0,0
GENE-9743,NO,1,0,0,0,0,0,0
GENE-9744,NO,1,37,40,28,43,39,40
GENE-9745,NO,1,0,0,0,0,0,0
GENE-9746,NO,1,746,754,902,817,644,865
GENE-9747,NO,1,0,0,0,0,0,0
GENE-9748,NO,1,0,0,0,0,0,0
GENE-9749,NO,1,0,0,0,0,0,0
GENE-9750,NO,1,0,0,0,0,0,0
GENE-9751,NO,1,3,3,3,1,1,7
GENE-9752,NO,1,119,125,120,142,145,166
GENE-9753,NO,1,217,205,298,218,252,317
GENE-9754,NO,1,0,0,0,0,0,0
GENE-9755,NO,1,0,0,0,0,0,0
GENE-9756,NO,1,0,0,0,0,0,0
GENE-9757,NO,1,61,56,65,57,81,59
GENE-9758,NO,1,1549,1305,1760,1047,1567,1036
GENE-9759,NO,1,0,0,0,0,0,0
GENE-9760,NO,1,0,0,0,0,0,0
GENE-9761,NO,1,0,0,0,0,0,0
GENE-9762,NO,1,0,0,0,0,0,0
GENE-9763,NO,1,5,1,2,4,3,3
GENE-9764,NO,1,0,0,0,0,0,0
GENE-9765,NO,1,0,0,0,0,0,0
GENE-9766,NO,1,847,565,788,858,1126,425
GENE-9767,YES,1,0,0,0,0,0,0
GENE-9768,NO,1,0,0,0,0,0,0
GENE-9769,NO,1,0,0,0,0,0,0
GENE-9770,NO,1,0,0,0,0,0,0
GENE-9771,NO,1,0,0,0,0,0,0
GENE-9772,NO,1,599,1163,1213,1916,1179,1348
GENE-9773,NO,1,0,0,0,0,0,0
GENE-9774,NO,1,0,0,0,0,0,0
GENE-9775,NO,1,0,0,0,0,0,0
GENE-9776,NO,1,0,0,0,0,0,0
GENE-9777,NO,1,337,270,209,499,265,253
GENE-9778,NO,1,0,0,0,0,0,0
GENE-9779,NO,1,0,0,0,0,0,0
GENE-9780,NO,1,0,0,0,0,0,0
GENE-9781,NO,1,0,0,0,0,0,0
GENE-9782,NO,1,0,0,0,0,0,0
GENE-9783,NO,1,26,21,21,26,20,23
GENE-9784,NO,1,0,0,0,0,0,0
GENE-9785,NO,1,774,913,842,1170,1062,1124
GENE-9786,NO,1,0,0,0,0,0,0
GENE-9787,NO,1,0,0,0,0,0,0
GENE-9788,NO,1,0,0,0,0,0,0
GENE-9789,NO,1,0,0,0,0,0,0
GENE-9790,NO,1,10,5,7,6,16,4
GENE-9791,NO,1,0,0,0,0,0,0
GENE-9792,NO,1,0,0,0,0,0,0
GENE-9793,NO,1,0,0,0,0,0,0
GENE-9794,NO,1,19,25,24,29,29,39
GENE-9795,NO,1,5,6,5,8,7,6
GENE-9796,NO,1,0,0,0,0,0,0
GENE-9797,NO,1,0,0,0,0,0,0
GENE-9798,NO,1,4305,4181,4676,5026,4592,4736
GENE-9799,NO,1,1,0,2,0,1,2
GENE-9800,NO,1,1278,1099,818,1024,1338,1359
GENE-9801,NO,1,20,24,18,20,26,18
GENE-9802,NO,1,13,9,16,21,11,28
GENE-9803,NO,1,0,0,0,0,0,0
GENE-9804,NO,1,112,89,76,88,75,60
GENE-9805,NO,1,0,0,0,0,0,0
GENE-9806,NO,1,0,0,0,0,0,0
GENE-9807,NO,1,0,0,0,0,0,0
GENE-9808,NO,1,99,81,81,77,99,97
GENE-9809,NO,1,0,0,0,0,0,0
GENE-9810,NO,1,0,0,0,0,0,0
GENE-9811,NO,1,0,0,0,0,0,0
GENE-9812,NO,1,28,34,22,23,21,43
GENE-9813,NO,1,31,20,12,28,20,23
GENE-9814,NO,1,0,0,0,0,0,0
GENE-9815,NO,1,0,0,0,0,0,0
GENE-9816,NO,1,0,0,0,0,0,0
GENE-9817,NO,1,0,0,0,0,0,0
GENE-9818,NO,1,567,507,419,542,709,495
GENE-9819,NO,1,778,862,674,987,781,705
GENE-9820,NO,1,601,710,579,1109,705,823
GENE-9821,NO,1,0,0,0,0,0,0
GENE-9822,NO,1,71,80,68,64,63,74
GENE-9823,NO,1,0,0,0,0,0,0
GENE-9824,NO,1,21,21,21,19,15,20
GENE-9825,NO,1,146,150,154,180,160,110
GENE-9826,NO,1,0,0,0,0,0,0
GENE-9827,NO,1,0,0,0,0,0,0
GENE-9828,NO,1,0,0,0,0,0,0
GENE-9829,NO,1,12,10,5,9,10,8
GENE-9830,NO,1,0,0,0,0,0,0
GENE-9831,NO,1,0,0,0,0,0,0
GENE-9832,NO,1,0,0,0,0,0,0
GENE-9833,NO,1,0,0,0,0,0,0
GENE-9834,NO,1,7,7,4,6,4,5
GENE-9835,NO,1,65,35,72,44,66,87
GENE-9836,NO,1,0,0,0,0,0,0
GENE-9837,NO,1,1,5,3,5,1,4
GENE-9838,NO,1,0,0,0,0,0,0
GENE-9839,NO,1,0,0,0,0,0,0
GENE-9840,NO,1,0,0,0,0,0,0
GENE-9841,NO,1,0,0,0,0,0,0
GENE-9842,NO,1,0,0,0,0,0,0
GENE-9843,NO,1,1503,294,1017,3860,28,4972
GENE-9844,NO,1,0,0,0,0,0,0
GENE-9845,NO,1,0,0,0,0,0,0
GENE-9846,NO,1,0,0,0,0,0,0
GENE-9847,NO,1,0,0,0,0,0,0
GENE-9848,YES,1,0,0,0,0,0,0
GENE-9849,NO,1,0,0,0,0,0,0
GENE-9850,NO,1,35,32,42,36,49,34
GENE-9851,NO,1,6,2,4,53,0,0
GENE-9852,NO,1,0,0,0,0,0,0
GENE-9853,NO,1,0,0,0,0,0,0
GENE-9854,NO,1,0,0,0,0,0,0
GENE-9855,NO,1,0,0,0,0,0,0
GENE-9856,NO,1,0,0,0,0,0,0
GENE-9857,NO,1,0,0,0,0,0,0
GENE-9858,NO,1,0,0,0,0,0,0
GENE-9859,NO,1,0,0,0,0,0,0
GENE-9860,NO,1,1,0,0,0,0,1
GENE-9861,NO,1,108,82,85,100,103,111
GENE-9862,NO,1,712,608,727,642,605,588
GENE-9863,NO,1,0,0,0,0,0,0
GENE-9864,NO,1,0,0,0,0,0,0
GENE-9865,NO,1,43,36,53,37,64,53
GENE-9866,NO,1,0,0,0,0,0,0
GENE-9867,NO,1,0,0,0,0,0,0
GENE-9868,NO,1,0,0,0,0,0,0
GENE-9869,NO,1,210,243,222,221,268,222
GENE-9870,NO,1,0,0,0,0,0,0
GENE-9871,NO,1,10,3,7,7,11,2
GENE-9872,NO,1,434,368,477,589,268,376
GENE-9873,NO,1,0,0,0,0,0,0
GENE-9874,NO,1,0,0,0,0,0,0
GENE-9875,NO,1,0,0,0,0,0,0
GENE-9876,NO,1,0,0,0,0,0,0
GENE-9877,NO,1,1,5,7,6,0,0
GENE-9878,NO,1,19,18,19,20,21,22
GENE-9879,NO,1,3264,3237,3198,3191,2929,3094
GENE-9880,YES,1,3,2,3,4,2,5
GENE-9881,NO,1,0,0,0,0,0,0
GENE-9882,NO,1,222,418,332,198,299,185
GENE-9883,NO,1,0,0,0,0,0,0
GENE-9884,NO,1,0,0,0,0,0,0
GENE-9885,NO,1,434,448,510,418,314,513
GENE-9886,NO,1,0,0,0,0,0,0
GENE-9887,NO,1,0,0,0,0,0,0
GENE-9888,NO,1,0,0,0,0,0,0
GENE-9889,NO,1,0,0,0,0,0,0
GENE-9890,NO,1,0,0,0,0,0,0
GENE-9891,NO,1,0,0,0,0,0,0
GENE-9892,YES,1,0,0,0,0,0,0
GENE-9893,NO,1,0,0,0,0,0,0
GENE-9894,NO,1,0,0,0,0,0,0
GENE-9895,NO,1,0,0,0,0,0,0
GENE-9896,NO,1,0,0,0,0,0,0
GENE-9897,NO,1,0,0,0,0,0,0
GENE-9898,NO,1,0,0,0,0,0,0
GENE-9899,NO,1,0,0,0,0,0,0
GENE-9900,NO,1,694,777,636,650,618,814
GENE-9901,NO,1,0,0,0,0,0,0
GENE-9902,NO,1,0,0,0,0,0,0
GENE-9903,NO,1,0,0,0,0,0,0
GENE-9904,NO,1,0,0,0,0,0,0
GENE-9905,NO,1,0,0,0,0,0,0
GENE-9906,NO,1,102,86,99,110,99,80
GENE-9907,NO,1,0,0,0,0,0,0
GENE-9908,NO,1,0,0,0,0,0,0
GENE-9909,NO,1,0,0,0,0,0,0
GENE-9910,NO,1,0,0,0,0,0,0
GENE-9911,NO,1,0,0,0,0,0,0
GENE-9912,NO,1,303,204,228,172,210,254
GENE-9913,NO,1,0,0,0,0,0,0
GENE-9914,NO,1,0,0,0,0,0,0
GENE-9915,NO,1,0,0,1,1,1,0
GENE-9917,NO,1,8,9,6,9,13,2
GENE-9918,NO,1,25,21,22,31,25,36
GENE-9919,NO,1,0,0,0,0,0,0
GENE-9920,NO,1,0,0,0,0,0,0
GENE-9921,NO,1,157,117,217,115,159,205
GENE-9922,NO,1,0,0,0,0,0,0
GENE-9923,NO,1,1119,1249,1221,1285,1478,1130
GENE-9924,NO,1,0,0,0,0,0,0
GENE-9925,NO,1,0,1,0,1,1,0
GENE-9926,NO,1,0,0,0,0,0,0
GENE-9927,NO,1,0,0,0,0,0,0
GENE-9928,NO,1,0,0,0,0,0,0
GENE-9929,NO,1,689,672,560,693,557,701
GENE-9930,NO,1,50,97,49,107,64,99
GENE-9931,NO,1,2,1,0,0,0,2
GENE-9932,NO,1,0,0,0,0,0,0
GENE-9933,NO,1,292,483,415,308,214,234
GENE-9934,NO,1,1,0,0,0,0,1
GENE-9935,NO,1,73,53,65,64,66,73
GENE-9936,NO,1,0,0,0,0,0,0
GENE-9937,YES,1,0,0,0,0,0,0
GENE-9938,NO,1,0,0,0,0,0,0
GENE-9939,NO,1,568,453,459,422,539,642
GENE-9940,NO,1,618,339,490,540,384,366
GENE-9941,NO,1,0,0,0,0,0,0
GENE-9942,NO,1,0,0,0,0,0,0
GENE-9943,NO,1,0,0,0,0,0,0
GENE-9944,NO,1,0,0,0,0,0,0
GENE-9945,NO,1,78,63,90,57,68,81
GENE-9947,YES,1,0,0,0,0,0,0
GENE-9948,NO,1,121,56,71,61,46,51
GENE-9949,NO,1,0,0,0,0,0,0
GENE-9950,NO,1,0,0,0,0,0,0
GENE-9951,NO,1,0,0,0,0,0,0
GENE-9952,NO,1,111,93,102,93,124,122
GENE-9953,NO,1,0,0,0,0,0,0
GENE-9954,NO,1,0,0,0,0,0,0
GENE-9955,NO,1,0,0,0,0,0,0
GENE-9956,NO,1,479,541,447,404,467,552
GENE-9957,YES,1,0,0,0,0,0,0
GENE-9958,NO,1,5,2,0,4,2,0
GENE-9959,NO,1,5,6,5,5,7,8
GENE-9960,NO,1,1,0,2,0,0,2
GENE-9961,NO,1,31,28,48,50,41,29
GENE-9963,NO,1,63,43,59,52,56,60
GENE-9964,NO,1,0,0,0,0,0,0
GENE-9965,NO,1,0,0,0,0,0,0
GENE-9966,NO,1,0,0,0,0,0,0
GENE-9967,NO,1,0,0,0,0,0,0
GENE-9968,NO,1,196,187,198,189,211,210
GENE-9969,NO,1,0,0,0,0,0,0
GENE-9970,NO,1,11,11,12,17,16,22
GENE-9971,NO,1,0,0,0,0,0,0
GENE-9972,NO,1,0,0,0,0,0,0
GENE-9973,NO,1,0,0,0,0,0,0
GENE-9974,NO,1,13,6,7,6,5,7
GENE-9975,NO,1,0,0,0,0,0,0
GENE-9976,YES,1,0,0,0,0,0,0
GENE-9977,NO,1,0,0,0,0,0,0
GENE-9978,NO,1,115,75,103,120,79,76
GENE-9979,NO,1,0,0,0,0,0,0
GENE-9980,NO,1,0,0,0,0,0,0
GENE-9981,NO,1,0,0,0,0,0,0
GENE-9982,NO,1,0,0,0,0,0,0
GENE-9983,NO,1,77,117,78,93,62,78
GENE-9984,NO,1,0,0,0,0,0,0
GENE-9985,NO,1,103,40,166,90,46,172
GENE-9986,NO,1,0,0,0,0,0,0
GENE-9987,NO,1,3,1,1,0,0,2
GENE-9988,NO,1,0,0,0,0,0,0
GENE-9989,NO,1,1,0,1,1,0,2
GENE-9990,NO,1,369,366,395,432,356,334
GENE-9991,NO,1,28,39,37,32,25,27
GENE-9992,NO,1,0,0,0,0,0,0
GENE-9993,YES,1,0,0,0,0,0,0
GENE-9994,NO,1,558,613,477,485,382,800
GENE-9995,NO,1,0,0,0,0,0,0
GENE-9996,NO,1,0,0,0,0,0,0
GENE-9997,NO,1,0,0,0,0,0,0
GENE-9998,NO,1,0,0,0,0,0,0
GENE-9999,NO,1,8,10,6,6,13,11
GENE-10000,NO,1,0,0,0,0,0,0
GENE-10001,NO,1,0,0,0,0,0,0
GENE-10002,NO,1,2035,1260,1204,1568,1647,1617
GENE-10003,NO,1,0,0,0,0,0,0
GENE-10004,NO,1,127,134,93,106,122,69
GENE-10005,NO,1,15,37,18,15,27,32
GENE-10006,NO,1,0,0,0,0,0,0
GENE-10007,NO,1,0,14,37,31,18,15
GENE-10008,NO,1,0,0,1,0,0,0
GENE-10009,NO,1,0,0,1,1,0,0
GENE-10010,NO,1,0,0,0,0,0,0
GENE-10011,NO,1,102,136,50,40,83,51
GENE-10012,NO,1,0,0,0,0,0,0
GENE-10013,NO,1,0,0,0,0,0,0
GENE-10014,NO,1,30,29,24,35,29,44
GENE-10015,NO,1,0,0,0,0,0,0
GENE-10016,NO,1,0,0,0,0,0,0
GENE-10017,NO,1,224,159,138,137,185,135
GENE-10018,NO,1,0,0,0,0,0,0
GENE-10019,NO,1,1,2,0,0,0,3
GENE-10020,NO,1,13,9,13,13,16,11
GENE-10021,NO,1,24,18,19,12,13,7
GENE-10022,NO,1,0,0,0,0,0,0
GENE-10023,NO,1,3448,2117,3661,3920,2429,2507
GENE-10024,NO,1,0,0,0,0,0,0
GENE-10025,NO,1,0,0,0,0,0,0
GENE-10026,NO,1,0,0,0,0,0,0
GENE-10027,NO,1,0,0,0,0,0,0
GENE-10028,NO,1,0,0,0,0,0,0
GENE-10029,NO,1,598,424,636,417,624,520
GENE-10030,NO,1,0,0,0,0,0,0
GENE-10031,NO,1,3,0,4,4,1,1
GENE-10032,NO,1,0,0,0,0,0,0
GENE-10033,NO,1,198,172,186,210,202,224
GENE-10034,NO,1,1,3,5,1,1,0
GENE-10035,NO,1,1,1,1,0,0,0
GENE-10036,NO,1,4,0,0,1,1,1
GENE-10037,NO,1,0,0,0,0,0,0
GENE-10038,NO,1,0,0,0,0,0,0
GENE-10039,NO,1,0,0,0,0,0,0
GENE-10040,NO,1,0,0,0,0,0,0
GENE-10041,YES,1,3,0,0,0,0,0
GENE-10042,NO,1,0,0,0,0,0,0
GENE-10043,NO,1,0,0,0,0,0,0
GENE-10044,NO,1,0,0,0,0,0,0
GENE-10045,NO,1,0,1,0,0,0,2
GENE-10046,NO,1,1,1,0,0,0,0
GENE-10047,NO,1,0,0,0,0,0,0
GENE-10048,NO,1,0,0,0,0,0,0
GENE-10049,NO,1,0,0,0,0,0,0
GENE-10050,NO,1,0,0,0,0,0,0
GENE-10051,NO,1,0,0,0,0,0,0
GENE-10052,NO,1,0,0,0,0,0,0
GENE-10053,NO,1,0,0,0,0,0,0
GENE-10054,NO,1,0,0,0,0,0,0
GENE-10055,NO,1,0,0,0,0,0,0
GENE-10056,NO,1,0,0,0,0,0,0
GENE-10057,NO,1,0,0,0,0,0,0
GENE-10058,NO,1,0,0,0,0,0,0
GENE-10059,NO,1,0,0,0,0,0,0
GENE-10060,NO,1,0,0,0,0,0,0
GENE-10061,NO,1,2,0,1,0,1,0
GENE-10062,YES,1,0,0,0,0,0,0
GENE-10063,NO,1,600,741,632,664,598,674
GENE-10064,NO,1,0,0,0,0,0,0
GENE-10065,NO,1,10,10,12,13,12,15
GENE-10066,NO,1,0,0,0,0,0,0
GENE-10067,NO,1,0,0,0,0,0,0
GENE-10068,NO,1,2268,1779,1670,2568,903,588
GENE-10069,NO,1,0,0,0,0,0,0
GENE-10070,NO,1,0,0,0,0,0,0
GENE-10071,NO,1,0,0,0,0,0,0
GENE-10072,NO,1,0,0,0,0,0,0
GENE-10073,NO,1,22,14,14,6,19,12
GENE-10074,NO,1,0,0,0,0,0,0
GENE-10075,NO,1,35,31,34,39,41,33
GENE-10076,NO,1,83,120,134,165,124,102
GENE-10077,NO,1,472,317,399,426,452,367
GENE-10078,NO,1,0,0,1,0,0,1
GENE-10079,NO,1,175,188,171,190,141,214
GENE-10080,YES,1,0,0,0,0,0,0
GENE-10081,NO,1,0,0,0,0,0,0
GENE-10082,NO,1,0,0,0,0,0,0
GENE-10083,NO,1,247,199,252,211,225,331
GENE-10084,NO,1,20,22,29,19,27,27
GENE-10085,NO,1,0,0,0,0,0,0
GENE-10086,NO,1,0,0,0,0,0,0
GENE-10087,NO,1,0,0,0,0,0,0
GENE-10088,NO,1,0,0,0,0,0,0
GENE-10089,NO,1,0,0,0,0,0,0
GENE-10090,NO,1,0,0,0,0,0,0
GENE-10091,NO,1,0,0,0,0,0,0
GENE-10092,NO,1,0,0,0,0,0,0
GENE-10093,NO,1,0,0,0,0,0,0
GENE-10094,NO,1,0,0,0,0,0,0
GENE-10095,NO,1,0,0,0,0,1,0
GENE-10096,NO,1,5,1,4,7,3,2
GENE-10097,NO,1,93,74,105,98,100,89
GENE-10098,NO,1,0,0,0,0,0,0
GENE-10099,YES,1,0,0,0,0,0,0
GENE-10100,NO,1,2768,2151,2788,2310,3153,2096
GENE-10101,NO,1,343,297,243,262,317,359
GENE-10102,NO,1,98,65,78,53,100,88
GENE-10103,NO,1,0,0,0,0,0,0
GENE-10104,NO,1,132,142,105,178,60,100
GENE-10105,NO,1,0,0,0,0,0,0
GENE-10106,NO,1,0,0,0,0,0,0
GENE-10107,NO,1,0,0,0,0,0,0
GENE-10108,NO,1,93,62,56,70,25,29
GENE-10109,NO,1,0,0,0,0,0,0
GENE-10110,NO,1,0,0,0,0,0,0
GENE-10111,NO,1,0,0,0,0,0,0
GENE-10112,NO,1,5372,1403,3401,5233,2725,1974
GENE-10113,NO,1,0,0,0,0,0,0
GENE-10114,NO,1,667,409,581,526,614,403
GENE-10115,NO,1,0,0,0,0,0,0
GENE-10116,NO,1,125,156,387,296,236,219
GENE-10117,NO,1,0,0,0,0,0,0
GENE-10118,NO,1,0,0,0,0,0,0
GENE-10119,NO,1,5,16,10,9,4,1
GENE-10120,NO,1,11,9,5,9,8,13
GENE-10121,NO,1,0,0,0,0,0,0
GENE-10122,NO,1,825,603,342,615,432,364
GENE-10123,NO,1,0,0,0,0,0,0
GENE-10124,NO,1,0,0,0,0,0,0
GENE-10125,NO,1,0,0,0,0,0,0
GENE-10126,NO,1,2,0,0,0,1,1
GENE-10127,NO,1,3,5,6,5,3,1
GENE-10128,YES,1,0,0,0,0,0,0
GENE-10129,YES,1,0,0,0,0,0,0
GENE-10130,NO,1,0,0,0,0,0,0
GENE-10131,NO,1,0,0,0,0,0,0
GENE-10132,NO,1,161,253,189,204,163,180
GENE-10133,NO,1,250,183,210,259,251,316
GENE-10134,NO,1,26,25,13,30,21,34
GENE-10135,NO,1,0,0,0,0,0,0
GENE-10136,NO,1,0,0,0,0,0,0
GENE-10137,NO,1,0,0,0,0,0,0
GENE-10138,NO,1,247,369,344,318,370,291
GENE-10139,NO,1,1,1,0,0,0,2
GENE-10140,NO,1,45,37,45,45,50,61
GENE-10141,NO,1,0,0,0,0,0,0
GENE-10142,NO,1,0,0,0,0,0,0
GENE-10143,NO,1,350,306,347,339,405,375
GENE-10144,NO,1,0,0,0,0,0,0
GENE-10145,NO,1,5,3,10,5,5,0
GENE-10146,NO,1,0,0,0,0,1,0
GENE-10147,NO,1,392,1535,872,948,993,527
GENE-10148,NO,1,0,0,0,0,0,0
GENE-10149,NO,1,0,0,0,0,0,0
GENE-10150,NO,1,0,0,0,0,0,0
GENE-10151,NO,1,0,0,0,0,0,0
GENE-10152,NO,1,385,441,444,609,493,548
GENE-10153,NO,1,2,3,4,2,3,1
GENE-10154,NO,1,0,0,0,0,0,0
GENE-10155,NO,1,0,0,0,0,0,0
GENE-10156,NO,1,1,2,0,0,1,1
GENE-10157,NO,1,1,1,0,1,1,1
GENE-10158,NO,1,1,1,2,0,1,1
GENE-10159,NO,1,6,4,1,1,6,6
GENE-10160,NO,1,0,0,0,0,0,0
GENE-10161,NO,1,0,0,0,0,0,0
GENE-10162,NO,1,0,0,0,0,0,0
GENE-10163,NO,1,0,0,1,0,3,0
GENE-10164,NO,1,1,3,6,5,2,15
GENE-10165,NO,1,1,3,1,1,3,0
GENE-10166,NO,1,0,0,0,0,0,0
GENE-10167,NO,1,0,0,0,0,0,0
GENE-10168,NO,1,9,1,1,4,2,1
GENE-10169,NO,1,0,0,0,0,0,0
GENE-10170,NO,1,0,0,0,0,0,0
GENE-10171,NO,1,163,170,180,138,157,208
GENE-10172,NO,1,0,0,0,0,0,0
GENE-10173,NO,1,0,0,0,0,0,0
GENE-10174,NO,1,0,0,0,0,0,0
GENE-10175,YES,1,0,0,0,0,0,0
GENE-10176,NO,1,24,6,26,23,7,11
GENE-10177,NO,1,1188,1366,833,1392,2740,920
GENE-10178,NO,1,1,3,0,0,3,1
GENE-10179,NO,1,161,127,144,125,144,131
GENE-10180,NO,1,0,0,0,0,0,0
GENE-10181,NO,1,0,0,0,0,0,0
GENE-10182,NO,1,0,0,0,0,0,0
GENE-10183,NO,1,397,334,368,628,340,368
GENE-10184,NO,1,0,0,0,0,0,0
GENE-10185,NO,1,0,0,0,0,0,0
GENE-10186,NO,1,31,9,24,34,67,55
GENE-10187,NO,1,0,0,0,0,0,0
GENE-10188,NO,1,10,16,16,10,19,3
GENE-10189,NO,1,144,132,157,133,144,142
GENE-10190,NO,1,1014,1049,1075,994,931,1178
GENE-10191,NO,1,0,0,0,0,0,0
GENE-10192,NO,1,0,0,0,0,0,0
GENE-10193,NO,1,0,0,0,0,0,0
GENE-10194,NO,1,0,0,0,0,0,0
GENE-10195,NO,1,0,0,0,0,0,0
GENE-10196,NO,1,0,0,0,0,0,0
GENE-10197,NO,1,0,0,0,0,0,0
GENE-10198,NO,1,0,0,0,0,0,0
GENE-10199,NO,1,0,0,0,0,0,0
GENE-10200,NO,1,29,30,48,35,41,37
GENE-10201,NO,1,0,0,0,0,0,0
GENE-10202,NO,1,61,37,57,31,51,59
GENE-10203,NO,1,526,551,570,482,593,478
GENE-10204,NO,1,0,0,0,0,0,0
GENE-10205,NO,1,538,514,499,602,726,640
GENE-10206,NO,1,0,0,0,0,0,0
GENE-10207,NO,1,0,0,0,0,0,0
GENE-10208,NO,1,113,192,54,168,244,373
GENE-10209,NO,1,0,0,0,0,0,0
GENE-10210,NO,1,0,0,0,0,0,0
GENE-10211,NO,1,78,65,98,103,100,118
GENE-10212,NO,1,0,0,0,0,0,0
GENE-10213,NO,1,0,0,0,0,0,0
GENE-10214,NO,1,0,0,0,0,0,0
GENE-10215,YES,1,0,0,0,0,0,0
GENE-10216,NO,1,0,0,0,0,0,0
GENE-10217,NO,1,0,0,0,0,0,0
GENE-10218,NO,1,0,0,0,0,0,0
GENE-10219,NO,1,12,13,16,16,11,16
GENE-10220,NO,1,0,0,0,0,0,0
GENE-10221,NO,1,0,0,0,0,0,0
GENE-10222,YES,1,0,0,0,0,0,0
GENE-10223,NO,1,7,10,7,9,4,13
GENE-10224,NO,1,0,0,0,0,0,0
GENE-10225,NO,1,10,16,13,15,22,11
GENE-10226,NO,1,0,0,0,0,0,0
GENE-10227,NO,1,46,37,39,35,31,26
GENE-10228,NO,1,0,0,0,0,0,0
GENE-10229,NO,1,101,118,104,112,78,100
GENE-10230,NO,1,0,0,0,0,0,0
GENE-10231,NO,1,5,6,6,5,5,5
GENE-10232,NO,1,73,60,73,50,46,73
GENE-10233,NO,1,0,0,0,0,0,0
GENE-10234,NO,1,361,430,441,442,370,324
GENE-10235,NO,1,110,122,131,119,132,115
GENE-10236,NO,1,0,0,0,0,0,0
GENE-10237,NO,1,0,0,0,0,0,0
GENE-10238,NO,1,1,1,3,1,2,1
GENE-10239,NO,1,202,257,209,186,305,209
GENE-10240,NO,1,22,18,17,18,25,25
GENE-10241,NO,1,0,0,0,0,0,0
GENE-10242,NO,1,120,115,39,143,123,101
GENE-10243,NO,1,8,15,21,21,23,18
GENE-10244,NO,1,0,0,0,0,0,0
GENE-10245,NO,1,933,587,261,547,446,370
GENE-10246,NO,1,0,0,0,0,0,0
GENE-10247,NO,1,0,0,0,0,0,0
GENE-10248,NO,1,0,0,0,0,0,0
GENE-10249,NO,1,0,0,0,0,0,0
GENE-10250,NO,1,14,15,22,12,13,23
GENE-10251,NO,1,72,305,235,139,122,228
GENE-10252,YES,1,0,0,0,0,0,0
GENE-10253,NO,1,0,0,0,0,0,0
GENE-10254,NO,1,0,0,0,0,0,0
GENE-10255,NO,1,0,0,0,0,0,0
GENE-10256,YES,1,0,0,0,0,0,0
GENE-10257,NO,1,0,0,0,0,0,0
GENE-10258,NO,1,0,0,0,0,0,0
GENE-10259,NO,1,0,0,0,0,0,0
GENE-10260,NO,1,0,0,0,0,0,0
GENE-10261,NO,1,0,0,0,0,0,0
GENE-10262,NO,1,0,0,0,0,0,0
GENE-10264,NO,1,117,168,146,170,112,127
GENE-10265,NO,1,0,0,0,0,0,0
GENE-10266,NO,1,2,2,3,1,1,3
GENE-10267,NO,1,5,2,3,4,6,3
GENE-10268,NO,1,0,0,0,0,0,0
GENE-10269,NO,1,0,0,0,0,0,0
GENE-10271,NO,1,0,0,0,0,0,0
GENE-10272,NO,1,1,2,0,1,0,2
GENE-10273,NO,1,329,322,474,377,308,326
GENE-10274,NO,1,0,0,0,0,0,0
GENE-10275,NO,1,0,0,0,0,0,0
GENE-10276,NO,1,0,0,0,0,0,0
GENE-10277,NO,1,0,0,0,0,0,0
GENE-10278,NO,1,0,0,0,0,0,0
GENE-10279,NO,1,0,0,0,0,0,0
GENE-10280,NO,1,0,0,0,0,0,0
GENE-10281,NO,1,0,0,0,0,0,0
GENE-10282,NO,1,0,0,0,0,0,0
GENE-10283,NO,1,1,1,2,2,0,0
GENE-10284,NO,1,0,0,0,0,0,0
GENE-10285,NO,1,0,0,0,0,0,0
GENE-10286,NO,1,0,0,0,0,0,0
GENE-10287,NO,1,527,523,549,570,639,649
GENE-10288,NO,1,0,0,0,0,0,0
GENE-10289,NO,1,0,0,0,0,0,0
GENE-10290,NO,1,0,0,0,0,0,0
GENE-10291,NO,1,0,0,0,0,0,0
GENE-10292,YES,1,6,4,2,0,1,0
GENE-10293,NO,1,0,0,0,0,0,0
GENE-10294,NO,1,0,0,0,0,0,0
GENE-10295,NO,1,0,0,0,0,0,0
GENE-10296,NO,1,0,1,0,0,0,1
GENE-10297,NO,1,0,0,0,0,0,0
GENE-10298,NO,1,0,0,0,0,0,0
GENE-10299,NO,1,0,0,0,0,0,0
GENE-10300,NO,1,0,0,0,0,0,0
GENE-10301,NO,1,0,0,0,0,0,0
GENE-10302,NO,1,0,0,0,0,0,0
GENE-10303,NO,1,131,116,80,110,75,67
GENE-10304,NO,1,0,0,0,0,0,0
GENE-10305,NO,1,249,266,310,180,219,170
GENE-10306,NO,1,0,0,0,0,0,0
GENE-10307,NO,1,0,0,0,0,0,0
GENE-10308,NO,1,0,0,0,0,0,0
GENE-10309,NO,1,0,0,0,0,0,0
GENE-10310,NO,1,0,0,0,0,0,0
GENE-10311,NO,1,0,0,0,0,0,0
GENE-10312,NO,1,33,53,59,24,19,27
GENE-10313,YES,1,0,0,0,0,0,0
GENE-10314,NO,1,0,0,0,0,0,0
GENE-10315,NO,1,0,0,0,0,0,0
GENE-10316,NO,1,1232,944,1254,968,871,1219
GENE-10317,NO,1,51,46,62,53,44,42
GENE-10318,NO,1,14619,17010,16891,15696,16731,15369
GENE-10319,NO,1,0,0,0,0,0,0
GENE-10320,NO,1,42,48,58,41,41,56
GENE-10321,NO,1,3,5,8,5,6,3
GENE-10322,NO,1,495,614,768,694,493,457
GENE-10323,NO,1,0,0,0,0,0,0
GENE-10324,NO,1,7,8,6,9,9,11
GENE-10325,NO,1,0,0,0,0,0,0
GENE-10326,NO,1,45,52,57,46,56,50
GENE-10327,NO,1,0,0,0,0,0,0
GENE-10328,NO,1,7,5,2,4,2,6
GENE-10329,NO,1,0,0,0,0,0,0
GENE-10330,NO,1,0,0,0,0,0,0
GENE-10331,NO,1,0,0,0,0,0,0
GENE-10332,NO,1,0,0,0,0,0,0
GENE-10333,NO,1,0,0,0,0,0,0
GENE-10334,NO,1,7,2,6,2,3,2
GENE-10335,NO,1,0,0,0,0,0,0
GENE-10336,NO,1,0,0,0,0,0,0
GENE-10337,NO,1,0,0,0,0,2,1
GENE-10338,NO,1,371,465,321,222,337,505
GENE-10339,NO,1,0,0,0,0,0,0
GENE-10340,NO,1,0,0,0,0,0,0
GENE-10341,NO,1,0,0,0,0,0,0
GENE-10342,NO,1,4,1,4,2,1,2
GENE-10343,NO,1,0,0,0,0,0,0
GENE-10344,NO,1,1,0,0,0,0,0
GENE-10345,NO,1,0,1,0,0,0,0
GENE-10346,NO,1,0,0,0,0,0,0
GENE-10347,NO,1,36,20,37,34,19,30
GENE-10348,NO,1,0,0,0,0,0,0
GENE-10349,NO,1,0,0,0,0,0,0
GENE-10350,NO,1,0,0,0,0,0,0
GENE-10351,YES,1,0,0,0,0,0,0
GENE-10352,NO,1,0,0,0,0,0,0
GENE-10353,NO,1,0,0,0,0,0,0
GENE-10354,NO,1,905,1021,728,921,987,1099
GENE-10355,NO,1,0,0,0,0,0,0
GENE-10356,NO,1,0,0,0,0,0,0
GENE-10357,NO,1,0,0,0,0,0,0
GENE-10358,NO,1,0,0,0,0,0,0
GENE-10359,NO,1,0,0,0,0,0,0
GENE-10360,NO,1,559,1326,5364,3520,83,56
GENE-10361,NO,1,0,0,0,0,0,0
GENE-10362,NO,1,67,79,107,111,66,71
GENE-10363,NO,1,0,0,0,0,0,0
GENE-10364,NO,1,0,0,0,0,0,0
GENE-10365,NO,1,0,0,0,0,0,0
GENE-10366,NO,1,0,0,0,0,0,0
GENE-10367,NO,1,0,0,0,0,0,0
GENE-10368,NO,1,0,0,0,0,0,0
GENE-10369,NO,1,92,107,108,59,60,46
GENE-10370,NO,1,0,0,0,0,0,0
GENE-10371,NO,1,0,0,0,0,0,0
GENE-10372,NO,1,0,0,0,0,0,0
GENE-10373,NO,1,0,0,0,0,0,0
GENE-10374,YES,1,0,0,0,0,0,0
GENE-10375,NO,1,0,0,0,0,0,0
GENE-10376,NO,1,0,0,0,0,0,0
GENE-10377,NO,1,0,0,0,0,0,0
GENE-10378,NO,1,0,0,0,0,0,0
GENE-10379,NO,1,9,13,22,12,6,6
GENE-10380,NO,1,1587,4145,2471,5351,3518,4119
GENE-10381,NO,1,0,0,0,0,0,0
GENE-10382,NO,1,84,91,58,113,66,92
GENE-10383,NO,1,0,0,0,0,0,0
GENE-10384,NO,1,0,0,0,0,0,0
GENE-10385,NO,1,0,0,0,0,0,0
GENE-10386,YES,1,1,1,0,0,0,0
GENE-10387,NO,1,0,0,0,0,0,0
GENE-10388,NO,1,0,0,0,0,0,0
GENE-10389,NO,1,1,1,0,1,0,1
GENE-10390,NO,1,0,0,0,0,0,0
GENE-10391,NO,1,0,0,0,0,0,0
GENE-10392,NO,1,36,51,25,41,4,22
GENE-10393,NO,1,65,55,43,45,49,48
GENE-10394,NO,1,0,0,0,0,0,0
GENE-10395,NO,1,0,0,0,0,0,0
GENE-10396,NO,1,0,0,0,0,0,0
GENE-10397,NO,1,0,0,0,0,0,0
GENE-10398,NO,1,0,0,0,0,0,0
GENE-10399,NO,1,0,0,0,0,0,0
GENE-10400,NO,1,0,0,0,0,0,0
GENE-10401,NO,1,0,0,0,0,0,0
GENE-10402,NO,1,0,0,0,0,0,0
GENE-10403,NO,1,0,0,0,0,0,0
GENE-10404,NO,1,0,0,0,0,0,0
GENE-10405,NO,1,0,0,0,0,0,0
GENE-10406,NO,1,0,0,0,0,0,0
GENE-10407,NO,1,16,13,11,14,15,12
GENE-10408,NO,1,922,1167,917,1038,933,1116
GENE-10409,YES,1,0,0,0,0,0,0
GENE-10410,NO,1,0,0,0,0,0,0
GENE-10411,NO,1,0,0,0,0,0,0
GENE-10412,NO,1,0,0,0,0,0,0
GENE-10413,NO,1,136,138,115,146,119,121
GENE-10414,NO,1,0,0,0,0,0,0
GENE-10415,NO,1,12,14,28,12,15,13
GENE-10416,NO,1,0,0,0,0,0,0
GENE-10417,NO,1,11,15,17,27,25,32
GENE-10418,NO,1,0,0,0,0,0,0
GENE-10419,NO,1,1,1,3,1,5,5
GENE-10421,NO,1,0,0,0,0,0,0
GENE-10422,NO,1,0,0,0,0,0,0
GENE-10423,NO,1,0,0,0,0,0,0
GENE-10424,NO,1,0,0,0,0,0,0
GENE-10425,NO,1,0,0,0,0,0,0
GENE-10426,NO,1,14,14,20,18,10,29
GENE-10427,NO,1,0,0,0,0,0,0
GENE-10428,NO,1,0,0,0,0,0,0
GENE-10429,NO,1,0,0,1,0,1,0
GENE-10430,NO,1,0,0,0,0,0,0
GENE-10431,NO,1,0,1,2,0,0,0
GENE-10432,NO,1,5,1,19,9,12,6
GENE-10433,NO,1,0,0,0,0,0,0
GENE-10434,NO,1,0,0,0,0,0,0
GENE-10435,NO,1,0,0,0,0,0,0
GENE-10437,NO,1,113,102,53,91,167,54
GENE-10438,YES,1,0,0,0,0,0,0
GENE-10439,NO,1,1,0,0,0,0,1
GENE-10440,NO,1,171,166,164,182,151,139
GENE-10441,YES,1,0,0,0,0,0,0
GENE-10442,NO,1,0,0,0,0,0,0
GENE-10443,NO,1,0,0,0,0,0,0
GENE-10444,NO,1,0,0,0,0,0,0
GENE-10445,NO,1,0,0,0,0,0,0
GENE-10446,NO,1,170,169,139,145,145,146
GENE-10447,NO,1,0,0,0,0,0,0
GENE-10448,NO,1,0,0,0,0,0,0
GENE-10449,YES,1,0,0,0,0,0,0
GENE-10450,NO,1,2,0,1,1,2,5
GENE-10451,NO,1,5,5,9,7,12,5
GENE-10452,NO,1,0,1,0,0,1,2
GENE-10453,NO,1,0,0,0,0,0,0
GENE-10454,NO,1,0,0,0,0,0,0
GENE-10455,NO,1,0,0,0,0,0,0
GENE-10456,NO,1,0,0,0,0,0,0
GENE-10457,NO,1,0,0,0,0,0,0
GENE-10458,NO,1,0,0,0,0,0,0
GENE-10459,NO,1,233,208,236,210,144,226
GENE-10460,NO,1,0,0,0,0,0,0
GENE-10461,NO,1,0,0,0,0,0,0
GENE-10462,NO,1,0,0,0,0,0,0
GENE-10463,NO,1,0,0,0,0,0,0
GENE-10464,NO,1,330,231,282,264,208,204
GENE-10465,NO,1,0,0,0,0,0,0
GENE-10466,YES,1,12,6,9,2,0,3
GENE-10467,NO,1,15,15,19,8,20,12
GENE-10468,NO,1,0,0,0,0,0,0
GENE-10469,NO,1,162,185,153,195,190,190
GENE-10470,NO,1,1,0,0,0,0,0
GENE-10471,NO,1,0,0,0,0,0,0
GENE-10472,NO,1,0,0,0,0,0,0
GENE-10473,NO,1,0,0,0,0,0,0
GENE-10474,NO,1,0,0,0,0,0,0
GENE-10475,NO,1,140,163,90,145,128,146
GENE-10476,NO,1,0,0,0,0,0,0
GENE-10477,NO,1,0,0,0,0,0,0
GENE-10478,YES,1,0,0,0,0,0,0
GENE-10479,NO,1,886,560,729,638,784,648
GENE-10480,NO,1,0,0,0,0,0,0
GENE-10481,NO,1,0,0,0,0,0,0
GENE-10482,NO,1,0,0,0,0,0,0
GENE-10483,NO,1,1177,1242,966,1199,1669,1388
GENE-10484,NO,1,0,0,0,0,0,0
GENE-10485,NO,1,0,0,0,0,0,0
GENE-10486,NO,1,9,5,5,4,7,5
GENE-10487,NO,1,0,0,0,0,0,0
GENE-10488,NO,1,0,0,0,0,0,0
GENE-10489,NO,1,0,0,0,0,0,0
GENE-10490,NO,1,0,0,0,0,0,0
GENE-10491,NO,1,260,354,279,294,301,244
GENE-10492,NO,1,0,0,0,0,0,0
GENE-10493,NO,1,0,0,0,0,0,0
GENE-10494,NO,1,9,7,12,11,10,24
GENE-10495,NO,1,0,0,0,0,0,0
GENE-10496,NO,1,0,0,0,0,0,0
GENE-10497,NO,1,0,0,0,0,0,0
GENE-10498,NO,1,0,0,0,0,0,0
GENE-10499,NO,1,271,254,322,281,346,373
GENE-10500,NO,1,0,0,0,0,0,0
GENE-10501,NO,1,0,0,0,0,0,0
GENE-10502,NO,1,0,0,0,0,0,0
GENE-10503,NO,1,0,3,1,1,2,0
GENE-10504,NO,1,5,3,2,2,0,0
GENE-10505,NO,1,2414,2594,2252,2373,2850,2193
GENE-10506,NO,1,1498,1156,1388,1710,1510,1310
GENE-10507,NO,1,0,0,0,0,0,0
GENE-10508,NO,1,0,0,0,0,0,0
GENE-10509,NO,1,0,0,0,0,0,0
GENE-10510,NO,1,0,0,0,0,0,0
GENE-10511,NO,1,1059,1253,1123,1065,1095,903
GENE-10512,NO,1,0,0,0,0,0,0
GENE-10513,NO,1,4851,1109,3734,2627,1721,1536
GENE-10514,NO,1,0,0,0,0,0,0
GENE-10515,NO,1,0,0,0,0,0,0
GENE-10516,NO,1,0,0,0,0,0,0
GENE-10517,NO,1,77,67,60,96,66,92
GENE-10518,NO,1,2,0,1,0,0,2
GENE-10519,NO,1,85,77,82,71,87,84
GENE-10520,NO,1,0,0,0,0,0,0
GENE-10521,NO,1,0,0,0,0,0,0
GENE-10522,NO,1,0,0,0,0,0,0
GENE-10523,NO,1,0,0,0,0,0,0
GENE-10524,NO,1,21,16,13,17,19,15
GENE-10525,NO,1,0,0,0,0,0,0
GENE-10526,NO,1,1233,1054,1109,1031,1441,1424
GENE-10527,NO,1,0,0,1,0,0,0
GENE-10528,NO,1,0,0,0,0,0,0
GENE-10529,NO,1,0,0,0,0,0,0
GENE-10530,NO,1,0,0,0,0,0,0
GENE-10531,NO,1,1,2,0,2,2,3
GENE-10532,NO,1,0,0,0,0,0,0
GENE-10533,NO,1,154,213,71,186,173,125
GENE-10534,NO,1,0,0,0,0,0,0
GENE-10535,NO,1,0,0,0,0,0,0
GENE-10536,NO,1,0,0,0,0,0,0
GENE-10537,NO,1,0,0,0,0,0,0
GENE-10538,NO,1,327,281,318,329,315,280
GENE-10539,NO,1,6,3,3,6,8,7
GENE-10540,NO,1,0,0,0,0,0,0
GENE-10541,NO,1,0,0,0,0,0,0
GENE-10542,NO,1,0,0,0,0,0,0
GENE-10543,NO,1,0,0,0,0,0,0
GENE-10544,YES,1,0,0,0,0,0,0
GENE-10545,NO,1,38,25,36,21,26,41
GENE-10546,NO,1,0,0,0,0,0,0
GENE-10547,NO,1,103,130,121,107,118,105
GENE-10548,NO,1,136,140,145,93,129,148
GENE-10549,NO,1,0,0,0,0,0,0
GENE-10550,NO,1,183,224,156,209,183,194
GENE-10551,NO,1,0,0,0,0,0,0
GENE-10552,NO,1,24,24,17,27,13,21
GENE-10553,NO,1,1,2,0,2,0,1
GENE-10554,YES,1,0,0,0,0,0,0
GENE-10555,NO,1,0,0,0,0,0,0
GENE-10556,NO,1,7,9,6,3,9,8
GENE-10557,NO,1,0,0,0,0,0,0
GENE-10558,NO,1,0,0,0,0,0,0
GENE-10559,NO,1,0,0,0,0,0,0
GENE-10560,NO,1,1,0,1,3,0,2
GENE-10561,NO,1,107,66,114,152,120,124
GENE-10562,NO,1,0,0,0,0,0,0
GENE-10563,NO,1,115,144,119,153,173,155
GENE-10564,NO,1,0,0,0,0,0,0
GENE-10565,NO,1,138,118,129,107,225,70
GENE-10566,NO,1,76,75,56,81,61,59
GENE-10567,NO,1,7,0,3,4,3,2
GENE-10568,NO,1,10,8,11,21,3,9
GENE-10569,NO,1,0,0,0,0,0,0
GENE-10570,NO,1,4,5,5,8,6,6
GENE-10571,NO,1,0,0,0,0,0,0
GENE-10572,NO,1,0,12,16,11,0,15
GENE-10573,NO,1,4,1,2,1,1,0
GENE-10574,NO,1,4,6,6,10,10,9
GENE-10575,NO,1,43,7,43,14,25,19
GENE-10576,NO,1,51,71,58,63,76,52
GENE-10577,NO,1,264,47,303,421,198,306
GENE-10578,NO,1,0,0,0,0,0,0
GENE-10579,NO,1,0,0,0,0,0,0
GENE-10580,NO,1,0,0,0,0,0,0
GENE-10581,NO,1,0,0,0,0,0,0
GENE-10582,NO,1,2,2,4,0,2,10
GENE-10583,YES,1,0,0,0,0,0,0
GENE-10584,NO,1,45,42,32,38,30,23
GENE-10585,NO,1,690,295,1041,913,377,1063
GENE-10586,NO,1,477,847,456,709,599,523
GENE-10587,NO,1,0,0,0,0,0,0
GENE-10588,NO,1,19,7,23,12,19,11
GENE-10589,NO,1,0,0,0,0,0,0
GENE-10590,NO,1,0,0,0,0,0,0
GENE-10591,NO,1,0,0,0,0,0,0
GENE-10592,NO,1,0,0,0,0,0,0
GENE-10593,NO,1,1323,981,972,980,1104,879
GENE-10594,NO,1,18,22,20,35,92,48
GENE-10595,NO,1,1,2,5,1,0,2
GENE-10596,NO,1,0,0,0,0,0,0
GENE-10597,NO,1,13,22,11,12,27,16
GENE-10598,NO,1,0,0,0,0,0,0
GENE-10599,NO,1,0,0,0,0,0,0
GENE-10600,NO,1,0,0,0,0,0,0
GENE-10601,NO,1,243,241,290,208,328,214
GENE-10602,NO,1,0,0,0,0,0,0
GENE-10603,NO,1,0,0,0,0,0,0
GENE-10604,NO,1,0,0,0,0,0,0
GENE-10605,NO,1,0,0,0,0,0,0
GENE-10606,NO,1,0,0,0,0,0,0
GENE-10607,NO,1,0,0,0,0,0,0
GENE-10608,NO,1,0,0,0,0,0,0
GENE-10609,NO,1,1,1,3,2,2,2
GENE-10610,NO,1,0,0,0,0,0,0
GENE-10611,NO,1,4,1,2,1,1,0
GENE-10612,NO,1,0,0,0,0,0,0
GENE-10613,NO,1,0,0,0,0,0,0
GENE-10614,NO,1,0,0,0,0,0,0
GENE-10615,NO,1,1827,2318,1734,2414,2020,2090
GENE-10616,NO,1,563,484,598,618,614,587
GENE-10617,NO,1,0,0,0,0,0,0
GENE-10618,NO,1,0,0,0,0,0,0
GENE-10619,NO,1,0,0,0,0,0,0
GENE-10620,NO,1,0,0,0,0,0,0
GENE-10621,NO,1,0,0,0,0,0,0
GENE-10622,NO,1,0,0,0,0,0,0
GENE-10623,NO,1,150,153,147,148,158,123
GENE-10624,NO,1,0,0,0,1,0,0
GENE-10625,NO,1,0,0,0,0,0,0
GENE-10626,NO,1,0,0,0,0,0,0
GENE-10627,NO,1,0,0,0,0,0,0
GENE-10628,NO,1,1,0,2,0,0,0
GENE-10629,NO,1,0,0,0,0,0,0
GENE-10630,NO,1,0,0,0,0,0,0
GENE-10631,NO,1,0,0,0,0,0,0
GENE-10632,NO,1,0,0,0,0,0,1
GENE-10633,NO,1,0,0,0,0,0,0
GENE-10634,NO,1,0,0,0,0,0,0
GENE-10635,NO,1,0,0,0,0,0,0
GENE-10636,NO,1,0,0,0,0,0,0
GENE-10637,YES,1,0,0,0,0,0,0
GENE-10638,NO,1,0,0,0,0,0,0
GENE-10639,NO,1,0,0,0,0,0,0
GENE-10640,NO,1,0,0,0,0,0,0
GENE-10641,NO,1,0,0,0,0,0,0
GENE-10642,NO,1,6335,7918,7103,8192,6848,7673
GENE-10643,NO,1,0,0,0,0,0,0
GENE-10644,NO,1,0,0,0,0,0,0
GENE-10645,NO,1,0,0,0,0,0,0
GENE-10646,NO,1,0,0,0,0,0,0
GENE-10647,NO,1,0,0,0,0,0,0
GENE-10648,NO,1,26,33,31,28,20,25
GENE-10649,NO,1,0,0,0,0,0,0
GENE-10650,NO,1,63,66,65,69,54,61
GENE-10651,NO,1,0,0,0,0,0,0
GENE-10652,NO,1,0,0,0,0,0,0
GENE-10653,NO,1,0,0,0,0,0,0
GENE-10654,NO,1,0,0,0,0,0,0
GENE-10655,NO,1,0,0,0,0,0,0
GENE-10656,NO,1,0,0,0,0,0,0
GENE-10657,NO,1,867,889,686,639,823,520
GENE-10658,NO,1,0,0,0,0,0,0
GENE-10659,NO,1,0,0,0,0,0,0
GENE-10660,NO,1,0,0,0,0,0,0
GENE-10661,NO,1,465,598,922,720,543,399
GENE-10662,NO,1,0,0,0,0,0,0
GENE-10663,NO,1,0,0,0,1,0,0
GENE-10664,NO,1,0,0,0,0,0,0
GENE-10665,NO,1,0,0,0,0,0,0
GENE-10666,NO,1,0,0,0,0,0,0
GENE-10667,NO,1,3,10,6,8,13,15
GENE-10668,NO,1,373,425,498,461,366,447
GENE-10669,NO,1,0,0,0,0,0,0
GENE-10670,NO,1,167,158,148,160,154,217
GENE-10671,NO,1,0,0,0,0,0,0
GENE-10672,NO,1,24,19,12,16,13,21
GENE-10673,NO,1,0,0,0,0,0,0
GENE-10674,NO,1,0,0,0,0,0,0
GENE-10676,NO,1,1845,1628,1912,1585,1331,1287
GENE-10677,NO,1,0,0,0,0,0,0
GENE-10678,NO,1,0,0,0,0,0,0
GENE-10679,NO,1,285,19,73,387,118,13
GENE-10680,NO,1,0,0,0,0,0,0
GENE-10681,NO,1,0,0,0,0,0,0
GENE-10682,NO,1,0,0,0,0,0,0
GENE-10683,NO,1,65,90,66,57,100,69
GENE-10684,NO,1,8053,6749,6973,5928,7091,6417
GENE-10685,NO,1,0,0,0,0,0,0
GENE-10686,NO,1,115,162,198,191,143,127
GENE-10687,NO,1,91,75,77,63,98,81
GENE-10688,NO,1,0,0,0,0,0,0
GENE-10689,NO,1,0,0,0,0,0,0
GENE-10690,NO,1,0,0,0,0,0,0
GENE-10691,NO,1,0,0,0,0,0,0
GENE-10692,NO,1,351,228,398,533,782,260
GENE-10693,NO,1,0,0,0,0,0,0
GENE-10694,NO,1,0,0,0,0,0,0
GENE-10695,NO,1,0,0,0,0,0,0
GENE-10696,NO,1,0,0,0,0,0,0
GENE-10697,NO,1,0,0,0,0,0,0
GENE-10698,NO,1,0,0,0,0,0,0
GENE-10699,NO,1,0,0,0,0,0,0
GENE-10700,YES,1,0,0,0,0,0,0
GENE-10701,NO,1,1,0,0,5,0,4
GENE-10702,NO,1,184,148,173,186,137,122
GENE-10703,NO,1,0,0,0,0,0,0
GENE-10704,NO,1,0,0,0,0,0,0
GENE-10705,NO,1,258,311,261,257,256,224
GENE-10706,NO,1,0,0,0,0,0,0
GENE-10707,NO,1,0,0,0,0,0,0
GENE-10708,NO,1,2,0,2,0,3,1
GENE-10709,NO,1,170,195,199,151,168,185
GENE-10710,YES,1,0,0,0,0,0,0
GENE-10711,NO,1,0,0,0,0,0,0
GENE-10712,NO,1,0,0,0,0,0,0
GENE-10713,NO,1,0,0,0,0,0,0
GENE-10714,NO,1,0,0,0,0,0,0
GENE-10715,NO,1,0,0,0,0,0,0
GENE-10716,NO,1,37,37,43,42,43,47
GENE-10717,NO,1,3,1,0,1,0,0
GENE-10718,NO,1,172,212,170,123,121,131
GENE-10719,NO,1,0,0,0,0,0,0
GENE-10720,YES,1,0,1,0,0,0,0
GENE-10721,NO,1,0,0,0,0,0,0
GENE-10722,NO,1,0,0,0,0,0,0
GENE-10723,NO,1,0,0,0,0,0,0
GENE-10724,NO,1,0,0,0,0,0,0
GENE-10725,NO,1,12,26,11,25,13,31
GENE-10726,YES,1,0,0,0,0,0,0
GENE-10727,YES,1,0,0,0,0,0,0
GENE-10728,NO,1,0,1,0,0,0,0
GENE-10729,NO,1,0,0,0,0,0,0
GENE-10730,NO,1,0,0,0,0,0,0
GENE-10731,NO,1,1318,2263,529,1100,879,171
GENE-10732,NO,1,0,0,0,0,0,0
GENE-10733,NO,1,0,0,0,0,0,0
GENE-10734,NO,1,0,0,0,0,0,0
GENE-10735,NO,1,0,0,0,0,0,0
GENE-10736,NO,1,0,0,0,0,0,0
GENE-10737,NO,1,0,0,0,0,0,0
GENE-10738,NO,1,0,0,0,0,0,0
GENE-10739,NO,1,38,58,44,35,42,54
GENE-10740,NO,1,1,3,0,1,1,3
GENE-10741,NO,1,159,240,250,301,285,236
GENE-10742,NO,1,0,0,0,0,0,0
GENE-10743,NO,1,59,77,257,337,412,281
GENE-10744,NO,1,33,44,38,48,28,31
GENE-10745,NO,1,3,3,2,2,0,1
GENE-10746,NO,1,2,2,7,3,7,2
GENE-10747,NO,1,0,0,0,0,0,0
GENE-10748,NO,1,0,0,0,0,0,0
GENE-10749,NO,1,0,0,0,0,0,0
GENE-10750,NO,1,135,170,104,164,91,131
GENE-10751,NO,1,1457,1846,2060,1655,1828,1705
GENE-10752,NO,1,0,0,0,0,0,0
GENE-10753,NO,1,0,0,0,0,0,0
GENE-10754,NO,1,1362,857,718,1187,1235,1477
GENE-10755,NO,1,0,0,0,0,0,0
GENE-10756,NO,1,115,213,137,134,141,121
GENE-10757,NO,1,32,20,25,23,18,23
GENE-10758,NO,1,0,0,0,0,0,0
GENE-10759,NO,1,0,0,0,0,0,0
GENE-10760,NO,1,0,0,0,0,0,0
GENE-10761,NO,1,437,352,318,619,484,370
GENE-10762,NO,1,38,43,63,37,38,37
GENE-10763,NO,1,0,0,0,0,0,0
GENE-10764,NO,1,37,89,105,177,57,164
GENE-10765,NO,1,69,89,104,109,83,61
GENE-10766,NO,1,0,0,0,0,0,0
GENE-10767,NO,1,0,0,0,0,0,0
GENE-10768,NO,1,0,0,0,0,0,0
GENE-10769,NO,1,0,0,0,0,0,0
GENE-10770,NO,1,0,0,0,0,0,0
GENE-10771,NO,1,0,0,0,0,0,0
GENE-10772,NO,1,4,5,1,3,4,4
GENE-10773,NO,1,0,0,0,0,0,0
GENE-10774,NO,1,0,0,0,0,0,0
GENE-10775,NO,1,0,0,0,0,0,0
GENE-10776,NO,1,0,0,0,0,0,0
GENE-10777,NO,1,0,0,0,0,0,0
GENE-10778,NO,1,0,0,0,0,0,0
GENE-10779,NO,1,0,0,0,0,0,0
GENE-10780,NO,1,0,0,0,0,0,0
GENE-10781,NO,1,0,0,0,0,0,0
GENE-10782,NO,1,0,0,0,0,0,0
GENE-10783,YES,1,0,0,0,0,0,0
GENE-10784,NO,1,5,0,3,4,7,7
GENE-10785,NO,1,0,0,0,0,0,0
GENE-10786,NO,1,418,281,426,437,247,544
GENE-10787,NO,1,48,40,25,42,42,30
GENE-10788,NO,1,0,0,0,0,0,0
GENE-10789,NO,1,0,2,3,1,0,0
GENE-10790,NO,1,0,0,0,0,0,0
GENE-10791,NO,1,1076,1042,1004,1205,1067,1077
GENE-10792,NO,1,0,0,0,0,0,0
GENE-10793,NO,1,0,0,0,0,0,0
GENE-10794,NO,1,59,60,47,49,40,47
GENE-10795,NO,1,520,558,634,566,622,654
GENE-10796,NO,1,42,44,36,40,57,49
GENE-10798,NO,1,0,0,0,0,0,0
GENE-10799,NO,1,0,0,0,0,0,0
GENE-10800,YES,1,0,0,0,0,0,0
GENE-10801,NO,1,96,106,94,106,84,79
GENE-10802,NO,1,0,0,0,0,0,0
GENE-10803,NO,1,0,0,0,0,0,0
GENE-10804,NO,1,943,1013,957,1108,1015,997
GENE-10805,NO,1,0,0,0,0,0,0
GENE-10806,NO,1,15,17,16,13,9,6
GENE-10807,NO,1,0,0,0,0,0,0
GENE-10808,NO,1,0,0,0,0,0,0
GENE-10809,NO,1,689,915,666,910,789,471
GENE-10810,NO,1,0,0,0,0,0,0
GENE-10811,NO,1,94,62,65,48,72,65
GENE-10812,NO,1,0,0,0,0,0,0
GENE-10813,NO,1,0,0,0,0,0,1
GENE-10814,YES,1,0,0,0,0,0,0
GENE-10815,NO,1,0,0,0,0,0,0
GENE-10816,NO,1,0,0,0,0,0,0
GENE-10817,NO,1,0,1,0,1,0,0
GENE-10818,NO,1,193,143,154,237,218,175
GENE-10819,NO,1,0,0,0,0,0,0
GENE-10820,NO,1,0,0,0,0,0,0
GENE-10821,NO,1,0,0,1,0,1,2
GENE-10822,NO,1,277,426,569,520,552,668
GENE-10823,NO,1,0,0,0,0,0,0
GENE-10824,NO,1,73,98,89,97,113,93
GENE-10825,NO,1,0,0,0,0,0,0
GENE-10826,NO,1,55,47,35,28,48,33
GENE-10828,NO,1,0,0,0,0,0,0
GENE-10829,NO,1,0,0,0,0,0,0
GENE-10830,NO,1,0,0,0,0,0,0
GENE-10831,NO,1,0,0,0,0,0,0
GENE-10832,NO,1,0,0,0,0,0,0
GENE-10833,NO,1,0,0,0,0,0,0
GENE-10834,NO,1,17,20,15,35,23,13
GENE-10835,NO,1,0,0,0,0,0,0
GENE-10836,NO,1,0,0,0,0,0,0
GENE-10837,NO,1,0,0,0,0,0,0
GENE-10838,YES,1,1,1,1,0,0,1
GENE-10839,NO,1,0,0,0,0,0,0
GENE-10840,NO,1,3666,5495,1575,3725,2922,2270
GENE-10841,NO,1,0,0,0,0,0,0
GENE-10842,NO,1,0,0,0,0,0,1
GENE-10843,NO,1,0,0,0,0,0,0
GENE-10844,NO,1,0,0,0,0,0,0
GENE-10845,NO,1,0,0,0,0,0,0
GENE-10846,NO,1,132,86,68,66,62,51
GENE-10847,NO,1,0,0,0,0,0,0
GENE-10848,NO,1,0,0,0,0,0,0
GENE-10849,NO,1,0,0,0,0,0,0
GENE-10850,NO,1,0,0,0,0,0,0
GENE-10851,NO,1,0,0,0,0,0,0
GENE-10852,NO,1,0,0,0,0,0,0
GENE-10853,NO,1,0,0,0,0,0,0
GENE-10854,NO,1,0,0,0,0,0,0
GENE-10855,NO,1,0,0,0,0,0,0
GENE-10856,NO,1,1,0,2,0,3,1
GENE-10857,NO,1,0,0,0,0,0,0
GENE-10858,NO,1,0,0,0,0,0,0
GENE-10859,NO,1,0,0,0,0,0,0
GENE-10860,NO,1,0,0,0,0,0,0
GENE-10861,NO,1,0,0,0,0,0,0
GENE-10862,NO,1,0,0,0,0,0,0
GENE-10863,NO,1,0,0,0,0,0,0
GENE-10864,NO,1,0,0,0,0,0,0
GENE-10865,NO,1,11,16,27,26,21,16
GENE-10866,YES,1,0,0,0,0,0,0
GENE-10867,NO,1,0,0,0,0,0,0
GENE-10868,NO,1,0,0,0,0,0,0
GENE-10869,NO,1,0,0,0,0,0,0
GENE-10870,NO,1,7,5,4,8,10,9
GENE-10871,NO,1,0,0,0,0,0,0
GENE-10872,NO,1,0,0,0,0,0,0
GENE-10873,NO,1,0,0,0,0,0,0
GENE-10874,NO,1,3,1,1,3,1,0
GENE-10875,NO,1,0,0,0,0,0,0
GENE-10876,NO,1,138,202,119,146,109,138
GENE-10877,NO,1,0,0,0,0,0,0
GENE-10878,NO,1,0,0,0,0,0,0
GENE-10879,NO,1,0,0,0,0,0,0
GENE-10880,NO,1,0,0,0,0,0,0
GENE-10881,NO,1,0,0,0,0,0,0
GENE-10882,NO,1,2,0,0,0,1,3
GENE-10883,NO,1,73,77,36,79,44,76
GENE-10884,NO,1,0,0,0,0,0,0
GENE-10885,NO,1,0,0,0,0,0,0
GENE-10886,NO,1,0,0,0,0,0,0
GENE-10887,NO,1,136,161,197,187,151,185
GENE-10888,NO,1,449,495,544,464,527,481
GENE-10889,NO,1,0,0,0,0,0,0
GENE-10890,NO,1,0,0,0,0,0,0
GENE-10891,NO,1,0,0,0,0,0,0
GENE-10892,NO,1,0,0,0,0,0,0
GENE-10893,NO,1,112,103,98,86,113,108
GENE-10894,NO,1,1,0,0,0,0,0
GENE-10895,NO,1,0,0,0,0,0,0
GENE-10896,YES,1,0,0,0,0,0,0
GENE-10897,YES,1,0,0,0,0,0,0
GENE-10898,NO,1,0,0,0,0,0,0
GENE-10899,NO,1,2,0,2,1,2,2
GENE-10900,NO,1,0,0,0,0,0,0
GENE-10901,NO,1,24,45,31,24,25,34
GENE-10902,NO,1,0,0,0,0,0,0
GENE-10903,NO,1,0,0,0,0,0,0
GENE-10904,NO,1,0,0,0,0,0,0
GENE-10905,NO,1,541,464,401,512,625,507
GENE-10906,NO,1,0,0,0,0,0,0
GENE-10907,NO,1,0,0,0,0,0,0
GENE-10908,NO,1,0,0,0,0,0,0
GENE-10909,YES,1,3,6,6,7,1,1
GENE-10910,NO,1,0,0,0,0,0,0
GENE-10911,NO,1,0,0,0,0,0,0
GENE-10912,NO,1,0,0,0,0,0,0
GENE-10913,NO,1,9,4,5,2,8,4
GENE-10914,NO,1,0,0,0,0,0,0
GENE-10915,NO,1,0,0,0,0,0,0
GENE-10916,NO,1,0,0,0,0,0,0
GENE-10917,NO,1,0,0,0,0,0,0
GENE-10918,NO,1,0,0,0,0,0,0
GENE-10919,NO,1,65,77,75,84,74,56
GENE-10920,NO,1,63,85,81,66,72,67
GENE-10921,NO,1,406,409,479,583,325,322
GENE-10922,NO,1,0,0,0,0,0,0
GENE-10923,NO,1,0,0,0,0,0,0
GENE-10924,NO,1,0,0,0,0,0,0
GENE-10925,NO,1,0,0,0,0,0,0
GENE-10926,NO,1,1,1,0,0,0,0
GENE-10927,NO,1,817,859,725,1089,1019,1084
GENE-10928,NO,1,0,0,0,0,0,0
GENE-10929,NO,1,0,0,0,0,0,0
GENE-10930,NO,1,3411,4591,3598,2512,4348,3102
GENE-10931,NO,1,0,0,0,0,0,0
GENE-10932,NO,1,0,0,0,0,0,0
GENE-10933,NO,1,5,4,0,7,5,9
GENE-10934,NO,1,372,364,408,337,351,377
GENE-10935,NO,1,0,0,0,0,0,0
GENE-10936,NO,1,0,0,0,0,0,0
GENE-10937,NO,1,0,0,0,0,0,0
GENE-10938,NO,1,32,36,21,25,26,15
GENE-10939,NO,1,0,0,0,0,0,0
GENE-10940,NO,1,1493,1744,1398,1856,1722,1620
GENE-10941,NO,1,0,0,0,0,0,0
GENE-10942,NO,1,0,0,0,0,0,0
GENE-10943,NO,1,0,0,0,0,0,0
GENE-10944,NO,1,51,45,62,68,68,52
GENE-10945,NO,1,0,0,0,0,0,0
GENE-10946,NO,1,0,0,0,0,0,0
GENE-10947,NO,1,5,0,2,1,0,2
GENE-10948,NO,1,0,0,0,0,0,0
GENE-10949,NO,1,0,0,0,0,0,0
GENE-10951,NO,1,0,0,0,0,0,0
GENE-10952,NO,1,0,0,0,0,0,0
GENE-10953,NO,1,0,0,0,0,0,0
GENE-10954,NO,1,1874,1883,2121,2052,1632,2084
GENE-10955,NO,1,0,0,0,0,0,0
GENE-10956,NO,1,0,0,0,0,0,0
GENE-10957,NO,1,27,25,13,12,8,16
GENE-10958,NO,1,317,333,380,349,385,312
GENE-10959,NO,1,312,382,329,401,256,507
GENE-10960,NO,1,0,2,2,0,0,1
GENE-10961,YES,1,0,0,0,0,0,0
GENE-10962,NO,1,0,0,0,0,0,0
GENE-10963,NO,1,1,7,7,6,8,8
GENE-10964,NO,1,224,320,330,150,256,239
GENE-10965,NO,1,0,0,0,0,0,0
GENE-10966,NO,1,14,8,22,16,16,26
GENE-10967,NO,1,0,0,0,0,0,0
GENE-10968,NO,1,21,24,13,22,20,21
GENE-10969,NO,1,3361,2974,4059,2170,3240,3043
GENE-10970,NO,1,0,0,0,0,0,0
GENE-10971,NO,1,0,0,0,0,0,0
GENE-10972,NO,1,0,0,0,0,0,0
GENE-10973,NO,1,0,0,3,2,2,0
GENE-10974,YES,1,0,0,0,0,0,0
GENE-10975,NO,1,0,0,0,0,0,0
GENE-10976,NO,1,0,0,0,0,0,0
GENE-10977,NO,1,1266,1273,1004,1052,1217,1116
GENE-10978,NO,1,0,0,0,0,0,0
GENE-10979,NO,1,0,0,0,0,0,0
GENE-10980,NO,1,0,0,0,0,0,0
GENE-10981,NO,1,0,0,0,0,0,0
GENE-10982,NO,1,0,0,0,0,0,0
GENE-10983,NO,1,0,0,0,0,0,0
GENE-10984,NO,1,3,2,1,4,1,4
GENE-10985,NO,1,623,659,735,577,935,583
GENE-10986,NO,1,0,0,0,0,0,0
GENE-10987,NO,1,232,232,203,257,211,284
GENE-10988,NO,1,0,0,0,0,0,0
GENE-10989,NO,1,0,0,0,0,0,0
GENE-10990,NO,1,0,0,0,0,0,0
GENE-10991,NO,1,15,9,7,3,11,15
GENE-10992,NO,1,39,58,58,61,42,47
GENE-10993,NO,1,0,0,0,0,0,0
GENE-10994,NO,1,0,0,0,0,0,0
GENE-10995,NO,1,0,0,0,0,0,0
GENE-10996,NO,1,0,0,0,0,0,0
GENE-10997,NO,1,104,116,105,90,83,108
GENE-10998,NO,1,189,265,298,267,272,211
GENE-10999,NO,1,0,0,0,0,0,0
GENE-11000,NO,1,0,0,0,0,0,0
GENE-11001,NO,1,0,0,0,0,0,0
GENE-11002,NO,1,0,0,0,0,0,0
GENE-11003,NO,1,7,5,3,8,4,2
GENE-11004,NO,1,2,2,1,3,3,0
GENE-11005,NO,1,74,54,92,71,79,59
GENE-11006,NO,1,0,0,0,0,0,0
GENE-11007,NO,1,0,0,0,0,0,0
GENE-11008,NO,1,0,0,0,0,0,0
GENE-11009,NO,1,1,0,0,2,0,2
GENE-11010,NO,1,0,0,0,0,0,0
GENE-11011,NO,1,0,0,0,0,0,0
GENE-11012,NO,1,0,0,0,0,0,0
GENE-11013,NO,1,0,0,0,0,0,0
GENE-11014,NO,1,0,0,0,0,0,0
GENE-11015,NO,1,2,5,4,2,4,5
GENE-11016,NO,1,0,0,0,0,0,0
GENE-11017,NO,1,85,75,96,88,57,62
GENE-11018,NO,1,0,0,0,0,0,0
GENE-11019,NO,1,0,0,0,0,0,0
GENE-11020,NO,1,0,0,0,0,0,0
GENE-11021,NO,1,37,26,30,35,16,43
GENE-11022,NO,1,0,0,0,0,0,0
GENE-11023,NO,1,650,719,609,695,719,652
GENE-11024,NO,1,228,217,224,178,270,249
GENE-11025,NO,1,27,8,20,8,13,20
GENE-11026,NO,1,1310,1161,994,1573,1628,1960
GENE-11027,NO,1,0,0,0,0,0,0
GENE-11028,NO,1,0,0,0,0,0,0
GENE-11029,NO,1,0,0,0,0,0,0
GENE-11030,NO,1,0,0,0,0,0,0
GENE-11031,NO,1,0,0,0,0,0,0
GENE-11032,YES,1,0,0,0,0,0,0
GENE-11033,NO,1,0,0,0,0,0,0
GENE-11034,NO,1,0,0,0,0,0,0
GENE-11035,NO,1,0,0,0,0,0,0
GENE-11036,NO,1,2,1,2,0,2,1
GENE-11037,NO,1,0,0,0,0,0,0
GENE-11038,YES,1,0,0,0,0,0,0
GENE-11039,NO,1,954,1244,896,1070,942,1048
GENE-11040,NO,1,0,0,0,0,0,0
GENE-11041,NO,1,0,0,0,0,0,0
GENE-11042,NO,1,186,168,169,159,145,156
GENE-11043,NO,1,54,55,45,63,54,48
GENE-11044,NO,1,0,0,0,0,0,0
GENE-11045,NO,1,0,0,0,0,0,0
GENE-11046,NO,1,0,0,0,0,0,0
GENE-11047,NO,1,0,0,0,0,0,0
GENE-11048,NO,1,0,0,0,0,0,0
GENE-11049,NO,1,0,0,0,0,0,0
GENE-11050,YES,1,0,0,0,0,0,0
GENE-11051,NO,1,0,0,0,0,0,0
GENE-11052,NO,1,0,0,0,0,0,0
GENE-11053,YES,1,0,0,0,0,0,0
GENE-11054,NO,1,8,11,9,14,3,9
GENE-11055,NO,1,0,0,0,0,0,0
GENE-11056,NO,1,2138,2000,2008,1745,1977,1932
GENE-11057,NO,1,0,1,0,0,0,0
GENE-11058,NO,1,0,0,0,0,0,0
GENE-11059,NO,1,15,2,20,11,16,23
GENE-11060,NO,1,0,0,0,0,0,0
GENE-11061,NO,1,0,0,0,0,0,0
GENE-11062,NO,1,7,4,3,6,2,6
GENE-11063,NO,1,0,0,0,0,0,0
GENE-11064,NO,1,0,0,0,0,0,0
GENE-11065,NO,1,0,0,0,0,0,0
GENE-11066,NO,1,0,0,0,0,0,0
GENE-11067,NO,1,457,1002,74,309,235,786
GENE-11068,NO,1,0,0,0,0,0,0
GENE-11069,NO,1,0,0,0,1,0,0
GENE-11070,NO,1,0,0,0,0,0,0
GENE-11071,NO,1,0,0,0,0,0,0
GENE-11072,NO,1,1139,946,1054,1169,994,1182
GENE-11073,NO,1,2,1,2,1,2,1
GENE-11074,NO,1,0,0,0,0,0,0
GENE-11075,NO,1,131,173,135,135,138,143
GENE-11076,NO,1,0,0,0,0,0,0
GENE-11077,NO,1,0,0,0,0,0,0
GENE-11078,NO,1,0,0,0,0,0,0
GENE-11079,NO,1,464,473,379,471,584,503
GENE-11080,NO,1,62,61,37,65,48,50
GENE-11081,NO,1,873,744,726,632,545,778
GENE-11082,NO,1,0,0,0,0,0,0
GENE-11083,NO,1,7,10,15,11,5,10
GENE-11084,NO,1,0,0,0,0,0,0
GENE-11085,NO,1,0,0,0,0,0,0
GENE-11086,YES,1,0,0,0,0,0,0
GENE-11087,NO,1,0,0,0,0,0,0
GENE-11088,NO,1,0,0,0,0,0,0
GENE-11089,NO,1,99,54,40,80,68,114
GENE-11090,NO,1,1,6,5,0,0,8
GENE-11091,NO,1,0,0,0,0,0,0
GENE-11092,NO,1,0,0,0,0,0,0
GENE-11093,NO,1,0,0,0,0,0,0
GENE-11094,NO,1,0,0,0,0,0,0
GENE-11095,NO,1,0,0,0,0,2,2
GENE-11096,NO,1,0,0,0,0,0,0
GENE-11097,NO,1,0,0,0,0,0,0
GENE-11098,NO,1,0,0,0,0,0,0
GENE-11099,NO,1,3589,3952,3740,3501,4227,3637
GENE-11100,NO,1,2,1,0,2,2,1
GENE-11101,NO,1,33,29,23,21,28,35
GENE-11102,NO,1,0,0,0,0,0,0
GENE-11103,NO,1,0,0,0,0,0,0
GENE-11104,YES,1,0,0,0,0,0,0
GENE-11105,NO,1,0,0,0,0,0,0
GENE-11106,NO,1,0,0,0,0,0,0
GENE-11107,NO,1,0,0,0,0,0,0
GENE-11108,NO,1,1,1,0,3,0,1
GENE-11109,NO,1,197,197,235,181,172,213
GENE-11110,NO,1,15,9,8,7,10,12
GENE-11111,NO,1,0,0,0,0,0,0
GENE-11112,NO,1,0,0,0,0,0,0
GENE-11113,NO,1,0,0,0,0,0,0
GENE-11114,NO,1,660,527,518,618,752,771
GENE-11115,NO,1,0,0,0,0,0,0
GENE-11116,NO,1,929,554,524,909,904,741
GENE-11117,NO,1,0,0,0,0,0,0
GENE-11118,NO,1,0,0,0,0,0,0
GENE-11119,NO,1,0,0,0,0,0,0
GENE-11120,NO,1,0,0,0,0,0,0
GENE-11121,YES,1,0,0,0,0,0,0
GENE-11122,NO,1,0,0,0,0,0,0
GENE-11124,NO,1,7,8,4,3,2,0
GENE-11125,NO,1,0,0,0,0,0,0
GENE-11126,NO,1,0,0,0,0,0,0
GENE-11127,NO,1,1,3,2,3,0,1
GENE-11128,NO,1,715,721,835,788,661,648
GENE-11129,NO,1,1,0,1,0,1,1
GENE-11130,NO,1,0,0,0,0,0,0
GENE-11131,NO,1,0,0,0,0,0,0
GENE-11132,NO,1,0,0,0,0,0,0
GENE-11133,NO,1,0,0,0,0,0,0
GENE-11134,NO,1,0,0,0,0,0,0
GENE-11135,NO,1,0,0,0,0,0,0
GENE-11136,NO,1,0,0,0,0,0,0
GENE-11137,NO,1,0,0,0,0,0,0
GENE-11138,NO,1,0,0,0,0,0,0
GENE-11139,NO,1,0,0,0,0,0,0
GENE-11140,NO,1,0,0,0,0,0,0
GENE-11141,NO,1,0,0,0,0,0,0
GENE-11142,NO,1,0,0,0,0,0,0
GENE-11143,NO,1,82,250,185,176,150,190
GENE-11144,YES,1,0,0,0,0,0,0
GENE-11145,YES,1,0,0,0,0,0,0
GENE-11146,NO,1,0,0,0,0,0,0
GENE-11147,NO,1,0,0,0,0,0,0
GENE-11148,NO,1,0,0,0,0,0,0
GENE-11149,YES,1,0,0,0,0,0,0
GENE-11150,NO,1,1,0,0,0,0,0
GENE-11151,NO,1,0,0,0,0,0,0
GENE-11152,NO,1,3,8,4,2,5,4
GENE-11153,NO,1,0,0,0,0,0,0
GENE-11154,NO,1,63,80,56,65,34,55
GENE-11155,NO,1,0,0,0,0,0,0
GENE-11156,NO,1,40,29,46,36,25,35
GENE-11157,NO,1,0,0,0,0,0,0
GENE-11158,NO,1,0,0,0,0,0,0
GENE-11159,NO,1,0,0,0,0,0,0
GENE-11160,NO,1,1,1,5,3,2,2
GENE-11161,NO,1,22,16,17,24,21,20
GENE-11162,NO,1,5,1,1,1,3,4
GENE-11163,NO,1,0,0,0,0,0,0
GENE-11164,YES,1,2,0,0,14,12,15
GENE-11165,NO,1,0,0,0,0,0,0
GENE-11166,NO,1,0,0,0,0,0,0
GENE-11167,NO,1,0,0,0,0,0,0
GENE-11169,NO,1,672,645,711,655,720,691
GENE-11170,NO,1,0,0,0,0,0,0
GENE-11171,NO,1,0,0,0,0,0,0
GENE-11172,NO,1,0,0,0,0,0,0
GENE-11173,NO,1,166,206,184,140,202,138
GENE-11174,NO,1,0,0,0,0,0,0
GENE-11175,NO,1,0,0,0,0,0,0
GENE-11176,NO,1,0,0,0,0,0,0
GENE-11177,YES,1,0,0,0,0,0,0
GENE-11178,YES,1,0,0,0,0,0,0
GENE-11179,NO,1,0,0,0,0,0,0
GENE-11180,NO,1,0,0,0,0,0,0
GENE-11181,NO,1,0,0,0,0,0,0
GENE-11182,NO,1,0,0,0,0,0,0
GENE-11183,NO,1,895,794,946,736,823,835
GENE-11184,NO,1,45,48,54,66,60,66
GENE-11185,NO,1,0,0,0,0,0,0
GENE-11186,NO,1,114,110,119,120,214,129
GENE-11187,NO,1,100,116,91,103,93,91
GENE-11188,NO,1,0,0,0,0,0,0
GENE-11189,NO,1,0,0,0,0,0,0
GENE-11190,NO,1,0,0,0,0,0,0
GENE-11191,NO,1,0,0,0,0,0,0
GENE-11192,NO,1,0,0,0,0,0,0
GENE-11193,NO,1,0,0,0,0,0,0
GENE-11194,NO,1,2,2,1,1,0,0
GENE-11195,NO,1,0,0,0,0,0,0
GENE-11196,NO,1,4,1,7,2,5,2
GENE-11197,NO,1,0,0,0,0,0,0
GENE-11198,NO,1,0,0,0,0,0,0
GENE-11199,NO,1,17,14,29,24,19,24
GENE-11200,NO,1,5,5,1,5,4,2
GENE-11201,NO,1,0,0,0,0,0,0
GENE-11202,NO,1,0,0,0,0,0,0
GENE-11203,NO,1,0,0,0,0,0,0
GENE-11204,NO,1,0,0,0,0,0,0
GENE-11205,NO,1,0,0,0,0,0,0
GENE-11207,NO,1,0,0,0,0,0,0
GENE-11208,NO,1,0,0,0,0,0,0
GENE-11209,NO,1,0,0,0,0,0,0
GENE-11210,NO,1,395,349,552,301,496,472
GENE-11211,NO,1,0,0,0,0,0,0
GENE-11212,NO,1,0,2,0,4,1,1
GENE-11213,NO,1,0,0,0,0,0,0
GENE-11214,NO,1,1,1,1,1,4,4
GENE-11215,NO,1,0,0,0,0,0,0
GENE-11216,NO,1,142,93,83,117,141,114
GENE-11217,NO,1,0,0,0,0,0,0
GENE-11218,NO,1,0,0,0,0,0,0
GENE-11219,NO,1,0,0,0,0,0,0
GENE-11220,NO,1,3,0,1,0,3,2
GENE-11221,NO,1,0,0,0,0,0,0
GENE-11222,NO,1,0,0,0,0,0,0
GENE-11223,NO,1,530,802,808,729,671,644
GENE-11224,NO,1,560,467,285,234,189,339
GENE-11225,NO,1,1,0,0,1,1,0
GENE-11226,NO,1,0,0,0,0,0,0
GENE-11227,NO,1,0,0,0,0,0,0
GENE-11228,NO,1,0,0,0,0,0,0
GENE-11229,NO,1,1389,1464,1604,1076,1561,1506
GENE-11230,NO,1,0,0,0,0,0,0
GENE-11231,NO,1,0,0,0,0,0,0
GENE-11232,NO,1,0,0,0,0,0,0
GENE-11233,NO,1,0,0,0,0,0,0
GENE-11234,NO,1,0,0,0,0,0,0
GENE-11235,NO,1,78,67,66,82,85,80
GENE-11236,NO,1,0,0,0,0,0,0
GENE-11237,NO,1,0,0,0,0,0,0
GENE-11238,NO,1,0,0,0,0,0,0
GENE-11239,NO,1,2,5,7,5,4,7
GENE-11240,NO,1,0,0,0,0,0,0
GENE-11241,NO,1,0,0,0,0,0,0
GENE-11242,NO,1,136,133,142,114,151,125
GENE-11243,NO,1,43,20,38,34,49,35
GENE-11244,NO,1,0,0,0,0,0,0
GENE-11245,NO,1,0,0,0,0,0,0
GENE-11246,NO,1,0,0,0,0,0,0
GENE-11247,NO,1,0,0,0,0,0,0
GENE-11248,NO,1,0,0,0,0,0,0
GENE-11249,NO,1,0,0,0,0,0,0
GENE-11250,NO,1,0,0,1,0,0,0
GENE-11251,NO,1,0,0,0,0,0,0
GENE-11252,NO,1,0,0,0,0,0,0
GENE-11253,NO,1,4,5,3,5,2,8
GENE-11254,NO,1,0,0,0,0,0,0
GENE-11255,NO,1,0,0,0,0,0,0
GENE-11256,NO,1,0,1,0,0,0,0
GENE-11257,NO,1,0,0,0,0,0,0
GENE-11258,NO,1,0,0,0,0,0,0
GENE-11259,NO,1,0,0,0,0,0,0
GENE-11260,NO,1,3708,4413,4653,3982,3993,4382
GENE-11261,NO,1,0,0,0,0,0,0
GENE-11262,NO,1,0,0,0,0,0,0
GENE-11263,NO,1,0,0,0,0,0,0
GENE-11264,NO,1,0,0,0,0,0,0
GENE-11265,NO,1,152,153,162,181,172,121
GENE-11266,NO,1,0,0,0,0,0,0
GENE-11267,NO,1,0,0,0,0,0,0
GENE-11268,NO,1,0,0,0,0,0,0
GENE-11269,NO,1,0,0,0,0,0,0
GENE-11270,NO,1,0,0,0,0,0,0
GENE-11271,NO,1,0,0,1,0,0,0
GENE-11272,NO,1,47,111,46,59,83,46
GENE-11273,NO,1,0,0,0,0,0,0
GENE-11274,NO,1,0,0,0,0,0,0
GENE-11275,NO,1,98,74,113,63,133,102
GENE-11276,NO,1,0,0,0,0,0,0
GENE-11277,NO,1,0,0,0,0,0,0
GENE-11278,YES,1,0,0,0,0,0,0
GENE-11279,NO,1,72,62,49,80,85,96
GENE-11280,NO,1,0,0,0,0,0,0
GENE-11281,NO,1,0,0,0,0,0,0
GENE-11282,NO,1,0,0,0,0,0,0
GENE-11283,NO,1,0,0,0,0,0,0
GENE-11284,NO,1,0,0,0,0,0,0
GENE-11285,NO,1,0,0,0,0,0,0
GENE-11286,NO,1,0,0,0,0,0,0
GENE-11287,NO,1,200,220,158,243,204,224
GENE-11288,NO,1,0,0,0,0,0,0
GENE-11289,NO,1,1,3,0,2,1,1
GENE-11290,NO,1,0,0,0,0,0,0
GENE-11291,NO,1,67,72,54,78,79,74
GENE-11292,NO,1,0,0,0,0,0,0
GENE-11293,NO,1,0,0,0,0,0,0
GENE-11294,NO,1,0,0,0,0,0,0
GENE-11295,YES,1,0,0,0,0,0,0
GENE-11296,NO,1,0,0,0,0,0,0
GENE-11297,NO,1,0,0,0,0,0,0
GENE-11298,NO,1,70,57,69,49,52,58
GENE-11299,NO,1,0,0,0,0,0,0
GENE-11300,NO,1,0,4,5,4,2,2
GENE-11301,NO,1,441,522,509,466,492,573
GENE-11302,NO,1,0,0,0,0,0,0
GENE-11303,YES,1,0,0,0,0,0,0
GENE-11304,NO,1,673,575,445,1298,525,218
GENE-11305,NO,1,3,4,0,4,5,1
GENE-11306,NO,1,0,0,0,0,0,0
GENE-11307,NO,1,0,0,0,0,0,0
GENE-11308,NO,1,0,0,0,0,0,0
GENE-11309,NO,1,0,0,0,0,0,0
GENE-11310,NO,1,0,0,0,0,0,0
GENE-11311,NO,1,0,0,0,0,0,0
GENE-11312,NO,1,0,0,0,0,0,0
GENE-11313,NO,1,116,144,122,134,184,132
GENE-11314,NO,1,293,348,234,304,254,302
GENE-11315,NO,1,0,0,0,0,0,0
GENE-11316,NO,1,0,0,0,0,0,0
GENE-11317,NO,1,0,0,0,0,0,0
GENE-11318,NO,1,0,0,0,0,0,0
GENE-11319,NO,1,0,0,0,0,0,0
GENE-11320,NO,1,0,0,1,0,0,0
GENE-11321,NO,1,16,13,13,15,13,15
GENE-11322,NO,1,300,315,246,296,295,298
GENE-11323,NO,1,0,0,0,0,0,0
GENE-11324,NO,1,0,0,0,0,0,0
GENE-11325,NO,1,0,0,0,0,0,0
GENE-11326,NO,1,0,0,0,0,0,0
GENE-11327,NO,1,0,0,0,0,0,0
GENE-11328,NO,1,1,0,8,3,3,4
GENE-11329,NO,1,0,0,0,1,1,0
GENE-11330,YES,1,0,0,0,0,0,0
GENE-11331,NO,1,0,0,0,1,2,0
GENE-11332,NO,1,0,0,0,0,0,0
GENE-11333,NO,1,3,11,2,5,2,5
GENE-11334,NO,1,58,57,68,90,65,69
GENE-11335,NO,1,0,1,1,0,0,1
GENE-11336,NO,1,0,0,0,0,0,0
GENE-11337,NO,1,0,0,0,0,0,0
GENE-11338,NO,1,0,0,0,0,0,0
GENE-11339,NO,1,0,0,0,0,0,0
GENE-11340,NO,1,24887,10275,18010,21149,20936,20991
GENE-11341,NO,1,1516,1590,1211,1607,1401,1181
GENE-11342,NO,1,0,0,0,0,0,0
GENE-11343,NO,1,0,0,0,0,0,0
GENE-11344,NO,1,0,0,0,0,0,0
GENE-11345,NO,1,0,0,0,0,0,0
GENE-11346,NO,1,0,0,0,0,0,0
GENE-11347,NO,1,0,0,0,0,0,0
GENE-11348,NO,1,0,0,0,0,0,0
GENE-11349,NO,1,0,0,0,0,0,0
GENE-11350,NO,1,122,137,151,114,137,136
GENE-11351,NO,1,697,658,706,663,493,640
GENE-11352,NO,1,327,239,238,270,314,240
GENE-11353,NO,1,0,0,0,0,0,0
GENE-11354,NO,1,0,0,0,0,0,0
GENE-11355,NO,1,0,0,0,0,0,0
GENE-11356,NO,1,0,0,0,0,0,0
GENE-11357,YES,1,0,0,0,0,0,0
GENE-11358,NO,1,1,1,3,4,0,1
GENE-11359,NO,1,0,0,0,0,0,0
GENE-11360,NO,1,45,60,54,50,51,59
GENE-11361,NO,1,0,0,0,0,0,0
GENE-11362,NO,1,0,0,0,0,0,0
GENE-11363,NO,1,0,0,0,0,0,0
GENE-11365,NO,1,0,0,0,0,0,0
GENE-11366,NO,1,0,0,0,0,0,0
GENE-11367,NO,1,54,157,179,139,131,103
GENE-11368,NO,1,0,0,0,0,0,0
GENE-11369,NO,1,0,5,6,2,2,5
GENE-11370,NO,1,0,0,0,0,0,0
GENE-11371,NO,1,3,3,1,1,1,0
GENE-11372,NO,1,0,0,0,0,0,0
GENE-11373,NO,1,280,392,310,278,249,277
GENE-11374,NO,1,0,0,0,0,0,0
GENE-11375,NO,1,4,10,23,33,1,0
GENE-11376,NO,1,5,1,1,4,2,3
GENE-11377,NO,1,0,0,0,0,0,0
GENE-11378,NO,1,5253,4115,4873,5864,5125,4964
GENE-11379,NO,1,0,0,0,0,0,0
GENE-11380,NO,1,0,0,0,0,0,0
GENE-11381,NO,1,0,0,0,0,0,0
GENE-11382,NO,1,0,0,0,0,0,0
GENE-11383,NO,1,4,1,4,2,0,3
GENE-11384,NO,1,0,0,0,0,0,0
GENE-11385,NO,1,123,104,77,130,96,123
GENE-11386,YES,1,0,2,0,0,0,0
GENE-11387,NO,1,0,0,0,0,0,0
GENE-11388,NO,1,0,0,0,0,0,0
GENE-11389,NO,1,6,7,5,5,4,6
GENE-11390,NO,1,0,0,0,0,0,0
GENE-11391,NO,1,0,0,0,0,0,0
GENE-11392,NO,1,0,0,0,0,0,0
GENE-11393,NO,1,0,0,0,0,0,0
GENE-11395,NO,1,656,754,330,951,917,886
GENE-11396,NO,1,0,0,0,0,0,0
GENE-11397,NO,1,7,6,6,5,12,11
GENE-11398,NO,1,0,0,0,0,0,0
GENE-11399,NO,1,0,0,1,0,1,1
GENE-11400,NO,1,0,0,0,0,0,0
GENE-11401,NO,1,0,0,0,0,0,0
GENE-11402,NO,1,0,0,0,0,0,0
GENE-11403,NO,1,0,0,0,0,0,0
GENE-11404,NO,1,124,113,160,130,84,162
GENE-11405,NO,1,0,0,0,0,0,0
GENE-11406,NO,1,0,0,0,0,0,0
GENE-11407,NO,1,0,0,0,0,0,0
GENE-11408,NO,1,70,41,86,85,80,41
GENE-11409,NO,1,0,0,0,0,0,0
GENE-11410,NO,1,724,583,704,644,728,646
GENE-11411,NO,1,0,0,0,0,0,0
GENE-11412,NO,1,566,464,583,172,513,335
GENE-11413,NO,1,0,1,1,0,0,3
GENE-11414,NO,1,1,0,0,0,1,0
GENE-11415,NO,1,12,1,13,3,2,6
GENE-11416,NO,1,3,3,2,3,7,2
GENE-11417,NO,1,0,0,0,0,0,0
GENE-11418,NO,1,0,0,0,0,0,0
GENE-11419,NO,1,720,826,734,622,772,592
GENE-11420,NO,1,0,0,0,0,0,0
GENE-11421,NO,1,386,360,451,474,425,386
GENE-11422,NO,1,270,327,287,305,253,264
GENE-11423,NO,1,70,66,79,84,52,68
GENE-11424,NO,1,1,0,0,1,0,0
GENE-11425,NO,1,0,0,0,0,0,0
GENE-11426,NO,1,0,0,0,0,0,0
GENE-11427,NO,1,0,0,0,0,0,0
GENE-11428,NO,1,0,0,0,0,0,0
GENE-11429,NO,1,0,0,0,0,0,0
GENE-11430,NO,1,0,0,0,0,0,0
GENE-11431,NO,1,0,0,0,0,0,0
GENE-11432,NO,1,0,0,0,0,0,0
GENE-11433,NO,1,0,1,2,2,2,2
GENE-11434,NO,1,1,0,0,0,0,1
GENE-11435,NO,1,0,0,0,0,0,0
GENE-11436,NO,1,127,138,106,80,95,96
GENE-11437,NO,1,0,0,0,0,0,0
GENE-11438,NO,1,0,0,0,0,0,0
GENE-11439,NO,1,0,0,0,0,0,0
GENE-11440,NO,1,45,33,49,36,45,39
GENE-11441,NO,1,0,0,0,0,0,0
GENE-11442,NO,1,0,0,0,0,0,0
GENE-11443,NO,1,0,0,0,0,0,0
GENE-11444,NO,1,0,0,0,0,0,0
GENE-11445,NO,1,0,0,0,0,0,0
GENE-11446,NO,1,0,0,0,0,0,0
GENE-11447,NO,1,2,29,15,119,5,42
GENE-11448,NO,1,0,0,0,0,0,0
GENE-11449,NO,1,0,0,0,0,0,0
GENE-11450,NO,1,7,6,11,7,17,7
GENE-11451,NO,1,0,0,0,0,0,0
GENE-11452,NO,1,960,993,865,809,858,889
GENE-11453,NO,1,8,12,6,11,10,8
GENE-11454,NO,1,0,0,0,0,0,0
GENE-11455,NO,1,0,0,0,0,0,0
GENE-11456,NO,1,0,0,0,0,0,0
GENE-11457,NO,1,276,264,224,199,219,171
GENE-11458,NO,1,596,580,601,738,609,546
GENE-11459,NO,1,0,0,0,0,0,0
GENE-11460,NO,1,0,0,0,0,0,0
GENE-11461,NO,1,149,116,60,76,304,110
GENE-11462,NO,1,0,0,0,0,0,0
GENE-11463,NO,1,0,0,0,0,0,0
GENE-11464,NO,1,0,0,0,0,0,0
GENE-11465,NO,1,0,0,0,0,0,0
GENE-11466,NO,1,123,149,107,135,114,128
GENE-11467,NO,1,5,4,5,3,0,2
GENE-11468,NO,1,0,0,0,0,0,0
GENE-11469,NO,1,0,0,0,0,0,0
GENE-11470,NO,1,0,0,0,0,0,0
GENE-11471,NO,1,0,0,0,0,0,0
GENE-11472,NO,1,4,2,3,5,3,5
GENE-11473,NO,1,0,0,0,0,0,0
GENE-11474,NO,1,0,0,0,0,0,0
GENE-11475,NO,1,2,1,0,4,1,2
GENE-11476,NO,1,0,0,0,0,0,0
GENE-11477,NO,1,0,0,0,0,0,0
GENE-11478,NO,1,0,0,0,1,0,1
GENE-11479,NO,1,0,0,0,0,0,0
GENE-11480,NO,1,0,0,0,0,0,0
GENE-11481,NO,1,0,2,2,4,5,6
GENE-11482,NO,1,0,0,0,0,0,0
GENE-11483,NO,1,0,0,0,0,0,0
GENE-11484,NO,1,0,0,0,0,0,0
GENE-11485,NO,1,0,0,0,0,0,0
GENE-11486,NO,1,0,0,0,0,0,0
GENE-11487,NO,1,1,0,2,1,0,1
GENE-11488,NO,1,0,0,0,0,0,0
GENE-11489,NO,1,63,54,52,39,59,63
GENE-11490,NO,1,0,0,0,0,0,0
GENE-11491,NO,1,0,0,0,0,0,0
GENE-11492,NO,1,0,0,0,0,0,0
GENE-11493,NO,1,0,0,0,0,0,0
GENE-11494,NO,1,0,0,0,0,0,0
GENE-11495,NO,1,712,602,1338,593,558,928
GENE-11496,NO,1,0,0,0,0,0,0
GENE-11497,NO,1,65,71,78,78,91,101
GENE-11498,NO,1,0,0,0,0,0,0
GENE-11499,NO,1,14,7,12,11,12,6
GENE-11500,NO,1,59,50,55,52,45,54
GENE-11501,NO,1,0,0,0,0,0,0
GENE-11502,NO,1,0,0,0,0,0,0
GENE-11503,NO,1,0,0,0,0,0,0
GENE-11504,NO,1,0,0,0,0,0,1
GENE-11505,NO,1,113,176,108,121,96,158
GENE-11506,NO,1,0,0,0,0,0,0
GENE-11507,NO,1,0,0,0,0,0,0
GENE-11508,NO,1,165,190,145,141,150,142
GENE-11509,NO,1,436,313,235,500,363,194
GENE-11510,NO,1,11,8,6,3,7,1
GENE-11511,NO,1,4,4,8,5,8,8
GENE-11512,NO,1,0,0,0,0,0,0
GENE-11513,NO,1,0,0,0,0,0,0
GENE-11514,NO,1,0,0,0,0,0,1
GENE-11515,NO,1,792,904,1096,660,928,1032
GENE-11516,NO,1,0,0,0,0,0,0
GENE-11517,NO,1,0,0,0,0,0,0
GENE-11518,NO,1,2,3,3,3,4,4
GENE-11519,NO,1,0,0,0,1,0,1
GENE-11520,NO,1,0,0,0,0,0,0
GENE-11521,NO,1,0,0,0,0,0,0
GENE-11522,NO,1,0,0,0,0,0,0
GENE-11523,NO,1,0,0,0,0,0,0
GENE-11524,NO,1,261,0,1469,260,228,14
GENE-11525,NO,1,2778,3328,3722,2563,3504,2065
GENE-11526,NO,1,82,62,56,93,66,90
GENE-11527,NO,1,0,0,0,0,0,0
GENE-11528,NO,1,0,0,0,0,0,0
GENE-11529,NO,1,0,0,0,0,0,0
GENE-11530,NO,1,0,0,0,0,0,0
GENE-11531,NO,1,0,0,0,0,0,0
GENE-11532,NO,1,0,0,0,0,0,0
GENE-11533,NO,1,0,0,0,0,0,0
GENE-11534,NO,1,0,0,0,0,0,0
GENE-11535,NO,1,0,0,0,0,0,0
GENE-11536,NO,1,0,0,0,0,0,0
GENE-11537,NO,1,0,0,0,0,0,0
GENE-11538,NO,1,53,59,87,80,81,57
GENE-11539,NO,1,0,0,0,0,0,0
GENE-11540,NO,1,0,0,0,0,0,0
GENE-11541,NO,1,0,0,0,0,0,0
GENE-11542,NO,1,0,0,2,0,0,0
GENE-11543,NO,1,0,0,0,0,0,0
GENE-11544,NO,1,0,0,0,0,0,0
GENE-11545,NO,1,0,0,0,0,0,0
GENE-11546,NO,1,0,0,0,0,0,0
GENE-11547,NO,1,0,0,0,0,0,0
GENE-11548,NO,1,0,0,0,0,0,0
GENE-11549,YES,1,0,0,0,0,0,0
GENE-11551,NO,1,0,0,0,0,0,0
GENE-11552,NO,1,0,0,0,0,0,0
GENE-11553,NO,1,0,3,0,1,1,0
GENE-11554,NO,1,0,0,0,0,0,0
GENE-11555,NO,1,0,0,0,0,0,0
GENE-11556,NO,1,71,100,41,85,78,99
GENE-11557,NO,1,0,0,0,0,0,0
GENE-11558,NO,1,0,2,0,1,1,1
GENE-11559,NO,1,0,0,0,0,0,0
GENE-11560,NO,1,0,0,0,0,0,0
GENE-11561,NO,1,0,0,0,0,0,0
GENE-11562,NO,1,0,0,0,0,0,0
GENE-11563,NO,1,0,0,0,0,0,0
GENE-11564,NO,1,0,0,0,0,0,0
GENE-11565,NO,1,0,0,0,0,0,0
GENE-11566,NO,1,0,0,0,0,0,0
GENE-11567,NO,1,0,0,0,0,0,0
GENE-11568,NO,1,0,0,0,0,0,0
GENE-11569,NO,1,0,0,0,0,0,0
GENE-11570,NO,1,0,0,0,0,0,0
GENE-11571,NO,1,314,413,363,350,365,233
GENE-11572,NO,1,0,0,0,0,0,0
GENE-11573,NO,1,19,36,27,22,33,29
GENE-11574,NO,1,0,0,0,0,0,0
GENE-11575,NO,1,0,0,0,0,0,0
GENE-11576,NO,1,0,0,0,0,0,0
GENE-11577,NO,1,14,16,26,18,8,24
GENE-11578,NO,1,0,0,0,0,0,0
GENE-11579,NO,1,0,0,0,0,0,0
GENE-11580,NO,1,0,0,0,0,0,0
GENE-11581,NO,1,212,207,206,193,297,237
GENE-11582,YES,1,0,0,0,0,0,0
GENE-11583,NO,1,0,0,0,0,0,0
GENE-11584,NO,1,2167,2427,2672,2308,2565,2249
GENE-11585,NO,1,1,0,1,2,1,1
GENE-11586,NO,1,0,0,0,0,0,0
GENE-11587,NO,1,0,0,0,0,0,0
GENE-11588,NO,1,0,0,0,0,0,0
GENE-11589,NO,1,0,0,0,0,0,0
GENE-11590,YES,1,0,1,0,1,2,0
GENE-11591,NO,1,0,0,0,0,0,0
GENE-11592,NO,1,0,0,0,0,0,0
GENE-11593,NO,1,0,0,0,0,0,0
GENE-11594,NO,1,6,3,7,6,6,7
GENE-11595,NO,1,0,0,0,0,0,0
GENE-11596,NO,1,0,0,0,0,0,0
GENE-11597,NO,1,0,0,0,0,0,0
GENE-11598,NO,1,0,0,0,0,0,0
GENE-11599,NO,1,0,0,0,0,0,0
GENE-11600,NO,1,0,1,0,0,0,0
GENE-11601,NO,1,0,0,0,0,0,0
GENE-11602,NO,1,0,0,1,1,1,2
GENE-11603,NO,1,0,0,0,0,0,0
GENE-11604,NO,1,0,0,0,0,0,0
GENE-11605,NO,1,0,0,0,0,0,0
GENE-11606,NO,1,0,0,0,0,0,0
GENE-11607,NO,1,1195,1212,1459,1457,1615,1391
GENE-11608,NO,1,0,0,0,0,0,0
GENE-11609,NO,1,6,1,10,10,16,12
GENE-11610,NO,1,0,0,0,0,0,0
GENE-11611,NO,1,857,1018,1046,1378,1202,1448
GENE-11612,NO,1,0,0,0,0,0,0
GENE-11614,NO,1,324,265,493,280,206,321
GENE-11615,NO,1,360,308,267,301,240,353
GENE-11616,NO,1,0,0,0,0,0,0
GENE-11617,NO,1,518,424,419,517,536,391
GENE-11618,NO,1,0,0,0,0,0,0
GENE-11619,NO,1,0,0,0,0,0,1
GENE-11620,NO,1,259,455,424,415,553,755
GENE-11621,NO,1,0,0,0,0,0,0
GENE-11622,NO,1,188,250,176,266,227,239
GENE-11623,NO,1,0,0,0,0,0,0
GENE-11624,NO,1,9,19,12,21,11,15
GENE-11625,NO,1,0,0,0,0,0,0
GENE-11626,NO,1,1,0,0,1,2,0
GENE-11627,YES,1,0,0,0,0,1,3
GENE-11628,NO,1,1048,1064,1110,933,1195,1069
GENE-11629,NO,1,0,0,0,0,0,0
GENE-11630,NO,1,0,0,0,0,0,0
GENE-11631,NO,1,0,0,0,0,0,0
GENE-11632,NO,1,0,0,0,0,0,0
GENE-11633,NO,1,0,1,1,0,1,0
GENE-11634,NO,1,0,0,0,0,0,0
GENE-11635,NO,1,1,0,1,0,0,0
GENE-11636,NO,1,0,0,0,0,0,0
GENE-11637,NO,1,0,0,0,0,0,0
GENE-11638,NO,1,752,579,1190,1097,1257,595
GENE-11639,NO,1,0,0,0,0,0,0
GENE-11640,NO,1,0,0,0,0,0,0
GENE-11641,NO,1,0,0,0,0,0,0
GENE-11642,NO,1,0,0,0,0,0,0
GENE-11643,NO,1,2,1,2,1,0,2
GENE-11644,NO,1,0,0,0,0,0,0
GENE-11645,NO,1,0,0,0,0,0,0
GENE-11646,NO,1,509,744,1196,264,463,670
GENE-11647,NO,1,0,0,0,0,0,0
GENE-11648,NO,1,0,0,0,0,0,0
GENE-11649,NO,1,0,0,0,0,0,0
GENE-11650,NO,1,0,0,0,0,0,0
GENE-11651,NO,1,0,0,0,0,0,0
GENE-11652,NO,1,0,0,0,0,0,0
GENE-11653,NO,1,10,8,2,5,2,6
GENE-11654,NO,1,0,0,0,0,0,0
GENE-11655,NO,1,0,0,0,0,0,0
GENE-11656,NO,1,0,0,0,0,0,0
GENE-11657,NO,1,0,0,0,0,0,0
GENE-11658,YES,1,0,0,0,0,0,0
GENE-11659,NO,1,0,0,0,0,0,0
GENE-11660,NO,1,8,5,17,5,5,5
GENE-11661,NO,1,0,0,0,0,0,0
GENE-11662,NO,1,6,10,8,9,4,6
GENE-11663,NO,1,0,0,0,0,0,0
GENE-11664,NO,1,5,8,2,1,0,1
GENE-11665,YES,1,0,0,0,0,0,0
GENE-11666,NO,1,0,0,0,0,0,0
GENE-11667,NO,1,0,0,0,0,0,0
GENE-11668,NO,1,0,0,0,0,0,0
GENE-11669,NO,1,0,0,0,0,0,0
GENE-11670,NO,1,0,0,0,0,0,0
GENE-11671,NO,1,5,2,3,2,4,2
GENE-11672,NO,1,0,0,0,0,0,0
GENE-11673,NO,1,213,198,214,174,231,233
GENE-11674,NO,1,0,0,0,0,0,1
GENE-11675,NO,1,0,0,0,0,0,0
GENE-11676,YES,1,0,0,0,0,0,0
GENE-11677,NO,1,265,157,217,500,89,272
GENE-11678,NO,1,0,0,0,0,0,0
GENE-11679,NO,1,10,14,9,15,6,17
GENE-11680,NO,1,0,0,0,0,0,0
GENE-11681,NO,1,0,0,0,0,0,0
GENE-11682,NO,1,0,0,0,0,0,0
GENE-11683,NO,1,28,31,42,26,24,37
GENE-11684,NO,1,0,0,0,0,0,0
GENE-11685,NO,1,0,0,0,0,0,0
GENE-11686,YES,1,0,0,0,0,0,0
GENE-11687,NO,1,2,4,1,1,3,5
GENE-11688,NO,1,23,24,22,24,23,32
GENE-11689,NO,1,0,0,0,0,0,0
GENE-11690,NO,1,5,1,5,6,3,3
GENE-11691,NO,1,0,0,0,0,0,0
GENE-11692,NO,1,0,0,0,0,0,0
GENE-11693,NO,1,0,0,0,0,0,0
GENE-11694,NO,1,0,0,0,0,0,0
GENE-11695,NO,1,69,57,56,48,65,56
GENE-11696,NO,1,0,0,0,0,0,0
GENE-11697,NO,1,0,0,0,0,0,0
GENE-11698,NO,1,0,0,0,0,0,0
GENE-11699,NO,1,16,14,22,27,20,10
GENE-11700,NO,1,0,0,0,0,0,0
GENE-11701,NO,1,0,0,0,0,0,0
GENE-11702,NO,1,249,145,215,187,209,141
GENE-11703,NO,1,0,0,0,0,0,0
GENE-11704,NO,1,2,0,2,3,1,2
GENE-11705,NO,1,0,0,0,0,0,0
GENE-11706,NO,1,0,0,0,0,0,0
GENE-11707,NO,1,0,0,0,0,0,0
GENE-11708,NO,1,32,18,14,19,17,30
GENE-11709,NO,1,0,0,0,0,0,0
GENE-11710,NO,1,0,0,0,0,0,0
GENE-11711,NO,1,0,0,0,0,0,0
GENE-11712,NO,1,2669,2621,1994,2395,1915,2456
GENE-11713,NO,1,601,397,821,219,913,527
GENE-11714,NO,1,0,0,0,0,0,0
GENE-11715,NO,1,0,0,0,0,0,0
GENE-11716,NO,1,0,0,0,0,0,0
GENE-11717,NO,1,0,0,0,0,0,0
GENE-11718,NO,1,0,0,0,0,0,0
GENE-11719,NO,1,0,0,0,0,0,0
GENE-11720,NO,1,0,0,0,0,0,0
GENE-11721,NO,1,0,0,0,0,0,0
GENE-11722,NO,1,0,0,0,0,0,0
GENE-11723,NO,1,0,0,0,0,0,0
GENE-11724,NO,1,320,291,291,351,304,294
GENE-11725,NO,1,0,0,0,0,0,0
GENE-11726,NO,1,51,47,45,50,46,46
GENE-11727,NO,1,1107,1178,975,1198,1190,1145
GENE-11728,NO,1,0,0,0,0,0,0
GENE-11729,NO,1,0,0,0,0,0,0
GENE-11730,NO,1,0,0,0,0,0,0
GENE-11731,NO,1,129,155,65,136,83,46
GENE-11732,NO,1,0,0,0,0,0,0
GENE-11733,NO,1,0,0,0,0,0,0
GENE-11734,NO,1,0,0,0,0,0,0
GENE-11735,NO,1,0,0,0,0,0,0
GENE-11736,NO,1,0,0,0,0,0,0
GENE-11737,NO,1,0,0,0,0,0,0
GENE-11738,NO,1,0,0,0,0,0,0
GENE-11739,NO,1,0,0,0,0,0,0
GENE-11740,NO,1,0,0,0,0,0,0
GENE-11742,NO,1,230,288,195,181,263,359
GENE-11743,NO,1,2,4,3,1,3,4
GENE-11744,NO,1,0,0,0,0,0,0
GENE-11745,NO,1,0,0,0,0,0,0
GENE-11746,NO,1,0,0,0,0,0,0
GENE-11747,NO,1,0,0,0,0,0,0
GENE-11748,NO,1,0,0,0,0,0,0
GENE-11749,NO,1,0,0,0,0,0,0
GENE-11750,NO,1,1,2,0,1,0,0
GENE-11751,NO,1,27,16,37,44,32,6
GENE-11752,NO,1,10,12,11,9,11,22
GENE-11753,NO,1,0,0,0,0,0,0
GENE-11754,NO,1,0,0,0,0,0,0
GENE-11755,NO,1,0,0,0,0,0,0
GENE-11756,NO,1,0,0,0,0,0,0
GENE-11757,NO,1,197,241,298,210,333,176
GENE-11758,NO,1,18,19,25,20,14,22
GENE-11759,NO,1,0,0,0,0,0,0
GENE-11760,NO,1,0,0,0,0,0,0
GENE-11761,NO,1,321,426,449,172,150,205
GENE-11763,YES,1,0,0,0,0,0,0
GENE-11764,NO,1,3581,2352,1868,2528,2371,3189
GENE-11765,NO,1,1,1,0,0,1,2
GENE-11766,NO,1,0,0,0,0,0,0
GENE-11767,NO,1,94,69,88,74,82,83
GENE-11768,NO,1,338,356,330,321,361,330
GENE-11769,NO,1,49,35,33,27,39,41
GENE-11770,NO,1,0,0,0,0,0,0
GENE-11771,NO,1,0,0,0,0,0,0
GENE-11772,NO,1,23,17,11,25,17,17
GENE-11773,NO,1,0,0,0,0,0,0
GENE-11774,NO,1,0,0,0,0,0,0
GENE-11775,NO,1,42,39,35,25,30,32
GENE-11776,NO,1,21,21,24,23,23,22
GENE-11777,NO,1,131,63,59,159,42,250
GENE-11778,NO,1,0,0,0,0,0,0
GENE-11779,NO,1,0,0,0,0,0,0
GENE-11780,NO,1,0,0,0,0,0,0
GENE-11781,NO,1,0,0,0,0,0,0
GENE-11782,NO,1,2,0,1,0,0,0
GENE-11783,NO,1,0,0,0,0,0,0
GENE-11784,NO,1,0,0,0,0,0,0
GENE-11785,NO,1,0,0,0,0,0,0
GENE-11786,NO,1,0,0,0,0,0,0
GENE-11787,NO,1,0,0,0,0,0,0
GENE-11788,NO,1,0,0,0,0,0,0
GENE-11789,NO,1,133,349,122,251,289,265
GENE-11790,NO,1,0,0,0,0,0,0
GENE-11791,NO,1,631,535,415,404,246,445
GENE-11792,NO,1,0,0,0,0,0,0
GENE-11793,NO,1,0,0,0,0,0,0
GENE-11794,NO,1,0,0,0,0,0,0
GENE-11795,NO,1,0,0,0,0,0,0
GENE-11796,NO,1,1220,1286,1268,1488,1157,1462
GENE-11797,NO,1,0,0,0,0,0,0
GENE-11798,NO,1,1,1,0,1,1,0
GENE-11799,NO,1,2586,1817,2361,2052,1851,2363
GENE-11800,NO,1,0,0,0,0,0,0
GENE-11801,NO,1,0,0,0,0,0,0
GENE-11802,NO,1,0,0,0,0,0,0
GENE-11803,NO,1,0,0,0,0,0,0
GENE-11804,NO,1,0,0,0,0,0,0
GENE-11805,NO,1,0,0,0,0,0,0
GENE-11806,NO,1,0,0,0,0,0,0
GENE-11807,NO,1,211,167,227,296,273,332
GENE-11808,NO,1,0,0,0,0,0,0
GENE-11809,NO,1,837,938,949,895,981,910
GENE-11810,NO,1,0,0,0,0,0,0
GENE-11811,NO,1,0,0,0,0,0,0
GENE-11812,NO,1,0,0,0,0,0,0
GENE-11813,NO,1,13,10,6,11,8,9
GENE-11814,NO,1,12,4,11,19,19,4
GENE-11815,NO,1,0,0,0,0,0,0
GENE-11816,NO,1,0,0,0,0,0,0
GENE-11817,NO,1,2,3,3,0,2,0
GENE-11818,NO,1,8,19,14,14,18,19
GENE-11819,NO,1,58,59,81,72,45,98
GENE-11820,NO,1,0,0,0,0,0,0
GENE-11821,NO,1,0,0,0,0,0,0
GENE-11822,NO,1,0,0,0,0,0,0
GENE-11823,NO,1,255,715,251,427,575,437
GENE-11824,NO,1,0,0,0,0,0,0
GENE-11825,NO,1,0,0,0,0,0,0
GENE-11826,NO,1,0,0,0,0,0,0
GENE-11827,NO,1,0,0,0,0,0,0
GENE-11828,NO,1,0,0,0,0,0,0
GENE-11829,YES,1,10,9,5,8,6,6
GENE-11830,NO,1,0,0,0,0,0,0
GENE-11831,YES,1,0,0,0,0,0,0
GENE-11832,NO,1,1,0,0,0,1,0
GENE-11833,NO,1,0,0,0,0,0,0
GENE-11834,NO,1,278,242,144,188,210,187
GENE-11835,NO,1,0,0,0,0,0,0
GENE-11836,NO,1,21,15,25,24,24,24
GENE-11837,NO,1,18,34,21,9,3,14
GENE-11838,NO,1,2,1,2,2,0,3
GENE-11839,NO,1,0,0,0,0,0,0
GENE-11840,NO,1,0,0,0,0,0,0
GENE-11841,NO,1,1600,1134,2244,1511,1924,1568
GENE-11842,NO,1,0,0,0,0,0,0
GENE-11843,NO,1,8,4,3,3,2,1
GENE-11844,NO,1,0,0,0,0,0,0
GENE-11845,NO,1,81,29,74,83,60,94
GENE-11846,NO,1,0,0,0,0,0,0
GENE-11847,NO,1,0,0,0,0,0,0
GENE-11848,NO,1,0,0,0,0,0,0
GENE-11849,NO,1,0,0,0,0,0,0
GENE-11850,NO,1,0,0,0,0,0,0
GENE-11851,NO,1,0,0,0,0,0,0
GENE-11852,NO,1,0,0,0,0,0,0
GENE-11853,NO,1,0,0,0,0,0,0
GENE-11854,NO,1,393,477,450,309,606,331
GENE-11855,NO,1,0,0,0,0,0,0
GENE-11856,NO,1,70,94,56,133,83,72
GENE-11857,NO,1,9,5,11,12,8,12
GENE-11858,NO,1,0,0,0,0,0,0
GENE-11859,NO,1,0,0,0,0,0,0
GENE-11860,YES,1,0,0,0,0,0,0
GENE-11861,NO,1,0,0,0,0,0,0
GENE-11862,NO,1,0,0,0,0,0,0
GENE-11863,NO,1,0,0,0,0,0,0
GENE-11864,NO,1,0,0,0,0,0,0
GENE-11865,NO,1,0,0,0,0,0,0
GENE-11866,NO,1,30,32,23,27,23,32
GENE-11867,NO,1,0,0,0,0,0,1
GENE-11868,NO,1,0,0,0,0,0,0
GENE-11869,NO,1,286,321,323,201,408,427
GENE-11870,NO,1,0,0,0,0,0,0
GENE-11871,NO,1,498,639,424,626,820,970
GENE-11872,NO,1,0,0,0,0,0,0
GENE-11873,NO,1,0,0,0,0,0,0
GENE-11874,NO,1,244,178,157,218,237,234
GENE-11875,NO,1,0,0,0,0,0,0
GENE-11876,NO,1,382,356,398,467,445,592
GENE-11877,NO,1,0,0,0,0,0,0
GENE-11878,NO,1,0,0,0,0,0,0
GENE-11879,NO,1,0,0,0,0,0,0
GENE-11880,NO,1,0,0,0,0,0,0
GENE-11881,YES,1,0,0,0,0,0,0
GENE-11882,NO,1,0,0,0,0,0,0
GENE-11883,NO,1,46,26,62,36,31,43
GENE-11884,NO,1,0,0,0,0,0,0
GENE-11885,NO,1,0,0,0,0,0,0
GENE-11886,NO,1,259,265,215,248,333,292
GENE-11887,NO,1,0,0,0,0,0,0
GENE-11888,NO,1,7,3,5,5,1,2
GENE-11889,NO,1,24,23,26,18,17,22
GENE-11890,NO,1,12,19,11,13,9,14
GENE-11891,NO,1,0,0,0,0,0,0
GENE-11892,NO,1,0,0,0,0,0,0
GENE-11893,NO,1,142,136,119,114,125,151
GENE-11894,NO,1,0,0,0,0,0,0
GENE-11895,NO,1,0,0,0,0,0,0
GENE-11896,NO,1,0,0,0,0,0,0
GENE-11897,NO,1,0,0,0,0,0,0
GENE-11898,NO,1,0,0,0,0,0,0
GENE-11899,NO,1,0,4,9,12,6,9
GENE-11900,NO,1,0,0,0,0,0,0
GENE-11901,NO,1,0,0,0,0,0,0
GENE-11902,NO,1,0,0,0,0,0,0
GENE-11903,NO,1,0,0,0,0,0,0
GENE-11904,NO,1,0,0,0,0,0,0
GENE-11905,NO,1,0,0,0,0,0,0
GENE-11906,NO,1,0,0,0,0,0,0
GENE-11908,NO,1,0,0,0,0,0,0
GENE-11909,NO,1,34,2,3,0,14,11
GENE-11910,NO,1,0,0,0,0,0,0
GENE-11911,NO,1,1053,1218,1026,1189,849,985
GENE-11912,NO,1,0,0,0,0,0,0
GENE-11913,NO,1,9,17,15,15,14,13
GENE-11914,NO,1,0,0,0,0,0,0
GENE-11915,NO,1,0,0,0,0,0,0
GENE-11916,NO,1,0,0,0,0,0,0
GENE-11917,NO,1,312,431,493,323,371,564
GENE-11918,NO,1,209,243,224,162,195,129
GENE-11919,NO,1,10,28,23,16,10,19
GENE-11920,NO,1,1,0,2,1,2,1
GENE-11921,NO,1,14,9,24,23,27,14
GENE-11922,NO,1,0,0,0,0,0,0
GENE-11923,NO,1,0,0,0,0,0,0
GENE-11924,NO,1,656,425,751,738,804,790
GENE-11925,NO,1,51,59,52,50,58,56
GENE-11927,NO,1,0,0,0,0,0,0
GENE-11928,NO,1,0,0,0,0,1,0
GENE-11929,NO,1,0,0,0,0,0,0
GENE-11930,NO,1,23,29,31,28,36,39
GENE-11931,NO,1,0,0,0,0,0,0
GENE-11932,NO,1,519,506,524,557,498,551
GENE-11933,NO,1,0,0,0,0,0,0
GENE-11934,NO,1,654,91,49,0,2658,20
GENE-11935,NO,1,0,0,0,0,0,0
GENE-11936,NO,1,5,12,2,2,1,0
GENE-11937,NO,1,12,22,23,12,17,22
GENE-11938,NO,1,0,0,0,0,0,0
GENE-11939,NO,1,0,0,0,0,0,0
GENE-11940,NO,1,0,0,0,0,0,0
GENE-11941,NO,1,2,2,3,0,1,1
GENE-11942,NO,1,5,3,5,2,5,4
GENE-11943,NO,1,12,6,14,15,11,20
GENE-11944,NO,1,0,0,0,0,0,0
GENE-11945,NO,1,0,0,0,0,0,0
GENE-11946,NO,1,13,18,15,15,10,14
GENE-11947,NO,1,0,0,0,0,0,0
GENE-11948,NO,1,0,0,0,0,0,0
GENE-11950,NO,1,0,0,0,0,0,0
GENE-11951,NO,1,0,0,0,0,0,0
GENE-11952,NO,1,3,1,1,3,4,0
GENE-11953,NO,1,0,0,0,0,0,0
GENE-11954,NO,1,0,0,0,0,0,0
GENE-11955,NO,1,0,0,0,0,0,0
GENE-11956,NO,1,0,0,0,0,0,0
GENE-11957,NO,1,32,20,22,30,26,22
GENE-11958,NO,1,0,0,0,0,0,0
GENE-11959,NO,1,2,6,1,2,5,1
GENE-11960,NO,1,0,0,0,0,0,0
GENE-11961,NO,1,0,0,0,0,0,0
GENE-11962,NO,1,0,0,0,0,0,0
GENE-11963,NO,1,0,0,0,0,0,0
GENE-11964,NO,1,0,0,0,0,0,0
GENE-11965,NO,1,0,0,0,0,1,0
GENE-11966,NO,1,0,0,0,0,0,0
GENE-11967,NO,1,7,2,3,6,4,4
GENE-11968,NO,1,0,0,0,0,0,0
GENE-11969,NO,1,0,0,0,0,0,0
GENE-11970,NO,1,0,0,0,0,0,0
GENE-11971,NO,1,13,3,16,6,23,7
GENE-11972,YES,1,0,0,0,0,0,0
GENE-11973,NO,1,0,0,0,0,0,0
GENE-11974,NO,1,0,0,0,0,0,0
GENE-11975,NO,1,0,0,0,0,0,0
GENE-11976,NO,1,112,91,125,120,102,163
GENE-11977,NO,1,153,143,147,156,159,141
GENE-11978,NO,1,498,449,536,523,602,462
GENE-11979,NO,1,0,0,0,0,0,0
GENE-11980,NO,1,0,0,0,0,0,0
GENE-11981,NO,1,637,495,528,548,621,550
GENE-11982,NO,1,0,0,0,0,0,0
GENE-11983,NO,1,0,0,0,0,0,0
GENE-11984,NO,1,39,30,30,29,33,23
GENE-11985,NO,1,3,4,8,7,5,4
GENE-11986,NO,1,0,0,0,0,0,0
GENE-11987,NO,1,84,125,125,87,136,94
GENE-11988,YES,1,0,2,0,0,3,1
GENE-11989,NO,1,14,17,11,10,17,18
GENE-11990,NO,1,68,90,92,104,155,98
GENE-11991,NO,1,0,0,0,0,0,0
GENE-11992,NO,1,0,0,0,0,0,0
GENE-11993,NO,1,0,0,0,0,0,0
GENE-11994,NO,1,0,0,0,0,0,0
GENE-11995,NO,1,257,261,229,258,217,238
GENE-11996,NO,1,0,0,0,0,0,0
GENE-11997,NO,1,0,0,0,0,0,0
GENE-11998,NO,1,131,196,147,191,164,219
GENE-11999,NO,1,0,0,0,0,0,0
GENE-12000,NO,1,0,0,0,0,0,0
GENE-12001,NO,1,100,87,88,72,120,79
GENE-12002,NO,1,0,0,0,0,0,0
GENE-12003,YES,1,1,0,2,0,0,0
GENE-12004,NO,1,0,0,0,0,0,0
GENE-12005,NO,1,0,0,0,0,0,0
GENE-12006,NO,1,170,217,131,192,179,254
GENE-12007,NO,1,0,0,0,0,0,0
GENE-12008,NO,1,0,0,0,0,0,0
GENE-12009,NO,1,0,0,0,0,0,0
GENE-12011,NO,1,0,0,0,0,0,0
GENE-12012,NO,1,0,0,0,0,0,0
GENE-12013,NO,1,146,101,116,98,105,129
GENE-12014,NO,1,0,0,0,0,0,0
GENE-12015,NO,1,37,52,40,34,40,54
GENE-12016,NO,1,0,0,0,0,0,0
GENE-12017,NO,1,2,1,0,1,0,1
GENE-12018,NO,1,2,1,1,0,1,1
GENE-12019,NO,1,0,0,0,0,0,0
GENE-12020,NO,1,0,0,0,0,0,0
GENE-12021,NO,1,0,0,0,2,1,0
GENE-12022,NO,1,159,258,210,234,230,138
GENE-12023,NO,1,0,0,0,0,0,0
GENE-12024,NO,1,0,0,0,0,0,0
GENE-12025,NO,1,0,0,0,0,0,0
GENE-12026,NO,1,0,0,0,0,0,0
GENE-12027,NO,1,0,0,0,0,0,0
GENE-12028,NO,1,18,21,15,14,16,24
GENE-12029,NO,1,0,0,0,0,0,0
GENE-12030,NO,1,0,0,0,0,0,0
GENE-12031,NO,1,0,0,0,0,0,0
GENE-12032,YES,1,0,0,0,0,0,0
GENE-12033,NO,1,0,0,0,0,0,0
GENE-12034,NO,1,0,0,0,0,0,0
GENE-12035,NO,1,0,0,0,0,0,0
GENE-12036,NO,1,0,0,0,0,0,0
GENE-12037,NO,1,0,0,0,0,0,0
GENE-12038,NO,1,0,0,0,0,0,0
GENE-12039,NO,1,0,0,0,0,0,0
GENE-12040,YES,1,0,0,0,0,0,0
GENE-12041,NO,1,0,0,0,0,0,0
GENE-12042,NO,1,0,0,0,0,0,0
GENE-12043,NO,1,0,0,0,0,0,0
GENE-12044,NO,1,0,0,0,0,0,0
GENE-12045,NO,1,84,89,65,72,92,75
GENE-12046,NO,1,0,0,0,0,0,0
GENE-12047,NO,1,0,0,0,0,0,0
GENE-12048,NO,1,0,0,0,0,0,0
GENE-12049,NO,1,0,0,0,0,0,0
GENE-12050,NO,1,165,149,131,158,162,156
GENE-12051,NO,1,0,0,0,0,0,0
GENE-12052,NO,1,0,0,0,0,0,0
GENE-12053,NO,1,437,303,369,389,325,420
GENE-12054,NO,1,0,0,0,0,0,0
GENE-12055,NO,1,0,0,0,0,0,0
GENE-12056,NO,1,0,0,0,0,0,0
GENE-12057,NO,1,0,0,0,0,0,0
GENE-12058,NO,1,2390,1923,1703,3452,1835,1763
GENE-12059,NO,1,11084,7156,6175,7920,14288,22037
GENE-12060,NO,1,0,0,0,0,0,0
GENE-12061,NO,1,0,0,0,0,0,0
GENE-12062,NO,1,27,13,18,18,19,17
GENE-12063,NO,1,0,0,0,0,0,0
GENE-12064,NO,1,0,0,0,0,0,0
GENE-12065,NO,1,0,0,0,0,0,0
GENE-12066,NO,1,0,0,0,0,0,0
GENE-12067,NO,1,116,108,106,138,90,115
GENE-12068,NO,1,0,0,0,0,0,0
GENE-12069,NO,1,0,0,0,0,0,0
GENE-12070,NO,1,0,0,0,0,0,1
GENE-12071,NO,1,0,0,0,0,0,0
GENE-12072,NO,1,0,0,0,0,0,0
GENE-12073,NO,1,0,0,0,0,0,0
GENE-12074,NO,1,1,1,0,1,0,0
GENE-12075,YES,1,1,0,0,1,0,0
GENE-12076,NO,1,0,0,0,0,0,0
GENE-12077,NO,1,0,0,0,0,0,0
GENE-12078,NO,1,0,0,0,0,0,0
GENE-12079,NO,1,0,0,0,0,0,0
GENE-12080,NO,1,1,0,0,1,1,0
GENE-12081,NO,1,0,0,0,0,0,0
GENE-12082,NO,1,0,0,0,0,0,0
GENE-12083,NO,1,0,0,0,0,0,0
GENE-12084,NO,1,0,0,0,0,0,1
GENE-12085,NO,1,0,0,0,0,0,0
GENE-12086,NO,1,0,0,0,0,0,0
GENE-12087,NO,1,0,0,0,0,0,0
GENE-12088,NO,1,0,0,0,0,0,0
GENE-12089,YES,1,0,0,0,0,0,0
GENE-12090,NO,1,2165,2320,2222,2695,1361,2009
GENE-12091,YES,1,0,0,0,0,0,0
GENE-12092,NO,1,0,0,0,0,0,0
GENE-12093,NO,1,24,26,28,23,32,34
GENE-12094,NO,1,0,0,0,0,0,0
GENE-12095,NO,1,0,0,0,0,0,0
GENE-12096,NO,1,0,0,0,0,0,0
GENE-12097,NO,1,0,0,0,0,0,0
GENE-12098,NO,1,334,278,293,265,270,320
GENE-12099,NO,1,1876,1613,2748,2338,2499,2286
GENE-12100,NO,1,105,120,97,110,114,74
GENE-12101,NO,1,294,13,621,285,68,825
GENE-12102,NO,1,0,0,0,0,0,0
GENE-12103,YES,1,0,0,0,0,0,0
GENE-12104,NO,1,3,4,1,4,1,8
GENE-12105,YES,1,0,0,0,0,0,0
GENE-12106,NO,1,52,71,42,35,61,16
GENE-12107,NO,1,0,0,0,0,0,0
GENE-12108,NO,1,0,0,0,0,0,0
GENE-12109,NO,1,1,2,0,0,0,0
GENE-12110,NO,1,0,0,0,0,0,0
GENE-12111,NO,1,6,8,10,10,7,5
GENE-12112,NO,1,0,0,0,0,0,0
GENE-12113,NO,1,0,0,0,0,0,0
GENE-12114,NO,1,0,0,0,0,0,0
GENE-12115,NO,1,0,0,0,0,0,0
GENE-12116,NO,1,4570,4485,4374,4535,4631,4893
GENE-12117,NO,1,0,0,0,0,0,0
GENE-12118,NO,1,0,1,1,1,2,1
GENE-12119,NO,1,0,0,0,0,0,0
GENE-12120,NO,1,0,0,0,0,0,0
GENE-12121,NO,1,553,734,543,594,746,657
GENE-12122,NO,1,0,0,0,0,0,0
GENE-12123,NO,1,0,0,0,0,0,0
GENE-12124,NO,1,1322,1488,825,2306,1572,3071
GENE-12125,NO,1,0,0,0,0,0,0
GENE-12126,NO,1,10,12,20,14,18,14
GENE-12127,NO,1,3,4,3,4,1,2
GENE-12128,NO,1,0,0,0,0,0,0
GENE-12129,NO,1,450,378,354,336,328,403
GENE-12130,NO,1,0,0,0,0,0,0
GENE-12131,YES,1,0,0,0,0,0,0
GENE-12132,NO,1,0,0,0,0,0,0
GENE-12133,NO,1,0,0,0,0,0,0
GENE-12134,NO,1,0,0,0,0,0,0
GENE-12135,NO,1,0,0,0,0,0,0
GENE-12136,NO,1,545,958,1030,1056,1735,626
GENE-12137,NO,1,0,0,0,0,0,0
GENE-12138,NO,1,0,0,0,0,0,0
GENE-12139,NO,1,0,0,0,0,0,0
GENE-12140,NO,1,430,392,365,431,534,524
GENE-12141,NO,1,0,0,0,0,0,0
GENE-12142,NO,1,0,0,0,0,0,0
GENE-12143,NO,1,0,0,0,0,0,0
GENE-12144,NO,1,1657,1410,1605,2025,1466,1537
GENE-12145,NO,1,8,12,16,9,14,18
GENE-12146,NO,1,0,0,0,0,0,0
GENE-12147,NO,1,16,4,10,46,11,12
GENE-12148,NO,1,0,0,0,0,0,0
GENE-12149,NO,1,0,0,0,0,0,0
GENE-12150,NO,1,10,11,2,7,3,6
GENE-12151,NO,1,0,0,0,0,0,0
GENE-12152,NO,1,0,0,0,0,0,0
GENE-12153,NO,1,0,0,0,0,0,0
GENE-12154,NO,1,0,0,0,0,0,0
GENE-12155,NO,1,115,108,112,95,112,113
GENE-12156,NO,1,0,0,0,0,0,0
GENE-12157,NO,1,0,0,0,0,0,0
GENE-12158,NO,1,168,166,138,141,79,141
GENE-12159,NO,1,0,0,0,0,0,0
GENE-12160,NO,1,0,0,0,0,0,0
GENE-12161,NO,1,0,0,0,0,0,0
GENE-12162,NO,1,1,1,0,1,0,3
GENE-12163,NO,1,1684,2038,1986,2347,1182,2120
GENE-12164,NO,1,129,126,126,98,126,70
GENE-12165,NO,1,0,0,0,0,0,0
GENE-12166,NO,1,1776,1891,1481,1888,2101,1359
GENE-12167,YES,1,0,0,0,0,0,0
GENE-12168,NO,1,0,0,0,0,0,0
GENE-12169,NO,1,153,162,155,201,160,158
GENE-12170,NO,1,0,0,0,0,0,0
GENE-12171,NO,1,0,0,0,0,0,0
GENE-12172,NO,1,0,0,0,0,0,0
GENE-12173,YES,1,0,0,0,0,0,0
GENE-12174,NO,1,1,0,3,1,3,2
GENE-12175,NO,1,0,0,0,0,0,0
GENE-12176,NO,1,0,0,0,0,0,0
GENE-12177,NO,1,37,40,48,36,41,42
GENE-12178,NO,1,3,1,1,2,0,0
GENE-12179,NO,1,0,0,0,0,0,0
GENE-12180,NO,1,0,0,0,0,0,0
GENE-12181,NO,1,0,0,0,0,0,0
GENE-12182,NO,1,110,93,81,112,108,117
GENE-12183,NO,1,0,0,0,0,0,0
GENE-12184,NO,1,5,3,4,4,4,0
GENE-12185,NO,1,0,0,0,0,0,0
GENE-12186,NO,1,0,0,0,0,0,0
GENE-12187,NO,1,0,0,0,0,0,0
GENE-12189,NO,1,1307,1249,1336,1215,1423,923
GENE-12190,NO,1,0,0,0,0,0,0
GENE-12191,YES,1,0,0,0,0,0,0
GENE-12192,NO,1,9,6,11,3,12,4
GENE-12193,NO,1,0,0,0,0,0,0
GENE-12194,NO,1,0,0,0,0,0,0
GENE-12195,NO,1,0,0,0,0,0,0
GENE-12196,NO,1,0,0,0,0,0,0
GENE-12197,NO,1,0,0,0,0,0,0
GENE-12198,NO,1,1905,2581,1288,1826,1172,1786
GENE-12199,NO,1,0,0,0,0,0,0
GENE-12201,NO,1,194,249,178,188,195,199
GENE-12202,NO,1,0,0,0,0,0,0
GENE-12203,NO,1,0,0,0,0,0,0
GENE-12204,NO,1,12,16,10,23,8,11
GENE-12205,NO,1,49,76,92,59,56,66
GENE-12206,NO,1,0,0,0,0,0,0
GENE-12207,NO,1,0,0,0,0,0,0
GENE-12208,NO,1,0,0,0,0,0,0
GENE-12209,NO,1,0,0,0,0,0,0
GENE-12210,NO,1,0,0,0,0,0,0
GENE-12211,NO,1,37,36,42,30,25,36
GENE-12212,NO,1,0,0,0,0,0,0
GENE-12213,NO,1,3,0,0,0,1,1
GENE-12214,NO,1,0,0,0,0,0,0
GENE-12215,NO,1,0,0,0,0,0,0
GENE-12216,NO,1,0,0,0,0,0,0
GENE-12217,NO,1,0,0,0,0,0,0
GENE-12218,NO,1,0,0,0,0,0,1
GENE-12219,NO,1,101,111,110,116,124,107
GENE-12220,NO,1,0,0,0,0,0,0
GENE-12221,NO,1,648,862,734,564,672,544
GENE-12222,NO,1,18,8,12,9,9,9
GENE-12223,NO,1,0,0,0,0,0,0
GENE-12224,NO,1,96,95,85,88,87,95
GENE-12225,NO,1,1,3,1,5,1,3
GENE-12226,NO,1,0,0,0,0,0,0
GENE-12227,NO,1,0,0,0,0,0,0
GENE-12228,NO,1,0,0,0,0,0,0
GENE-12229,NO,1,13,12,11,15,17,4
GENE-12230,NO,1,14005,5527,4985,10048,14578,6505
GENE-12232,NO,1,2,0,0,0,0,4
GENE-12233,NO,1,0,0,0,0,0,0
GENE-12234,NO,1,0,0,0,0,0,0
GENE-12235,NO,1,0,0,0,0,0,0
GENE-12236,NO,1,0,0,0,0,0,0
GENE-12237,NO,1,0,0,0,0,0,0
GENE-12238,NO,1,0,0,0,0,0,0
GENE-12239,NO,1,0,0,0,0,0,0
GENE-12240,NO,1,0,0,0,0,0,0
GENE-12241,NO,1,0,0,0,0,0,0
GENE-12242,NO,1,410,504,457,494,391,503
GENE-12243,NO,1,5,6,11,7,7,9
GENE-12244,NO,1,0,0,0,0,0,0
GENE-12245,NO,1,8,8,6,6,9,10
GENE-12246,NO,1,0,0,0,0,0,0
GENE-12247,NO,1,40,46,26,45,49,47
GENE-12248,NO,1,27,27,18,15,19,28
GENE-12249,NO,1,33,44,37,33,41,38
GENE-12250,NO,1,0,0,0,0,0,0
GENE-12251,NO,1,0,0,0,0,0,0
GENE-12252,NO,1,0,0,0,0,0,0
GENE-12253,NO,1,0,0,0,0,0,0
GENE-12254,NO,1,1,1,0,1,0,1
GENE-12255,NO,1,0,0,0,0,0,0
GENE-12256,NO,1,0,0,0,0,0,0
GENE-12257,NO,1,0,0,0,0,0,0
GENE-12258,NO,1,0,0,0,0,0,0
GENE-12260,NO,1,0,0,0,0,0,0
GENE-12261,NO,1,0,0,0,0,0,0
GENE-12262,NO,1,0,0,0,0,0,0
GENE-12263,NO,1,0,0,0,0,0,0
GENE-12264,NO,1,0,0,0,0,0,0
GENE-12265,NO,1,0,0,0,0,0,0
GENE-12266,NO,1,0,0,0,0,0,0
GENE-12267,NO,1,7,7,8,7,8,10
GENE-12268,NO,1,2,0,2,3,1,4
GENE-12269,NO,1,0,0,0,0,0,0
GENE-12270,NO,1,0,0,0,0,0,0
GENE-12271,NO,1,0,0,0,0,0,0
GENE-12272,NO,1,19,15,9,8,8,12
GENE-12273,NO,1,0,0,0,0,0,0
GENE-12274,NO,1,1838,1485,2013,1458,1575,2035
GENE-12275,NO,1,0,0,0,0,0,0
GENE-12276,NO,1,2399,2790,2735,2353,2457,3079
GENE-12277,NO,1,0,0,0,0,0,0
GENE-12278,NO,1,0,0,0,0,0,0
GENE-12279,NO,1,0,0,0,1,0,0
GENE-12280,NO,1,29,56,38,35,55,52
GENE-12281,NO,1,54,39,19,26,29,45
GENE-12282,YES,1,0,0,0,0,0,0
GENE-12283,NO,1,0,0,0,0,0,0
GENE-12284,NO,1,0,0,0,0,0,0
GENE-12285,NO,1,51,12,34,17,33,31
GENE-12286,NO,1,0,0,0,0,0,0
GENE-12287,NO,1,0,0,0,0,0,0
GENE-12288,NO,1,0,0,0,0,0,0
GENE-12289,NO,1,0,0,0,0,0,0
GENE-12290,NO,1,2,1,3,1,2,0
GENE-12291,NO,1,0,0,0,0,0,0
GENE-12292,NO,1,30,65,158,299,225,203
GENE-12293,NO,1,844,492,147,508,57,325
GENE-12294,NO,1,0,0,0,0,0,0
GENE-12295,NO,1,254,279,227,231,268,223
GENE-12296,NO,1,0,0,0,0,0,0
GENE-12297,NO,1,0,0,0,0,0,0
GENE-12298,NO,1,0,0,0,0,0,0
GENE-12299,NO,1,119,112,94,121,138,114
GENE-12300,NO,1,0,0,0,0,0,0
GENE-12301,NO,1,0,0,0,0,0,0
GENE-12302,NO,1,366,256,277,329,160,242
GENE-12303,NO,1,0,0,0,0,0,0
GENE-12304,NO,1,298,290,282,306,373,338
GENE-12305,NO,1,0,0,0,0,0,0
GENE-12306,NO,1,0,0,0,0,0,0
GENE-12307,NO,1,0,0,0,0,0,0
GENE-12308,NO,1,21,21,16,21,22,15
GENE-12309,NO,1,0,0,0,0,0,0
GENE-12310,NO,1,0,0,0,0,0,0
GENE-12311,NO,1,151,81,78,142,108,112
GENE-12312,NO,1,0,0,0,0,0,0
GENE-12313,NO,1,0,0,0,0,0,0
GENE-12314,NO,1,0,0,0,0,0,0
GENE-12315,NO,1,9,2,5,18,6,3
GENE-12316,NO,1,0,0,0,0,0,0
GENE-12317,NO,1,0,0,0,0,0,0
GENE-12318,NO,1,0,0,0,0,0,0
GENE-12319,NO,1,149,144,255,226,155,200
GENE-12320,NO,1,0,0,0,0,0,0
GENE-12321,NO,1,0,0,0,0,0,0
GENE-12322,NO,1,0,0,0,0,0,0
GENE-12323,NO,1,0,0,0,0,0,0
GENE-12324,NO,1,296,266,277,244,261,218
GENE-12325,NO,1,0,0,0,0,0,0
GENE-12326,NO,1,0,0,0,0,0,0
GENE-12327,NO,1,0,0,0,0,0,0
GENE-12328,NO,1,0,0,0,0,0,0
GENE-12329,NO,1,0,0,0,0,0,0
GENE-12330,NO,1,0,0,0,0,0,0
GENE-12331,NO,1,0,0,0,0,0,0
GENE-12332,NO,1,0,0,0,0,0,0
GENE-12333,NO,1,1,0,0,0,0,0
GENE-12334,NO,1,86,102,72,82,85,140
GENE-12335,NO,1,8,7,4,8,7,5
GENE-12336,NO,1,0,0,0,0,0,0
GENE-12337,NO,1,26,40,59,6,35,26
GENE-12338,NO,1,0,0,0,0,0,0
GENE-12339,NO,1,0,0,0,0,0,0
GENE-12340,NO,1,0,0,0,0,0,0
GENE-12341,NO,1,1,2,3,3,2,1
GENE-12342,NO,1,8,3,16,19,6,3
GENE-12343,NO,1,0,0,0,0,0,0
GENE-12344,NO,1,125,121,124,104,110,135
GENE-12345,NO,1,0,0,0,0,0,0
GENE-12346,NO,1,0,0,0,0,0,0
GENE-12347,NO,1,0,0,0,0,0,0
GENE-12348,NO,1,5,2,5,1,2,10
GENE-12349,NO,1,0,0,0,0,0,0
GENE-12350,NO,1,12,8,5,11,11,8
GENE-12351,NO,1,0,0,1,1,0,2
GENE-12352,NO,1,0,0,0,0,0,0
GENE-12353,NO,1,0,0,0,0,0,0
GENE-12354,NO,1,73,67,54,60,55,60
GENE-12355,NO,1,4800,3492,3913,2387,3696,4718
GENE-12356,NO,1,0,0,0,0,0,0
GENE-12357,NO,1,0,0,0,0,0,0
GENE-12358,NO,1,0,0,0,0,0,0
GENE-12359,NO,1,0,0,0,0,0,0
GENE-12360,NO,1,0,0,0,0,0,1
GENE-12362,NO,1,407,437,291,476,481,513
GENE-12363,NO,1,0,0,0,0,0,0
GENE-12364,NO,1,778,827,778,811,968,783
GENE-12365,NO,1,0,0,0,0,0,0
GENE-12366,NO,1,45,56,44,30,37,42
GENE-12367,NO,1,0,0,0,0,0,0
GENE-12368,NO,1,0,0,0,0,0,0
GENE-12369,NO,1,0,0,0,0,0,0
GENE-12370,NO,1,16,33,25,35,26,27
GENE-12371,NO,1,0,0,0,0,0,0
GENE-12372,NO,1,1383,1807,974,1663,1663,1221
GENE-12373,NO,1,0,0,0,0,0,0
GENE-12374,NO,1,36,35,43,42,34,43
GENE-12375,NO,1,0,0,0,0,0,0
GENE-12376,NO,1,0,0,0,0,0,0
GENE-12377,NO,1,0,0,0,0,0,0
GENE-12378,NO,1,0,0,0,0,0,0
GENE-12379,NO,1,0,0,0,0,0,0
GENE-12380,NO,1,0,0,0,0,0,0
GENE-12381,NO,1,0,0,0,0,0,0
GENE-12382,NO,1,289,254,224,209,228,246
GENE-12383,NO,1,0,0,0,0,0,0
GENE-12384,NO,1,0,0,0,0,0,0
GENE-12385,NO,1,0,0,0,0,1,1
GENE-12386,NO,1,0,0,0,0,0,0
GENE-12387,NO,1,0,0,0,0,0,0
GENE-12388,NO,1,0,0,0,0,0,0
GENE-12389,NO,1,41,33,50,61,38,51
GENE-12390,NO,1,0,0,0,0,0,0
GENE-12391,NO,1,0,0,0,0,0,0
GENE-12392,NO,1,2,5,5,8,12,6
GENE-12393,NO,1,0,0,0,0,0,0
GENE-12394,NO,1,169,223,266,175,175,173
GENE-12395,NO,1,9,6,3,2,6,4
GENE-12396,NO,1,0,0,0,0,0,0
GENE-12397,NO,1,0,0,0,0,0,0
GENE-12398,NO,1,0,0,0,0,0,0
GENE-12399,NO,1,0,0,0,0,0,0
GENE-12400,NO,1,0,0,0,0,0,0
GENE-12401,NO,1,0,0,0,0,0,0
GENE-12402,NO,1,0,0,0,0,0,0
GENE-12403,NO,1,35,15,43,19,64,26
GENE-12404,NO,1,0,0,0,0,0,0
GENE-12405,NO,1,0,0,0,0,0,0
GENE-12406,NO,1,0,0,0,0,0,0
GENE-12407,NO,1,0,0,0,0,0,0
GENE-12408,NO,1,994,834,609,1096,1017,947
GENE-12409,NO,1,0,0,0,0,0,0
GENE-12410,YES,1,0,0,0,0,0,0
GENE-12411,NO,1,530,685,453,508,625,558
GENE-12412,YES,1,0,0,0,0,0,0
GENE-12413,NO,1,263,315,270,240,277,316
GENE-12414,NO,1,3788,4025,4750,4335,4297,3920
GENE-12415,NO,1,254,441,390,395,391,325
GENE-12416,NO,1,0,2,0,0,1,0
GENE-12417,NO,1,0,0,1,0,0,0
GENE-12418,NO,1,0,0,0,0,0,0
GENE-12419,NO,1,0,0,0,0,0,0
GENE-12420,NO,1,0,0,0,0,0,0
GENE-12421,NO,1,0,0,0,0,0,0
GENE-12422,NO,1,0,0,0,0,0,0
GENE-12423,NO,1,0,0,0,0,0,0
GENE-12424,NO,1,0,0,0,0,0,0
GENE-12425,NO,1,5,10,1,5,2,3
GENE-12426,YES,1,0,0,0,0,0,0
GENE-12427,NO,1,0,0,0,0,0,0
GENE-12428,NO,1,393,134,245,162,88,59
GENE-12429,NO,1,2,0,3,1,1,0
GENE-12430,NO,1,0,0,0,0,0,0
GENE-12431,NO,1,0,0,1,0,0,0
GENE-12432,NO,1,0,0,0,0,0,0
GENE-12433,NO,1,0,0,0,0,0,0
GENE-12434,NO,1,10,5,6,4,2,1
GENE-12435,NO,1,1415,1538,1828,1707,1669,1585
GENE-12436,YES,1,0,0,0,0,0,0
GENE-12437,NO,1,0,0,0,0,0,0
GENE-12438,NO,1,0,0,0,0,0,0
GENE-12439,NO,1,0,0,0,0,0,0
GENE-12440,NO,1,0,0,0,0,0,0
GENE-12441,NO,1,45,29,34,25,32,41
GENE-12442,NO,1,1,6,1,6,7,5
GENE-12443,NO,1,0,0,0,0,0,0
GENE-12444,NO,1,22,18,20,17,22,20
GENE-12445,NO,1,0,0,0,0,0,0
GENE-12446,NO,1,983,928,958,867,1055,873
GENE-12447,NO,1,0,0,0,0,0,0
GENE-12448,NO,1,0,0,0,0,0,0
GENE-12449,NO,1,13,7,8,11,15,3
GENE-12450,NO,1,0,0,0,0,0,0
GENE-12451,YES,1,0,0,0,0,0,0
GENE-12452,NO,1,0,0,0,0,0,0
GENE-12453,NO,1,0,0,0,0,0,0
GENE-12454,NO,1,0,0,0,0,0,0
GENE-12455,NO,1,0,0,0,0,0,0
GENE-12456,YES,1,0,0,0,0,0,0
GENE-12457,NO,1,3,2,2,3,3,7
GENE-12458,NO,1,0,0,0,0,0,0
GENE-12459,NO,1,0,0,0,0,0,0
GENE-12460,NO,1,0,0,0,0,0,0
GENE-12461,NO,1,0,0,0,0,0,0
GENE-12462,NO,1,0,0,0,0,0,0
GENE-12463,NO,1,0,0,0,0,0,0
GENE-12464,NO,1,2300,1222,1153,1942,1625,1838
GENE-12465,NO,1,0,0,0,0,0,0
GENE-12466,NO,1,2,3,3,1,1,2
GENE-12467,NO,1,0,0,0,0,0,0
GENE-12468,YES,1,0,0,0,0,0,0
GENE-12469,NO,1,0,0,0,0,0,0
GENE-12470,NO,1,0,0,0,0,0,0
GENE-12471,NO,1,149,170,158,174,155,108
GENE-12472,NO,1,0,0,0,0,0,0
GENE-12473,NO,1,0,0,0,0,0,0
GENE-12474,NO,1,0,0,0,0,0,0
GENE-12475,NO,1,0,0,0,0,0,0
GENE-12476,NO,1,0,0,0,0,0,0
GENE-12477,NO,1,0,0,0,0,0,0
GENE-12478,NO,1,0,0,0,0,0,0
GENE-12479,NO,1,0,0,0,0,0,0
GENE-12480,NO,1,0,0,0,0,0,0
GENE-12481,NO,1,0,0,0,0,0,0
GENE-12482,NO,1,0,0,0,0,0,0
GENE-12483,NO,1,0,0,0,0,0,0
GENE-12484,NO,1,0,1,1,0,0,0
GENE-12485,NO,1,551,667,584,584,608,636
GENE-12486,NO,1,0,0,0,0,0,0
GENE-12487,NO,1,49,38,47,48,50,59
GENE-12488,NO,1,0,0,0,0,0,0
GENE-12489,NO,1,84,120,135,103,92,91
GENE-12491,NO,1,2035,2339,2186,2473,2176,1866
GENE-12492,NO,1,47,29,35,32,37,46
GENE-12493,NO,1,89,63,105,84,70,121
GENE-12494,NO,1,0,0,0,0,0,0
GENE-12495,NO,1,0,0,0,0,0,0
GENE-12496,NO,1,0,0,0,0,0,0
GENE-12497,NO,1,46,31,39,38,28,51
GENE-12498,NO,1,0,0,0,0,0,0
GENE-12499,NO,1,0,0,0,0,0,0
GENE-12500,NO,1,0,0,0,2,1,0
GENE-12501,NO,1,0,0,0,0,0,0
GENE-12502,NO,1,96,65,67,76,73,67
GENE-12503,NO,1,17,13,9,11,10,18
GENE-12504,NO,1,0,0,0,0,0,0
GENE-12505,NO,1,0,0,0,0,0,0
GENE-12506,NO,1,458,552,470,531,492,610
GENE-12507,NO,1,271,232,233,221,222,252
GENE-12508,YES,1,0,0,0,0,0,0
GENE-12509,NO,1,1295,1332,1315,1194,1390,1428
GENE-12510,NO,1,143,101,146,136,117,185
GENE-12511,NO,1,100,117,140,124,92,144
GENE-12512,NO,1,0,0,0,0,0,0
GENE-12513,NO,1,0,0,0,0,0,0
GENE-12514,NO,1,0,0,0,0,0,0
GENE-12515,NO,1,0,0,0,0,0,0
GENE-12516,NO,1,0,0,0,0,0,0
GENE-12517,NO,1,0,0,0,0,0,0
GENE-12518,NO,1,0,0,0,0,0,0
GENE-12519,NO,1,0,0,0,0,0,0
GENE-12520,NO,1,0,0,0,0,0,0
GENE-12521,NO,1,0,0,0,0,0,0
GENE-12522,NO,1,0,0,0,0,0,0
GENE-12523,NO,1,0,0,0,0,0,0
GENE-12524,NO,1,0,0,0,0,0,0
GENE-12525,NO,1,491,588,546,608,425,605
GENE-12526,NO,1,0,0,0,0,0,0
GENE-12527,NO,1,0,0,0,1,0,1
GENE-12528,NO,1,0,0,0,0,0,0
GENE-12529,NO,1,0,0,0,0,0,0
GENE-12530,NO,1,0,0,0,0,0,0
GENE-12531,NO,1,0,2,0,0,1,1
GENE-12532,NO,1,48,42,34,58,33,18
GENE-12533,NO,1,1424,1272,1178,1479,1103,954
GENE-12534,YES,1,7,6,9,3,2,4
GENE-12535,YES,1,0,0,0,0,0,0
GENE-12536,NO,1,0,0,0,0,0,0
GENE-12537,NO,1,0,0,0,0,0,0
GENE-12538,NO,1,0,0,0,0,0,0
GENE-12539,NO,1,0,0,0,0,0,0
GENE-12540,NO,1,0,0,0,0,0,0
GENE-12541,NO,1,11941,9741,7835,12127,10991,11650
GENE-12542,NO,1,0,0,0,0,0,0
GENE-12543,YES,1,0,0,0,0,0,0
GENE-12544,NO,1,0,0,0,0,0,0
GENE-12545,NO,1,0,0,0,0,0,0
GENE-12546,NO,1,139,143,154,150,178,168
GENE-12547,NO,1,0,0,0,0,0,0
GENE-12548,NO,1,0,0,0,0,0,0
GENE-12549,NO,1,0,0,0,0,0,0
GENE-12550,YES,1,0,0,0,0,0,0
GENE-12551,NO,1,37,47,42,36,31,46
GENE-12552,NO,1,47,40,36,29,36,33
GENE-12553,NO,1,0,0,0,0,0,0
GENE-12554,NO,1,0,0,0,0,0,0
GENE-12555,NO,1,10,9,9,9,9,6
GENE-12556,NO,1,0,0,0,0,0,0
GENE-12557,NO,1,0,0,0,0,0,0
GENE-12558,NO,1,2341,3080,2085,2637,1692,2494
GENE-12559,NO,1,13,7,4,5,9,9
GENE-12560,NO,1,0,0,0,0,0,0
GENE-12561,YES,1,0,0,0,0,0,0
GENE-12562,NO,1,0,0,0,0,0,0
GENE-12563,NO,1,70,62,62,65,66,66
GENE-12564,NO,1,57,45,43,49,73,62
GENE-12565,NO,1,0,0,0,0,0,0
GENE-12566,NO,1,0,0,0,0,0,0
GENE-12567,NO,1,3,4,6,3,4,3
GENE-12568,NO,1,162,164,201,173,206,217
GENE-12569,NO,1,101,119,89,91,96,132
GENE-12570,NO,1,192,209,156,153,144,168
GENE-12571,NO,1,462,527,460,589,620,432
GENE-12572,NO,1,0,0,0,0,0,0
GENE-12573,NO,1,0,0,0,0,0,0
GENE-12574,NO,1,0,1,0,0,1,0
GENE-12575,NO,1,0,0,0,0,0,0
GENE-12576,YES,1,0,0,0,0,0,0
GENE-12577,NO,1,0,0,0,0,0,0
GENE-12578,NO,1,159,133,138,149,224,189
GENE-12579,NO,1,0,0,0,0,0,0
GENE-12580,NO,1,1,2,1,1,0,2
GENE-12581,NO,1,0,0,0,0,0,0
GENE-12582,NO,1,0,0,0,0,0,0
GENE-12583,NO,1,0,0,0,0,0,0
GENE-12584,NO,1,55,53,43,70,58,58
GENE-12585,NO,1,61,57,52,49,60,42
GENE-12586,NO,1,0,0,0,0,0,0
GENE-12587,NO,1,0,0,0,0,0,0
GENE-12588,NO,1,0,0,0,0,0,0
GENE-12589,NO,1,205,87,132,101,215,122
GENE-12590,NO,1,0,0,0,0,0,0
GENE-12591,NO,1,0,0,0,0,0,0
GENE-12592,NO,1,0,0,0,0,0,0
GENE-12593,NO,1,0,0,0,0,0,0
GENE-12594,NO,1,0,0,0,0,0,0
GENE-12595,NO,1,0,0,0,0,0,0
GENE-12596,NO,1,0,0,0,0,0,0
GENE-12597,NO,1,0,0,0,0,0,0
GENE-12598,NO,1,7,6,7,1,4,11
GENE-12599,NO,1,0,0,0,0,0,0
GENE-12600,NO,1,0,0,0,0,0,0
GENE-12601,NO,1,0,0,0,0,0,0
GENE-12602,NO,1,0,0,0,0,0,0
GENE-12603,YES,1,0,0,0,0,0,0
GENE-12604,NO,1,0,0,0,0,0,0
GENE-12605,NO,1,9,6,14,12,5,10
GENE-12606,NO,1,88,113,72,79,103,89
GENE-12607,NO,1,0,0,0,0,0,0
GENE-12608,NO,1,0,0,0,0,0,0
GENE-12609,NO,1,0,0,0,0,0,0
GENE-12610,NO,1,416,378,340,459,485,448
GENE-12611,NO,1,0,0,0,0,0,0
GENE-12612,NO,1,0,0,0,0,0,0
GENE-12613,NO,1,0,0,0,0,0,0
GENE-12614,NO,1,697,1251,841,478,770,1477
GENE-12615,NO,1,0,0,0,0,0,0
GENE-12616,NO,1,0,0,0,0,0,0
GENE-12617,NO,1,0,0,0,0,0,0
GENE-12618,NO,1,1,1,2,0,1,0
GENE-12619,NO,1,0,0,0,0,0,0
GENE-12620,NO,1,0,0,0,0,0,0
GENE-12621,NO,1,0,0,0,0,0,0
GENE-12622,NO,1,0,0,0,0,0,0
GENE-12623,NO,1,0,0,0,0,0,0
GENE-12624,YES,1,0,0,0,0,0,0
GENE-12625,NO,1,0,0,0,0,0,0
GENE-12626,NO,1,39,78,22,51,52,90
GENE-12627,NO,1,0,0,0,0,0,0
GENE-12628,YES,1,0,0,0,0,0,0
GENE-12629,NO,1,6,8,9,6,10,1
GENE-12630,NO,1,0,0,0,0,0,0
GENE-12631,NO,1,0,0,0,0,0,0
GENE-12632,NO,1,224,165,136,283,228,161
GENE-12633,NO,1,0,0,0,0,0,0
GENE-12634,NO,1,0,0,0,0,0,0
GENE-12635,NO,1,601,524,444,422,488,511
GENE-12636,NO,1,0,0,0,0,0,0
GENE-12637,NO,1,0,0,0,0,0,0
GENE-12638,NO,1,12,9,7,7,11,9
GENE-12639,YES,1,0,0,0,0,0,0
GENE-12640,NO,1,0,0,0,0,0,0
GENE-12641,NO,1,0,0,0,0,0,0
GENE-12642,NO,1,45,49,36,47,58,64
GENE-12643,NO,1,0,0,0,0,0,0
GENE-12644,NO,1,0,0,0,0,0,0
GENE-12645,NO,1,0,0,0,0,0,0
GENE-12646,NO,1,0,0,0,0,0,0
GENE-12647,NO,1,0,0,0,0,0,0
GENE-12648,NO,1,0,0,0,0,0,0
GENE-12649,NO,1,50,45,40,59,47,61
GENE-12650,NO,1,0,0,0,0,0,0
GENE-12651,NO,1,46,55,44,75,24,63
GENE-12652,NO,1,0,0,0,0,0,1
GENE-12653,NO,1,8,8,4,11,10,10
GENE-12654,NO,1,0,0,0,0,0,0
GENE-12655,NO,1,0,0,0,0,0,0
GENE-12656,NO,1,1167,1157,1168,1351,1308,1137
GENE-12657,NO,1,0,0,0,0,0,0
GENE-12658,NO,1,0,0,0,0,0,0
GENE-12659,NO,1,20,11,16,21,20,21
GENE-12660,NO,1,0,0,0,0,0,0
GENE-12662,NO,1,65,59,60,54,48,54
GENE-12663,NO,1,0,0,0,0,0,0
GENE-12664,NO,1,0,0,0,0,0,0
GENE-12665,NO,1,1,1,1,2,0,2
GENE-12666,NO,1,12,4,8,7,9,18
GENE-12667,NO,1,0,0,0,0,0,0
GENE-12669,NO,1,0,0,0,0,0,0
GENE-12670,NO,1,388,3,0,903,13,395
GENE-12671,NO,1,0,0,0,0,0,0
GENE-12672,NO,1,0,0,0,0,0,0
GENE-12673,NO,1,1540,2193,1482,2119,1859,2673
GENE-12674,NO,1,0,0,0,0,0,0
GENE-12675,NO,1,0,0,0,0,0,0
GENE-12676,NO,1,0,0,0,0,0,0
GENE-12677,NO,1,0,0,0,0,0,0
GENE-12678,NO,1,180,152,181,149,165,170
GENE-12679,NO,1,283,203,232,215,245,211
GENE-12680,NO,1,1121,943,2303,1171,1717,1205
GENE-12681,NO,1,76,36,58,53,55,50
GENE-12682,NO,1,307,171,278,55,674,391
GENE-12683,YES,1,0,0,0,0,0,0
GENE-12684,NO,1,0,0,0,0,0,0
GENE-12685,NO,1,0,0,0,0,0,0
GENE-12686,NO,1,0,0,0,0,0,0
GENE-12687,NO,1,0,0,0,0,0,0
GENE-12688,NO,1,0,0,0,0,0,0
GENE-12689,NO,1,62,8,12,24,84,87
GENE-12690,NO,1,0,0,0,0,0,0
GENE-12691,NO,1,0,0,0,0,0,0
GENE-12692,NO,1,0,0,0,0,0,0
GENE-12693,NO,1,0,0,0,0,0,0
GENE-12694,NO,1,0,0,0,0,0,0
GENE-12695,NO,1,0,0,0,0,0,0
GENE-12696,NO,1,0,0,0,0,0,0
GENE-12697,NO,1,9,4,8,3,3,6
GENE-12698,NO,1,0,0,0,0,0,0
GENE-12699,NO,1,0,0,0,0,0,0
GENE-12701,NO,1,0,0,0,0,0,0
GENE-12702,NO,1,0,0,0,0,0,0
GENE-12703,NO,1,0,0,0,0,0,0
GENE-12704,NO,1,203,184,214,182,181,196
GENE-12705,NO,1,115,106,4,25,87,38
GENE-12706,NO,1,0,0,0,0,0,0
GENE-12707,YES,1,0,0,0,0,0,0
GENE-12708,NO,1,0,2,0,0,0,0
GENE-12709,NO,1,0,0,0,0,0,0
GENE-12710,NO,1,0,0,0,0,0,0
GENE-12711,NO,1,0,0,0,0,0,0
GENE-12712,NO,1,0,0,0,0,0,0
GENE-12713,NO,1,0,0,0,0,0,0
GENE-12714,NO,1,7,5,7,7,3,3
GENE-12715,NO,1,1868,1591,1864,1433,2084,1924
GENE-12716,NO,1,0,0,0,0,0,0
GENE-12717,NO,1,0,0,0,0,0,0
GENE-12718,NO,1,0,0,0,0,0,0
GENE-12719,NO,1,0,0,0,0,0,0
GENE-12720,NO,1,0,0,0,0,0,0
GENE-12721,NO,1,167,152,61,78,104,38
GENE-12722,NO,1,0,0,0,0,0,0
GENE-12723,NO,1,0,0,0,0,0,0
GENE-12724,NO,1,2,0,0,0,0,2
GENE-12725,NO,1,0,0,0,0,0,0
GENE-12726,NO,1,1,1,0,0,0,1
GENE-12727,NO,1,9,4,7,3,4,6
GENE-12728,NO,1,0,0,0,0,0,0
GENE-12729,NO,1,0,0,0,0,0,0
GENE-12730,NO,1,0,0,0,0,0,0
GENE-12731,NO,1,28,26,20,21,29,16
GENE-12732,NO,1,0,0,0,0,0,0
GENE-12733,NO,1,340,396,382,309,301,276
GENE-12734,NO,1,0,0,0,0,0,0
GENE-12735,NO,1,1006,1156,776,876,1162,891
GENE-12736,NO,1,3,1,3,3,3,4
GENE-12737,NO,1,0,0,0,0,0,0
GENE-12738,YES,1,0,0,0,0,0,0
GENE-12739,NO,1,0,0,0,0,0,0
GENE-12740,NO,1,6,6,16,10,6,11
GENE-12741,NO,1,0,0,0,0,0,0
GENE-12742,NO,1,0,0,0,0,0,0
GENE-12743,NO,1,2,1,2,0,1,3
GENE-12744,NO,1,0,0,0,0,0,0
GENE-12745,NO,1,0,0,0,0,0,0
GENE-12746,NO,1,0,0,0,0,0,0
GENE-12747,NO,1,0,0,0,0,0,0
GENE-12748,NO,1,0,0,0,0,0,0
GENE-12749,NO,1,8,8,7,14,10,7
GENE-12750,NO,1,0,2,0,0,0,0
GENE-12751,NO,1,14,21,16,18,12,16
GENE-12752,NO,1,0,0,0,0,0,0
GENE-12753,NO,1,0,0,0,0,0,0
GENE-12754,NO,1,0,0,1,0,0,0
GENE-12755,NO,1,0,0,0,0,0,0
GENE-12756,NO,1,0,0,0,0,0,0
GENE-12757,NO,1,0,0,0,0,0,0
GENE-12758,NO,1,0,0,0,0,0,0
GENE-12759,NO,1,1002,398,9,594,1118,228
GENE-12760,NO,1,0,0,0,0,0,0
GENE-12761,NO,1,0,0,0,0,0,0
GENE-12762,NO,1,343,404,354,441,366,392
GENE-12763,NO,1,0,0,0,0,0,0
GENE-12764,NO,1,62,98,78,62,85,94
GENE-12765,NO,1,10,0,1,0,1,3
GENE-12766,NO,1,2,5,1,4,4,4
GENE-12767,NO,1,1,1,0,0,2,0
GENE-12768,NO,1,0,1,1,3,2,3
GENE-12769,NO,1,0,0,0,0,0,0
GENE-12770,NO,1,0,0,0,0,0,0
GENE-12771,NO,1,0,0,0,0,0,0
GENE-12772,NO,1,3,4,2,3,5,7
GENE-12773,NO,1,0,0,0,0,0,0
GENE-12774,NO,1,11,18,8,13,14,19
GENE-12775,NO,1,0,0,0,0,0,0
GENE-12776,NO,1,0,0,0,0,0,0
GENE-12777,NO,1,0,0,0,0,0,0
GENE-12778,NO,1,0,0,0,0,1,1
GENE-12779,YES,1,0,0,0,0,0,0
GENE-12780,NO,1,0,0,0,0,0,1
GENE-12781,NO,1,0,0,0,0,0,0
GENE-12782,NO,1,0,0,0,0,0,0
GENE-12783,NO,1,0,0,0,0,0,0
GENE-12784,NO,1,0,0,0,0,0,0
GENE-12785,NO,1,38,25,29,37,35,26
GENE-12786,NO,1,0,0,1,0,0,1
GENE-12787,NO,1,0,0,0,0,0,0
GENE-12788,NO,1,0,0,0,0,0,0
GENE-12789,NO,1,0,0,0,0,0,0
GENE-12790,NO,1,0,0,0,0,0,0
GENE-12791,NO,1,0,0,0,0,0,0
GENE-12792,NO,1,0,0,0,0,0,0
GENE-12793,NO,1,1,0,1,0,0,0
GENE-12794,NO,1,0,0,0,0,0,0
GENE-12795,NO,1,358,322,364,311,273,367
GENE-12796,NO,1,0,0,0,0,0,0
GENE-12797,NO,1,0,0,0,0,0,0
GENE-12798,NO,1,0,0,0,0,0,0
GENE-12799,NO,1,20,8,14,14,11,15
GENE-12800,NO,1,0,0,0,0,0,0
GENE-12801,NO,1,0,0,0,0,0,0
GENE-12802,NO,1,0,0,0,0,0,0
GENE-12803,NO,1,35,26,24,33,35,27
GENE-12804,NO,1,0,0,0,0,0,0
GENE-12805,NO,1,69,25,44,56,43,24
GENE-12806,NO,1,0,0,0,0,0,0
GENE-12807,NO,1,0,0,0,0,0,0
GENE-12808,YES,1,0,0,0,0,0,0
GENE-12809,NO,1,0,0,0,0,0,0
GENE-12810,NO,1,0,0,0,0,0,0
GENE-12811,NO,1,0,0,0,0,0,0
GENE-12812,NO,1,0,0,0,0,0,0
GENE-12813,NO,1,0,0,0,0,0,0
GENE-12814,NO,1,0,0,0,0,0,0
GENE-12815,NO,1,0,0,0,0,0,0
GENE-12816,NO,1,0,0,0,0,0,0
GENE-12817,NO,1,0,0,0,0,0,0
GENE-12818,NO,1,0,0,0,0,0,0
GENE-12819,NO,1,0,0,0,0,0,0
GENE-12820,NO,1,0,0,0,0,0,0
GENE-12821,NO,1,292,209,255,345,327,386
GENE-12822,NO,1,36,68,44,49,35,33
GENE-12823,NO,1,0,0,0,0,0,0
GENE-12824,NO,1,0,0,0,0,0,0
GENE-12825,NO,1,0,0,0,0,0,0
GENE-12826,YES,1,0,0,0,0,0,0
GENE-12827,NO,1,0,0,0,0,0,0
GENE-12828,NO,1,12,21,24,11,22,6
GENE-12829,NO,1,25,22,25,22,25,24
GENE-12830,NO,1,86,65,71,85,38,73
GENE-12831,NO,1,111,80,89,90,126,102
GENE-12832,NO,1,0,0,0,0,0,0
GENE-12833,NO,1,0,0,0,0,0,0
GENE-12834,NO,1,0,0,0,0,0,0
GENE-12835,NO,1,0,0,0,0,0,0
GENE-12836,NO,1,0,0,0,0,0,0
GENE-12837,NO,1,0,0,0,0,0,0
GENE-12838,NO,1,0,0,0,0,0,0
GENE-12839,NO,1,0,0,0,0,0,0
GENE-12840,NO,1,0,0,0,0,0,0
GENE-12841,NO,1,3,3,4,4,2,2
GENE-12843,NO,1,0,0,0,0,0,0
GENE-12844,NO,1,0,0,0,0,0,0
GENE-12845,YES,1,0,0,0,0,0,0
GENE-12846,NO,1,0,0,0,0,0,0
GENE-12847,NO,1,0,0,0,0,0,0
GENE-12848,NO,1,0,0,0,0,0,0
GENE-12849,NO,1,0,0,0,0,0,0
GENE-12850,YES,1,0,0,0,0,0,0
GENE-12851,NO,1,0,0,0,0,0,0
GENE-12852,NO,1,793,783,539,870,741,417
GENE-12853,NO,1,1524,1541,1851,1674,2056,1261
GENE-12854,NO,1,0,0,0,0,0,0
GENE-12855,YES,1,0,0,0,0,0,0
GENE-12856,NO,1,0,0,0,0,0,0
GENE-12857,NO,1,0,0,0,0,0,0
GENE-12858,NO,1,0,1,0,0,1,4
GENE-12859,NO,1,0,0,0,0,0,0
GENE-12860,NO,1,8,9,4,19,6,2
GENE-12861,NO,1,248,219,196,297,199,182
GENE-12862,NO,1,2,1,1,2,1,2
GENE-12863,NO,1,0,0,0,0,0,0
GENE-12864,NO,1,0,0,0,0,0,0
GENE-12865,NO,1,2,12,14,7,10,10
GENE-12866,NO,1,0,0,0,0,0,0
GENE-12867,NO,1,0,0,0,0,0,0
GENE-12868,NO,1,966,1078,987,970,1096,989
GENE-12869,NO,1,25,38,29,31,32,45
GENE-12870,NO,1,8,6,8,8,4,10
GENE-12871,NO,1,0,0,0,0,0,0
GENE-12872,NO,1,0,0,0,0,0,0
GENE-12873,NO,1,0,0,0,0,0,0
GENE-12874,NO,1,0,0,0,0,0,0
GENE-12875,NO,1,2048,3744,1694,2083,1935,1760
GENE-12876,NO,1,140,200,114,213,98,140
GENE-12877,NO,1,0,0,0,0,0,0
GENE-12878,NO,1,0,0,0,0,0,0
GENE-12879,NO,1,0,0,0,0,0,0
GENE-12880,NO,1,0,0,0,0,0,0
GENE-12881,NO,1,0,0,0,0,0,0
GENE-12882,NO,1,40,46,30,41,30,28
GENE-12883,NO,1,0,0,0,0,0,0
GENE-12884,NO,1,0,0,0,0,0,0
GENE-12885,NO,1,0,0,0,0,0,0
GENE-12886,NO,1,0,0,0,0,0,0
GENE-12887,NO,1,2782,2480,2717,2186,3239,2646
GENE-12888,NO,1,0,0,0,0,0,0
GENE-12889,NO,1,9,6,4,1,2,8
GENE-12890,NO,1,0,0,0,0,0,0
GENE-12891,NO,1,0,0,0,0,0,0
GENE-12892,NO,1,0,0,0,0,0,0
GENE-12893,NO,1,0,0,0,0,1,1
GENE-12894,NO,1,0,0,0,0,0,0
GENE-12895,NO,1,127,170,365,257,225,445
GENE-12896,NO,1,0,0,0,0,0,0
GENE-12897,YES,1,0,0,0,0,0,0
GENE-12898,NO,1,0,1,0,1,1,0
GENE-12899,YES,1,0,0,0,0,0,0
GENE-12900,NO,1,476,501,480,484,856,815
GENE-12901,NO,1,717,813,759,803,652,562
GENE-12902,NO,1,0,0,0,0,0,0
GENE-12903,YES,1,0,0,0,0,0,0
GENE-12904,NO,1,0,0,0,0,0,0
GENE-12905,NO,1,0,0,0,0,0,0
GENE-12906,NO,1,0,0,0,0,0,0
GENE-12907,NO,1,0,0,0,0,0,0
GENE-12908,NO,1,0,0,0,0,0,0
GENE-12909,NO,1,0,0,0,0,0,0
GENE-12910,NO,1,0,0,0,0,0,0
GENE-12911,YES,1,0,0,0,0,0,0
GENE-12912,NO,1,0,0,0,0,0,0
GENE-12913,NO,1,0,0,0,0,0,0
GENE-12914,NO,1,41,24,29,34,26,19
GENE-12915,NO,1,161,103,122,140,144,195
GENE-12916,NO,1,0,0,0,0,0,0
GENE-12917,NO,1,0,0,0,0,0,0
GENE-12918,NO,1,0,0,0,0,0,0
GENE-12919,NO,1,0,0,0,0,0,0
GENE-12920,NO,1,0,0,0,0,0,0
GENE-12921,NO,1,0,0,0,0,0,0
GENE-12922,NO,1,0,0,1,0,0,0
GENE-12923,NO,1,0,0,0,0,0,0
GENE-12924,NO,1,0,0,0,0,0,0
GENE-12925,YES,1,0,0,0,0,0,0
GENE-12926,NO,1,8,4,7,4,7,5
GENE-12927,NO,1,0,0,0,0,0,0
GENE-12928,NO,1,438,548,381,490,586,336
GENE-12929,NO,1,0,0,0,0,0,0
GENE-12930,NO,1,1261,816,1218,1045,1002,1249
GENE-12931,NO,1,0,0,0,0,0,0
GENE-12932,NO,1,0,0,0,0,0,1
GENE-12933,NO,1,180,211,199,192,198,166
GENE-12934,NO,1,0,0,0,0,0,0
GENE-12935,NO,1,0,0,0,0,0,0
GENE-12936,NO,1,0,0,0,0,0,0
GENE-12937,NO,1,660,693,599,602,670,712
GENE-12938,NO,1,0,0,0,0,0,0
GENE-12939,NO,1,0,0,0,0,0,0
GENE-12940,NO,1,0,0,0,0,0,0
GENE-12941,NO,1,43,51,53,49,63,46
GENE-12942,NO,1,0,0,0,0,0,0
GENE-12943,NO,1,992,1546,3274,2479,2174,5575
GENE-12944,NO,1,0,0,0,0,0,0
GENE-12945,NO,1,0,1,0,0,0,0
GENE-12946,NO,1,1,0,1,1,0,2
GENE-12947,NO,1,15,17,31,30,10,22
GENE-12948,NO,1,0,0,0,0,0,0
GENE-12949,NO,1,34,45,52,42,36,43
GENE-12950,NO,1,2623,2309,2710,2651,2208,2595
GENE-12951,NO,1,0,0,0,0,0,0
GENE-12952,NO,1,0,0,0,0,0,0
GENE-12953,NO,1,0,0,0,0,0,0
GENE-12954,NO,1,772,817,891,904,887,877
GENE-12955,NO,1,0,0,0,0,0,0
GENE-12956,NO,1,0,0,0,0,0,0
GENE-12957,NO,1,0,0,0,0,0,0
GENE-12958,NO,1,13,14,14,10,13,17
GENE-12959,NO,1,0,0,0,0,0,0
GENE-12960,NO,1,0,0,0,0,0,0
GENE-12961,NO,1,0,0,0,0,0,0
GENE-12962,YES,1,0,0,0,0,0,0
GENE-12963,NO,1,0,2,1,1,0,2
GENE-12964,NO,1,0,0,0,0,0,0
GENE-12965,NO,1,0,0,0,0,0,0
GENE-12966,NO,1,28,35,23,42,28,26
GENE-12967,NO,1,0,0,0,0,0,0
GENE-12968,NO,1,0,0,0,0,0,0
GENE-12969,NO,1,0,0,0,0,0,0
GENE-12970,NO,1,0,0,0,0,0,0
GENE-12971,NO,1,0,0,0,0,0,0
GENE-12972,YES,1,0,0,0,0,0,0
GENE-12973,NO,1,0,0,0,0,0,0
GENE-12974,NO,1,4,3,4,10,5,3
GENE-12975,NO,1,0,0,0,0,0,0
GENE-12976,NO,1,0,0,0,0,0,0
GENE-12977,NO,1,0,0,0,0,0,0
GENE-12978,NO,1,0,0,0,0,0,0
GENE-12979,NO,1,0,0,0,0,0,0
GENE-12980,NO,1,0,0,0,0,0,0
GENE-12981,NO,1,0,0,0,0,0,0
GENE-12982,NO,1,0,0,0,0,0,0
GENE-12983,NO,1,221,215,230,164,244,224
GENE-12984,NO,1,0,0,0,0,0,0
GENE-12985,NO,1,75,135,67,124,190,163
GENE-12986,NO,1,0,0,0,0,0,0
GENE-12987,NO,1,0,0,0,0,0,0
GENE-12988,NO,1,147,146,176,200,308,151
GENE-12989,NO,1,0,0,0,0,0,0
GENE-12990,NO,1,119,122,103,90,88,109
GENE-12991,NO,1,13,11,14,17,5,10
GENE-12992,YES,1,0,0,0,0,0,0
GENE-12993,NO,1,0,0,0,0,0,0
GENE-12994,NO,1,0,0,0,0,0,0
GENE-12995,NO,1,0,0,0,0,0,0
GENE-12996,YES,1,0,0,0,0,0,0
GENE-12997,NO,1,0,0,0,0,0,0
GENE-12998,NO,1,0,0,0,0,0,0
GENE-12999,NO,1,0,0,0,0,0,0
GENE-13000,YES,1,1,0,0,2,4,2
GENE-13001,NO,1,269,312,312,434,437,247
GENE-13002,NO,1,0,0,0,0,0,0
GENE-13003,NO,1,122,124,116,122,125,103
GENE-13004,NO,1,229,271,270,263,298,283
GENE-13005,NO,1,0,0,0,0,0,0
GENE-13006,NO,1,1,0,0,2,3,0
GENE-13007,NO,1,0,0,0,0,0,0
GENE-13008,NO,1,2807,2732,2170,2621,2253,2858
GENE-13009,NO,1,56,51,42,38,61,38
GENE-13010,NO,1,0,0,0,0,0,0
GENE-13011,NO,1,11,4,5,12,1,5
GENE-13012,NO,1,67,53,50,55,64,55
GENE-13013,NO,1,0,0,0,0,0,0
GENE-13014,NO,1,0,0,0,0,0,0
GENE-13015,NO,1,0,0,0,0,0,0
GENE-13016,NO,1,0,0,0,0,0,0
GENE-13017,NO,1,0,0,0,0,0,0
GENE-13018,NO,1,10,19,12,16,17,23
GENE-13019,NO,1,0,0,0,0,0,0
GENE-13020,NO,1,0,0,0,0,0,0
GENE-13021,NO,1,0,0,0,0,0,0
GENE-13022,NO,1,0,0,0,0,0,0
GENE-13023,NO,1,0,0,0,0,0,0
GENE-13024,NO,1,0,0,0,0,0,0
GENE-13025,NO,1,42,54,49,41,47,34
GENE-13026,NO,1,0,0,0,0,0,0
GENE-13027,YES,1,0,0,0,0,0,0
GENE-13028,NO,1,47,83,102,70,102,47
GENE-13029,NO,1,0,0,0,0,0,0
GENE-13030,NO,1,2061,2349,2156,2221,2043,2340
GENE-13031,NO,1,7,13,11,11,7,12
GENE-13032,NO,1,0,0,0,0,0,0
GENE-13033,NO,1,806,607,773,832,735,656
GENE-13034,NO,1,228,283,214,278,170,196
GENE-13035,NO,1,19,22,17,28,10,21
GENE-13036,NO,1,1505,779,1047,1122,1138,932
GENE-13037,NO,1,99,115,105,101,105,96
GENE-13038,NO,1,409,422,508,436,442,421
GENE-13039,NO,1,99,72,61,64,44,89
GENE-13040,NO,1,0,0,0,0,0,0
GENE-13041,NO,1,9,6,7,2,1,5
GENE-13042,NO,1,945,484,811,545,1185,774
GENE-13043,NO,1,0,0,0,0,0,0
GENE-13044,NO,1,10,6,17,16,23,13
GENE-13046,NO,1,0,1,1,1,2,0
GENE-13047,NO,1,0,0,0,0,0,0
GENE-13048,NO,1,0,0,0,0,0,0
GENE-13049,NO,1,34,59,48,44,26,32
GENE-13050,NO,1,0,0,0,0,0,0
GENE-13051,NO,1,0,0,0,0,0,0
GENE-13052,NO,1,19,26,51,49,22,25
GENE-13053,NO,1,264,232,296,204,481,225
GENE-13054,NO,1,0,0,0,0,0,0
GENE-13055,NO,1,0,0,0,0,0,0
GENE-13056,NO,1,92,121,226,129,239,173
GENE-13057,NO,1,0,0,0,0,0,0
GENE-13058,NO,1,24,25,10,13,21,31
GENE-13059,NO,1,0,0,0,0,0,0
GENE-13060,NO,1,0,0,0,0,0,0
GENE-13061,NO,1,0,0,0,0,0,0
GENE-13063,NO,1,0,0,0,0,0,0
GENE-13064,NO,1,0,0,0,0,0,0
GENE-13065,NO,1,0,0,0,0,0,0
GENE-13066,NO,1,0,0,0,0,0,0
GENE-13067,NO,1,0,0,0,0,0,0
GENE-13068,NO,1,0,0,0,0,0,0
GENE-13069,NO,1,299,295,247,283,335,316
GENE-13070,NO,1,0,0,0,0,0,0
GENE-13071,NO,1,0,0,0,0,0,0
GENE-13072,NO,1,0,0,0,0,0,0
GENE-13073,NO,1,15,15,21,16,32,25
GENE-13074,NO,1,0,0,0,0,0,0
GENE-13075,NO,1,2,6,5,4,6,6
GENE-13076,NO,1,0,0,0,0,0,0
GENE-13077,NO,1,0,0,0,0,0,0
GENE-13078,NO,1,0,0,0,0,0,0
GENE-13079,NO,1,0,0,0,0,0,0
GENE-13080,NO,1,0,0,0,0,0,0
GENE-13081,NO,1,0,0,0,0,0,0
GENE-13082,NO,1,0,0,0,0,0,0
GENE-13083,NO,1,473,402,374,400,390,417
GENE-13084,NO,1,41,50,25,43,32,33
GENE-13085,NO,1,0,0,0,0,0,0
GENE-13086,YES,1,3,2,3,0,0,0
GENE-13087,NO,1,0,0,0,0,0,0
GENE-13088,NO,1,0,0,0,0,0,0
GENE-13089,NO,1,1,0,0,1,0,4
GENE-13090,NO,1,0,0,0,0,0,0
GENE-13091,NO,1,287,273,322,236,227,235
GENE-13092,NO,1,65,55,74,68,57,59
GENE-13093,NO,1,0,0,0,0,0,0
GENE-13094,NO,1,0,0,0,0,0,0
GENE-13095,NO,1,0,0,0,0,0,0
GENE-13096,NO,1,3703,3877,4087,3537,4449,4323
GENE-13097,NO,1,0,0,0,0,0,0
GENE-13098,NO,1,8,2,3,8,2,3
GENE-13099,NO,1,0,0,0,0,0,0
GENE-13100,NO,1,0,0,0,0,0,0
GENE-13101,NO,1,0,0,0,0,0,0
GENE-13102,NO,1,40,20,24,36,22,28
GENE-13103,NO,1,8,6,8,9,1,9
GENE-13104,NO,1,41,25,36,32,38,41
GENE-13105,NO,1,32,39,36,32,42,18
GENE-13106,NO,1,2,5,6,4,3,4
GENE-13107,NO,1,43,74,98,116,61,48
GENE-13108,NO,1,0,0,0,0,0,0
GENE-13109,NO,1,3,9,6,9,10,8
GENE-13110,NO,1,0,0,0,0,0,0
GENE-13111,NO,1,0,0,0,0,0,0
GENE-13112,NO,1,0,0,0,0,0,0
GENE-13113,NO,1,0,0,0,0,0,0
GENE-13114,NO,1,1942,2294,1553,2217,3179,1661
GENE-13115,NO,1,0,0,0,0,0,0
GENE-13116,NO,1,0,0,0,0,0,0
GENE-13117,NO,1,0,0,0,0,0,0
GENE-13118,NO,1,1,3,7,2,7,0
GENE-13119,NO,1,634,791,578,907,813,922
GENE-13120,NO,1,0,0,0,0,0,0
GENE-13121,NO,1,24,44,16,50,43,23
GENE-13122,NO,1,265,271,263,211,235,271
GENE-13123,NO,1,0,0,0,0,0,0
GENE-13124,NO,1,0,0,0,0,0,0
GENE-13125,NO,1,34,21,24,28,36,27
GENE-13126,NO,1,1136,1493,1871,1028,1409,2148
GENE-13127,NO,1,0,0,0,0,0,0
GENE-13128,NO,1,0,0,0,0,0,0
GENE-13129,YES,1,0,0,0,0,0,0
GENE-13130,NO,1,6,5,2,4,4,1
GENE-13131,NO,1,8,5,5,7,6,4
GENE-13132,NO,1,0,0,0,0,0,0
GENE-13133,NO,1,0,0,0,0,0,0
GENE-13134,NO,1,0,0,0,0,0,0
GENE-13135,NO,1,84,98,102,100,80,80
GENE-13136,NO,1,75,83,66,75,65,85
GENE-13137,NO,1,0,0,0,0,0,0
GENE-13138,NO,1,0,0,0,0,1,0
GENE-13139,NO,1,128,118,141,175,164,116
GENE-13140,NO,1,304,257,315,291,303,295
GENE-13141,NO,1,0,0,0,0,0,0
GENE-13142,NO,1,0,0,0,0,0,0
GENE-13143,NO,1,0,0,0,0,0,0
GENE-13144,NO,1,0,0,0,0,0,0
GENE-13145,NO,1,1,1,1,2,1,3
GENE-13146,NO,1,0,0,0,0,0,0
GENE-13147,NO,1,0,0,0,0,0,0
GENE-13148,NO,1,0,0,0,0,0,0
GENE-13149,NO,1,1,0,0,0,1,0
GENE-13150,NO,1,0,0,0,0,0,0
GENE-13151,NO,1,0,0,0,0,0,0
GENE-13152,NO,1,1833,1583,1833,1834,1493,2084
GENE-13153,NO,1,56,74,49,52,48,59
GENE-13154,NO,1,0,0,0,0,0,0
GENE-13155,NO,1,0,0,0,0,0,0
GENE-13156,NO,1,0,0,0,0,0,0
GENE-13158,NO,1,18,28,16,22,18,34
GENE-13159,NO,1,0,0,0,0,0,0
GENE-13160,NO,1,0,0,0,0,0,0
GENE-13161,NO,1,0,0,0,0,0,0
GENE-13162,NO,1,0,0,0,0,0,0
GENE-13163,NO,1,0,0,0,0,0,0
GENE-13164,NO,1,3,1,1,2,3,4
GENE-13165,NO,1,0,0,0,0,0,0
GENE-13166,NO,1,0,0,0,0,0,0
GENE-13167,NO,1,29,36,34,45,34,39
GENE-13168,NO,1,0,0,0,0,0,0
GENE-13169,NO,1,490,502,533,551,483,446
GENE-13170,NO,1,172,217,180,188,225,195
GENE-13171,NO,1,58,49,49,56,37,50
GENE-13172,NO,1,0,0,0,0,0,0
GENE-13173,NO,1,0,0,0,0,0,0
GENE-13174,NO,1,0,0,0,0,0,0
GENE-13175,NO,1,0,0,0,0,0,0
GENE-13176,NO,1,58,41,55,75,52,73
GENE-13177,NO,1,0,0,1,0,0,0
GENE-13178,NO,1,1402,2102,1156,1090,1051,830
GENE-13179,NO,1,0,0,0,0,0,0
GENE-13180,NO,1,889,824,838,738,866,836
GENE-13181,NO,1,0,0,0,0,0,0
GENE-13182,NO,1,0,0,0,0,0,0
GENE-13183,NO,1,0,0,0,0,0,0
GENE-13184,NO,1,120,86,94,86,100,118
GENE-13185,NO,1,0,0,0,0,0,0
GENE-13186,NO,1,0,0,0,0,0,0
GENE-13187,NO,1,37,24,41,53,46,46
GENE-13188,NO,1,0,0,0,0,0,0
GENE-13189,NO,1,0,0,0,0,0,0
GENE-13190,NO,1,0,0,0,0,0,0
GENE-13191,NO,1,0,0,0,0,0,0
GENE-13192,NO,1,0,0,0,0,0,0
GENE-13193,NO,1,3658,3916,3440,1940,918,2119
GENE-13194,NO,1,0,0,0,0,0,0
GENE-13195,NO,1,0,0,0,0,0,0
GENE-13196,NO,1,0,0,0,0,0,0
GENE-13197,NO,1,0,3,2,1,3,2
GENE-13198,NO,1,0,0,0,0,0,0
GENE-13199,NO,1,0,0,0,0,0,0
GENE-13200,NO,1,0,0,0,0,0,0
GENE-13201,NO,1,1403,1480,1258,1409,1442,1287
GENE-13202,NO,1,3,4,4,4,11,4
GENE-13203,NO,1,3,1,1,4,0,4
GENE-13204,NO,1,0,0,0,0,0,0
GENE-13205,NO,1,0,0,0,0,0,0
GENE-13206,NO,1,0,0,0,0,0,0
GENE-13207,NO,1,0,0,0,0,0,0
GENE-13208,NO,1,0,0,0,0,0,0
GENE-13209,YES,1,0,0,0,0,0,0
GENE-13210,YES,1,4,4,8,3,0,1
GENE-13211,NO,1,1,2,2,2,1,2
GENE-13212,YES,1,0,0,0,0,0,0
GENE-13213,NO,1,0,0,0,0,0,0
GENE-13214,NO,1,1049,1312,841,965,458,564
GENE-13215,NO,1,0,0,0,0,0,0
GENE-13216,NO,1,214,249,206,264,246,221
GENE-13217,NO,1,0,0,0,0,0,0
GENE-13218,NO,1,0,0,0,0,0,0
GENE-13219,NO,1,73,78,69,94,55,77
GENE-13220,NO,1,0,0,0,0,0,0
GENE-13221,NO,1,545,878,460,983,515,163
GENE-13222,NO,1,2,6,3,9,6,2
GENE-13223,NO,1,292,248,291,247,309,306
GENE-13224,NO,1,0,0,0,0,0,0
GENE-13225,NO,1,0,0,0,0,0,0
GENE-13226,NO,1,0,0,0,0,1,0
GENE-13227,NO,1,0,0,0,0,0,0
GENE-13229,NO,1,0,0,0,0,0,0
GENE-13230,NO,1,16,17,19,15,12,12
GENE-13231,NO,1,1041,663,1317,709,856,945
GENE-13232,NO,1,0,0,0,0,0,0
GENE-13233,NO,1,0,0,0,0,0,0
GENE-13234,NO,1,0,0,0,0,0,0
GENE-13235,NO,1,0,0,0,0,0,0
GENE-13236,NO,1,0,0,0,0,0,0
GENE-13237,NO,1,140,160,78,142,136,182
GENE-13238,NO,1,0,0,0,0,0,0
GENE-13239,NO,1,0,0,0,0,0,0
GENE-13240,NO,1,4,4,5,2,3,2
GENE-13241,NO,1,0,0,0,0,0,0
GENE-13242,NO,1,15,7,14,5,10,11
GENE-13243,NO,1,0,0,0,0,0,0
GENE-13244,NO,1,0,0,0,0,0,0
GENE-13245,NO,1,3,5,3,2,2,1
GENE-13246,NO,1,26,26,24,23,24,28
GENE-13247,NO,1,0,0,0,0,0,0
GENE-13248,NO,1,0,0,0,0,0,0
GENE-13249,NO,1,2481,2261,2286,2682,2305,2505
GENE-13250,NO,1,0,0,0,0,0,0
GENE-13251,NO,1,0,0,0,0,0,0
GENE-13252,NO,1,2148,2584,2344,2396,2327,3138
GENE-13253,NO,1,0,0,0,0,0,0
GENE-13254,NO,1,0,0,0,0,0,0
GENE-13255,NO,1,7,8,14,4,12,12
GENE-13256,NO,1,97,96,139,80,84,94
GENE-13257,NO,1,0,0,0,0,0,0
GENE-13258,NO,1,106,113,192,140,181,97
GENE-13259,NO,1,0,0,0,0,0,0
GENE-13260,NO,1,192,141,242,219,297,207
GENE-13261,NO,1,0,0,0,0,0,0
GENE-13262,YES,1,0,0,0,0,0,0
GENE-13263,NO,1,0,0,0,0,0,0
GENE-13264,NO,1,0,0,0,1,0,0
GENE-13265,NO,1,0,0,0,0,0,0
GENE-13266,NO,1,18,26,28,25,28,21
GENE-13267,NO,1,0,0,0,0,0,0
GENE-13268,NO,1,0,0,0,0,0,0
GENE-13269,NO,1,19,6,12,16,19,25
GENE-13270,NO,1,0,0,0,0,0,0
GENE-13271,NO,1,0,0,0,0,0,0
GENE-13272,NO,1,0,0,0,0,0,0
GENE-13274,NO,1,0,0,0,0,0,0
GENE-13275,NO,1,0,0,0,0,0,0
GENE-13276,NO,1,0,0,0,0,0,0
GENE-13277,NO,1,0,0,0,0,0,0
GENE-13278,NO,1,0,0,0,0,0,0
GENE-13279,NO,1,0,0,0,0,0,0
GENE-13280,NO,1,1447,1432,1649,1512,1443,1758
GENE-13281,NO,1,0,0,0,0,0,0
GENE-13282,NO,1,0,0,0,0,0,0
GENE-13283,NO,1,0,0,0,0,0,0
GENE-13284,NO,1,190,143,189,178,231,106
GENE-13285,NO,1,0,0,0,0,0,0
GENE-13286,NO,1,27,24,24,21,31,23
GENE-13287,NO,1,9,11,8,5,22,9
GENE-13288,NO,1,0,0,0,0,0,0
GENE-13289,NO,1,0,2,2,0,3,2
GENE-13290,NO,1,0,0,0,0,0,0
GENE-13291,NO,1,218,174,235,197,232,266
GENE-13292,NO,1,13,18,15,9,12,9
GENE-13293,NO,1,0,0,0,0,0,0
GENE-13294,NO,1,0,0,0,0,0,0
GENE-13295,NO,1,0,0,0,0,0,0
GENE-13296,NO,1,0,0,0,0,0,0
GENE-13297,NO,1,104,95,101,117,97,106
GENE-13298,NO,1,0,0,0,0,0,0
GENE-13299,NO,1,0,0,0,0,0,0
GENE-13300,NO,1,0,0,0,0,0,0
GENE-13301,NO,1,353,327,251,307,385,236
GENE-13302,NO,1,174,198,205,217,246,240
GENE-13303,NO,1,0,0,0,0,0,0
GENE-13304,YES,1,0,0,0,0,0,0
GENE-13305,NO,1,23,27,26,19,21,16
GENE-13306,NO,1,14,14,21,18,24,21
GENE-13307,NO,1,42,28,26,41,45,29
GENE-13308,NO,1,0,0,0,0,0,0
GENE-13309,NO,1,2,1,0,0,0,1
GENE-13310,YES,1,0,0,0,0,0,0
GENE-13311,NO,1,18,5,25,33,10,26
GENE-13312,NO,1,0,0,0,0,0,0
GENE-13313,NO,1,0,0,0,0,0,0
GENE-13314,NO,1,7,9,13,8,7,15
GENE-13315,NO,1,0,0,0,0,0,0
GENE-13316,NO,1,0,0,0,0,0,0
GENE-13317,NO,1,163,210,199,182,191,171
GENE-13318,NO,1,0,0,0,0,0,0
GENE-13319,NO,1,0,0,0,0,0,0
GENE-13320,NO,1,0,0,0,0,0,0
GENE-13321,NO,1,0,0,0,0,0,0
GENE-13322,NO,1,0,0,0,0,0,0
GENE-13323,NO,1,0,0,0,0,0,0
GENE-13324,NO,1,0,0,0,0,0,0
GENE-13325,NO,1,0,0,0,0,0,0
GENE-13326,NO,1,200,216,207,179,184,195
GENE-13327,NO,1,1471,1157,1403,1054,908,1198
GENE-13328,NO,1,0,0,0,0,0,0
GENE-13329,NO,1,0,0,0,0,0,0
GENE-13330,NO,1,1414,662,1511,843,1957,1772
GENE-13331,NO,1,11,4,12,23,8,8
GENE-13332,NO,1,0,0,0,0,0,0
GENE-13333,NO,1,0,0,0,0,0,0
GENE-13334,NO,1,0,0,0,0,0,0
GENE-13335,NO,1,0,0,0,0,0,0
GENE-13336,NO,1,38,52,39,34,32,45
GENE-13337,NO,1,4,6,5,2,2,3
GENE-13338,NO,1,78,63,75,91,74,89
GENE-13339,NO,1,0,0,0,0,0,0
GENE-13340,NO,1,0,0,0,0,0,0
GENE-13341,NO,1,0,0,0,0,0,0
GENE-13342,NO,1,36,44,46,32,41,52
GENE-13343,NO,1,0,0,0,0,0,0
GENE-13344,NO,1,0,0,0,0,0,0
GENE-13345,NO,1,0,0,0,0,0,0
GENE-13346,NO,1,0,0,0,0,0,0
GENE-13347,YES,1,0,0,0,0,0,0
GENE-13348,NO,1,1435,1357,1200,1422,1507,1230
GENE-13349,NO,1,0,0,0,0,0,0
GENE-13350,NO,1,0,0,0,0,0,0
GENE-13351,NO,1,0,0,0,0,0,0
GENE-13352,NO,1,0,0,0,0,0,0
GENE-13353,NO,1,0,0,0,0,1,0
GENE-13354,NO,1,0,0,0,0,0,0
GENE-13355,NO,1,0,0,0,0,0,0
GENE-13356,YES,1,0,0,0,0,0,0
GENE-13357,NO,1,0,0,0,0,0,0
GENE-13358,NO,1,88,125,80,105,105,124
GENE-13359,NO,1,0,0,0,0,0,0
GENE-13360,NO,1,4,1,1,1,5,6
GENE-13361,NO,1,1178,1015,1406,997,1211,1187
GENE-13362,NO,1,0,0,0,0,0,0
GENE-13363,NO,1,0,0,0,0,0,0
GENE-13364,NO,1,6,3,2,3,3,2
GENE-13365,NO,1,0,0,0,0,0,0
GENE-13366,NO,1,0,0,0,0,0,0
GENE-13367,NO,1,0,0,0,0,0,3
GENE-13368,NO,1,0,0,0,0,0,0
GENE-13369,NO,1,10,9,11,14,14,14
GENE-13370,NO,1,0,0,0,0,0,0
GENE-13371,NO,1,0,0,0,0,0,0
GENE-13373,NO,1,0,0,0,0,0,0
GENE-13374,NO,1,19,15,19,16,19,15
GENE-13375,NO,1,0,0,0,0,0,0
GENE-13376,NO,1,0,0,0,0,0,0
GENE-13377,NO,1,0,0,0,0,0,0
GENE-13378,NO,1,0,0,0,0,0,0
GENE-13379,NO,1,0,0,0,0,0,0
GENE-13380,NO,1,0,0,0,0,0,0
GENE-13381,NO,1,0,0,0,0,0,0
GENE-13382,NO,1,0,0,0,0,0,0
GENE-13383,NO,1,0,0,1,0,0,1
GENE-13384,NO,1,0,0,0,0,0,0
GENE-13385,NO,1,0,0,0,0,0,0
GENE-13386,NO,1,0,0,0,0,0,0
GENE-13387,NO,1,0,0,0,0,0,0
GENE-13388,NO,1,0,0,0,0,0,0
GENE-13389,NO,1,0,0,0,0,0,0
GENE-13390,NO,1,103,171,114,49,373,205
GENE-13391,YES,1,0,0,0,0,0,0
GENE-13392,NO,1,31,26,33,41,27,28
GENE-13393,NO,1,0,0,0,0,0,0
GENE-13394,NO,1,0,0,0,0,0,0
GENE-13395,NO,1,0,0,0,0,0,0
GENE-13396,NO,1,450,459,455,407,351,351
GENE-13397,NO,1,0,0,0,0,0,0
GENE-13398,NO,1,0,0,0,0,0,0
GENE-13399,NO,1,0,0,0,0,0,0
GENE-13400,NO,1,0,0,0,0,0,0
GENE-13401,NO,1,0,0,0,0,0,0
GENE-13402,NO,1,32,51,69,78,112,81
GENE-13403,YES,1,0,0,0,0,0,0
GENE-13404,NO,1,0,0,0,0,0,0
GENE-13405,NO,1,0,0,0,0,0,0
GENE-13406,NO,1,6,9,7,7,5,5
GENE-13407,NO,1,0,0,0,0,0,0
GENE-13408,NO,1,0,0,0,0,0,0
GENE-13409,NO,1,0,0,0,0,0,0
GENE-13410,NO,1,0,0,0,0,0,0
GENE-13411,NO,1,0,0,0,0,0,0
GENE-13412,NO,1,0,0,0,0,0,0
GENE-13413,NO,1,0,0,0,0,0,0
GENE-13414,NO,1,0,0,0,0,0,0
GENE-13415,NO,1,0,0,0,0,0,0
GENE-13416,YES,1,0,0,0,0,0,0
GENE-13417,NO,1,0,0,0,0,0,0
GENE-13418,NO,1,169,150,177,202,213,184
GENE-13419,NO,1,0,0,0,0,0,0
GENE-13420,NO,1,14,10,5,9,12,3
GENE-13421,NO,1,0,0,0,0,0,0
GENE-13422,NO,1,0,0,0,0,0,0
GENE-13423,NO,1,0,0,0,0,0,0
GENE-13425,NO,1,0,0,0,0,0,0
GENE-13426,NO,1,1766,2288,1889,2334,2521,2647
GENE-13427,NO,1,18,22,27,27,25,17
GENE-13428,NO,1,0,0,0,0,0,0
GENE-13429,NO,1,3,0,2,2,0,2
GENE-13430,NO,1,152,130,141,116,133,124
GENE-13431,NO,1,7,4,8,7,5,5
GENE-13432,NO,1,1,1,0,1,2,1
GENE-13433,NO,1,0,0,0,0,0,0
GENE-13434,NO,1,78,54,74,55,69,87
GENE-13435,NO,1,12,9,13,10,12,10
GENE-13436,YES,1,0,0,0,0,0,0
GENE-13437,NO,1,0,0,0,0,0,0
GENE-13438,NO,1,0,0,0,0,0,0
GENE-13439,NO,1,43,25,19,32,15,28
GENE-13440,NO,1,0,0,0,0,0,0
GENE-13441,NO,1,12,15,13,27,13,9
GENE-13442,NO,1,2,5,4,6,5,4
GENE-13443,YES,1,1,0,0,3,4,8
GENE-13444,NO,1,0,0,0,0,0,0
GENE-13445,NO,1,0,0,0,0,0,0
GENE-13446,NO,1,0,0,0,0,0,0
GENE-13447,NO,1,0,0,0,0,0,0
GENE-13448,NO,1,0,0,0,0,0,0
GENE-13449,NO,1,0,0,0,0,0,0
GENE-13450,NO,1,0,0,0,0,0,0
GENE-13451,NO,1,0,0,0,0,0,0
GENE-13452,NO,1,0,0,0,0,0,0
GENE-13453,NO,1,0,0,0,0,0,0
GENE-13454,NO,1,0,0,0,0,0,0
GENE-13455,YES,1,0,0,0,0,0,0
GENE-13456,NO,1,0,0,0,0,0,0
GENE-13457,NO,1,0,0,0,0,0,0
GENE-13458,NO,1,0,0,0,0,0,0
GENE-13459,NO,1,0,0,0,0,0,0
GENE-13460,NO,1,79,64,60,71,63,71
GENE-13461,NO,1,0,0,0,0,0,0
GENE-13462,NO,1,0,0,0,0,0,0
GENE-13463,NO,1,776,788,637,721,619,640
GENE-13464,NO,1,94,75,57,49,85,50
GENE-13465,NO,1,0,0,0,0,0,0
GENE-13466,NO,1,227,262,181,310,60,279
GENE-13467,NO,1,0,0,0,0,0,0
GENE-13468,NO,1,0,0,0,0,0,0
GENE-13469,NO,1,0,0,0,0,0,0
GENE-13470,NO,1,0,0,0,0,0,0
GENE-13471,YES,1,0,0,0,0,0,0
GENE-13472,NO,1,98,157,124,142,107,28
GENE-13473,NO,1,0,0,0,0,0,0
GENE-13474,NO,1,0,0,0,0,0,0
GENE-13475,NO,1,0,0,0,0,0,0
GENE-13476,NO,1,0,0,0,0,0,0
GENE-13477,NO,1,0,0,0,0,0,0
GENE-13478,NO,1,0,0,0,0,0,0
GENE-13479,NO,1,184,198,229,185,210,267
GENE-13480,NO,1,0,0,0,0,0,0
GENE-13481,NO,1,0,0,0,0,0,0
GENE-13482,NO,1,0,0,0,0,0,0
GENE-13483,NO,1,8,7,17,19,13,16
GENE-13484,NO,1,0,0,0,0,0,0
GENE-13485,NO,1,0,0,0,0,0,0
GENE-13486,NO,1,0,0,0,0,0,0
GENE-13487,NO,1,0,0,0,0,0,0
GENE-13488,NO,1,0,0,0,0,0,0
GENE-13489,NO,1,8,11,18,17,10,11
GENE-13490,NO,1,0,0,0,0,0,0
GENE-13491,NO,1,0,0,0,0,0,0
GENE-13492,NO,1,154,72,92,92,104,125
GENE-13493,NO,1,0,0,0,0,0,0
GENE-13494,NO,1,0,1,0,1,2,0
GENE-13495,NO,1,0,0,0,0,0,0
GENE-13496,NO,1,0,0,0,0,0,0
GENE-13497,NO,1,0,0,0,0,0,0
GENE-13498,NO,1,0,0,0,0,1,0
GENE-13499,NO,1,0,0,0,0,0,0
GENE-13500,NO,1,0,0,0,0,0,0
GENE-13501,NO,1,0,0,0,0,0,0
GENE-13502,NO,1,0,0,0,0,0,0
GENE-13503,NO,1,1,1,0,1,0,0
GENE-13504,NO,1,0,0,0,0,0,0
GENE-13505,NO,1,0,0,0,0,0,0
GENE-13506,NO,1,185,226,167,197,216,193
GENE-13507,NO,1,0,0,0,0,0,0
GENE-13508,NO,1,99,91,129,99,125,77
GENE-13509,NO,1,0,0,0,0,0,0
GENE-13510,NO,1,18,19,4,4,89,12
GENE-13511,NO,1,6,4,7,3,4,5
GENE-13512,NO,1,0,0,0,0,0,0
GENE-13513,NO,1,0,0,0,0,0,0
GENE-13514,NO,1,59,43,39,67,50,68
GENE-13515,NO,1,1798,1575,1393,1343,1528,1813
GENE-13516,NO,1,0,0,0,0,0,0
GENE-13517,NO,1,0,0,0,0,0,0
GENE-13518,NO,1,0,0,0,0,0,0
GENE-13519,NO,1,0,0,0,0,0,0
GENE-13520,NO,1,0,0,0,2,0,0
GENE-13521,NO,1,116,80,64,61,107,66
GENE-13522,NO,1,137,254,193,148,154,101
GENE-13523,NO,1,0,0,0,0,0,0
GENE-13524,NO,1,0,0,0,0,0,0
GENE-13525,NO,1,0,0,0,0,0,0
GENE-13526,NO,1,0,0,0,0,0,0
GENE-13527,NO,1,0,0,0,0,0,0
GENE-13528,NO,1,0,0,0,0,0,0
GENE-13529,NO,1,0,0,0,0,0,0
GENE-13530,NO,1,0,0,0,0,0,0
GENE-13531,NO,1,0,0,0,0,0,0
GENE-13532,NO,1,2,13,6,3,6,10
GENE-13533,NO,1,0,0,0,0,0,0
GENE-13534,NO,1,0,0,0,0,0,0
GENE-13535,NO,1,0,0,0,0,0,0
GENE-13536,NO,1,0,0,0,0,0,0
GENE-13537,NO,1,0,0,0,0,0,0
GENE-13538,NO,1,0,0,0,0,0,0
GENE-13539,NO,1,24,17,25,11,18,11
GENE-13540,NO,1,0,0,0,2,0,1
GENE-13541,NO,1,7,2,1,5,4,2
GENE-13542,NO,1,17,146,67,5,644,15
GENE-13543,NO,1,0,0,0,0,0,0
GENE-13544,NO,1,0,0,0,3,0,0
GENE-13545,NO,1,2,1,1,2,0,0
GENE-13546,NO,1,0,0,0,0,0,0
GENE-13547,NO,1,0,0,0,0,0,0
GENE-13548,NO,1,0,0,0,0,0,0
GENE-13549,NO,1,0,0,0,0,0,0
GENE-13550,NO,1,0,0,0,0,0,0
GENE-13551,NO,1,0,0,0,0,0,0
GENE-13552,NO,1,0,0,0,0,0,0
GENE-13553,NO,1,0,0,0,0,0,0
GENE-13554,YES,1,0,0,0,0,0,0
GENE-13555,NO,1,17,26,14,29,22,17
GENE-13556,NO,1,0,0,0,0,0,0
GENE-13557,NO,1,0,0,0,0,0,0
GENE-13558,NO,1,0,0,0,0,0,0
GENE-13559,NO,1,897,998,976,1249,1274,856
GENE-13560,NO,1,0,0,0,0,0,0
GENE-13561,NO,1,0,0,0,0,0,0
GENE-13562,NO,1,9,12,8,8,7,5
GENE-13563,NO,1,0,0,0,0,0,0
GENE-13564,NO,1,27,30,20,25,22,18
GENE-13565,NO,1,0,0,0,0,0,0
GENE-13566,NO,1,0,0,0,0,0,0
GENE-13567,NO,1,988,762,782,645,934,877
GENE-13568,NO,1,3,3,3,3,3,5
GENE-13569,NO,1,0,0,0,0,0,0
GENE-13570,NO,1,0,0,0,0,0,0
GENE-13571,NO,1,0,0,0,0,0,0
GENE-13572,NO,1,114,113,96,110,123,105
GENE-13573,NO,1,0,0,0,0,0,0
GENE-13574,NO,1,0,0,0,0,0,0
GENE-13575,NO,1,0,0,0,0,0,0
GENE-13576,NO,1,0,0,0,0,0,0
GENE-13577,NO,1,0,0,0,0,0,0
GENE-13578,NO,1,238,301,328,310,352,479
GENE-13579,NO,1,0,0,0,0,0,0
GENE-13580,NO,1,2,1,6,4,9,7
GENE-13581,NO,1,0,0,0,0,0,0
GENE-13582,NO,1,1,1,1,1,2,2
GENE-13583,NO,1,0,0,0,0,0,0
GENE-13584,NO,1,0,0,0,0,0,0
GENE-13585,NO,1,0,600,0,60,0,22
GENE-13586,NO,1,1,3,0,2,2,2
GENE-13587,NO,1,7,13,3,8,7,8
GENE-13588,NO,1,5,2,7,5,3,4
GENE-13589,NO,1,0,0,0,0,0,0
GENE-13590,NO,1,1,2,3,3,1,1
GENE-13591,NO,1,0,0,0,0,0,0
GENE-13592,NO,1,13,9,6,6,9,6
GENE-13593,NO,1,1,2,2,2,1,3
GENE-13594,NO,1,0,0,0,0,0,0
GENE-13595,NO,1,14,5,6,3,3,1
GENE-13596,NO,1,0,0,0,0,0,0
GENE-13597,NO,1,0,0,0,0,0,0
GENE-13598,NO,1,0,0,0,0,0,0
GENE-13599,NO,1,0,0,0,0,0,0
GENE-13600,NO,1,0,0,0,0,0,0
GENE-13601,NO,1,824,1210,1024,921,1283,1271
GENE-13602,NO,1,0,0,0,0,0,0
GENE-13603,NO,1,0,0,0,0,0,0
GENE-13604,NO,1,0,0,0,0,0,0
GENE-13605,NO,1,1,0,0,1,0,0
GENE-13606,NO,1,0,0,0,0,0,0
GENE-13607,NO,1,27,19,34,30,18,34
GENE-13608,NO,1,0,0,0,0,0,0
GENE-13609,NO,1,111,130,134,125,134,149
GENE-13610,NO,1,0,0,0,0,0,0
GENE-13611,NO,1,0,0,0,0,0,0
GENE-13612,NO,1,0,0,0,0,0,0
GENE-13613,NO,1,0,0,0,0,0,0
GENE-13614,NO,1,0,1,0,0,2,0
GENE-13615,YES,1,0,0,0,0,0,0
GENE-13616,NO,1,20,23,40,27,22,15
GENE-13617,NO,1,0,0,0,0,0,0
GENE-13618,NO,1,0,0,0,0,0,0
GENE-13619,NO,1,25,20,29,45,29,31
GENE-13620,NO,1,0,0,0,0,0,0
GENE-13621,NO,1,0,0,0,0,0,0
GENE-13622,NO,1,4,9,8,9,2,21
GENE-13623,NO,1,0,0,0,0,0,0
GENE-13624,NO,1,0,0,0,0,0,0
GENE-13625,NO,1,54,52,57,77,35,45
GENE-13626,NO,1,1,1,0,1,0,1
GENE-13627,NO,1,2,1,2,2,1,0
GENE-13628,NO,1,2,1,4,4,3,2
GENE-13629,NO,1,0,0,0,0,0,0
GENE-13630,NO,1,0,0,0,0,0,0
GENE-13631,NO,1,2444,2706,2351,2548,2544,2481
GENE-13632,YES,1,0,0,0,0,0,0
GENE-13633,NO,1,0,0,0,0,0,0
GENE-13634,NO,1,0,0,0,0,0,0
GENE-13635,NO,1,0,0,0,0,0,0
GENE-13636,NO,1,1,2,0,1,1,1
GENE-13637,NO,1,0,0,0,0,0,0
GENE-13638,NO,1,0,0,0,0,0,0
GENE-13639,NO,1,0,0,0,0,0,0
GENE-13640,NO,1,0,0,0,0,0,0
GENE-13641,NO,1,0,0,0,0,0,0
GENE-13642,NO,1,0,0,0,0,0,0
GENE-13643,NO,1,0,0,0,0,0,0
GENE-13645,NO,1,0,0,0,0,0,0
GENE-13646,NO,1,23,36,22,30,19,30
GENE-13647,NO,1,0,0,0,0,0,0
GENE-13648,NO,1,0,0,0,0,0,0
GENE-13649,NO,1,239,198,250,238,183,190
GENE-13650,NO,1,0,0,0,0,0,0
GENE-13651,NO,1,6268,6069,4906,7301,5109,4829
GENE-13652,NO,1,0,0,0,0,0,0
GENE-13653,NO,1,23,34,59,45,37,23
GENE-13654,NO,1,25,28,20,28,26,35
GENE-13655,NO,1,37,76,25,38,79,49
GENE-13656,NO,1,118,165,84,127,98,133
GENE-13657,NO,1,0,0,0,0,0,0
GENE-13658,NO,1,0,0,0,0,0,0
GENE-13659,NO,1,31,22,20,26,19,26
GENE-13660,NO,1,0,0,0,0,0,0
GENE-13661,NO,1,2,3,3,4,1,3
GENE-13662,NO,1,0,0,0,0,0,0
GENE-13663,NO,1,3,4,1,0,3,3
GENE-13664,NO,1,0,0,0,0,0,0
GENE-13665,NO,1,0,0,0,0,0,0
GENE-13666,NO,1,62,53,55,74,57,59
GENE-13667,NO,1,0,0,0,0,0,0
GENE-13668,NO,1,0,0,0,0,0,0
GENE-13669,NO,1,0,0,0,0,0,0
GENE-13670,NO,1,0,0,0,0,0,0
GENE-13671,NO,1,2,0,2,1,2,4
GENE-13672,NO,1,17,19,20,22,23,14
GENE-13673,NO,1,90,84,71,109,98,63
GENE-13674,NO,1,422,418,414,438,490,542
GENE-13675,NO,1,0,0,0,0,0,0
GENE-13676,NO,1,271,269,269,269,264,251
GENE-13677,NO,1,8,3,4,6,12,7
GENE-13678,NO,1,0,0,0,0,0,0
GENE-13679,NO,1,0,0,0,0,0,0
GENE-13680,NO,1,0,0,0,0,0,0
GENE-13681,NO,1,0,0,0,0,0,0
GENE-13682,YES,1,2,2,3,3,2,1
GENE-13683,YES,1,0,0,0,0,0,0
GENE-13684,NO,1,0,0,0,0,0,0
GENE-13685,NO,1,0,0,0,0,0,0
GENE-13686,NO,1,16,23,27,13,19,19
GENE-13687,NO,1,293,297,316,299,328,219
GENE-13688,NO,1,0,0,0,0,0,0
GENE-13689,NO,1,0,0,0,0,0,0
GENE-13690,NO,1,0,0,0,0,0,0
GENE-13691,NO,1,0,0,0,0,0,0
GENE-13692,NO,1,0,0,0,0,0,0
GENE-13693,NO,1,0,0,0,0,0,0
GENE-13694,YES,1,0,0,0,0,0,0
GENE-13695,NO,1,0,0,0,0,0,0
GENE-13696,NO,1,0,0,0,0,0,0
GENE-13697,NO,1,0,0,0,0,0,0
GENE-13698,NO,1,1313,1175,1263,1435,1036,1556
GENE-13699,NO,1,61,108,96,119,78,105
GENE-13700,NO,1,0,0,0,0,0,0
GENE-13701,NO,1,1101,295,1727,2630,31,999
GENE-13702,NO,1,4,1,4,4,7,4
GENE-13703,NO,1,6,3,2,5,1,6
GENE-13704,NO,1,0,0,0,0,0,0
GENE-13705,NO,1,0,0,0,0,0,0
GENE-13706,NO,1,0,0,0,0,0,0
GENE-13707,NO,1,0,0,0,0,0,0
GENE-13708,NO,1,0,0,0,0,0,0
GENE-13709,NO,1,0,0,0,0,0,0
GENE-13710,NO,1,0,0,0,0,0,0
GENE-13711,NO,1,0,0,0,0,0,0
GENE-13712,NO,1,3,12,9,5,10,6
GENE-13713,NO,1,35,33,29,21,32,33
GENE-13714,NO,1,0,0,0,0,0,0
GENE-13715,NO,1,0,0,0,0,0,0
GENE-13716,NO,1,0,0,0,0,0,0
GENE-13717,NO,1,0,0,0,0,0,0
GENE-13718,NO,1,0,0,0,0,0,0
GENE-13719,NO,1,53,55,60,75,112,61
GENE-13720,NO,1,4349,2649,4717,4176,4139,5306
GENE-13721,NO,1,0,0,0,0,0,0
GENE-13722,NO,1,0,0,0,0,0,0
GENE-13723,NO,1,1,0,1,0,0,2
GENE-13724,NO,1,0,0,0,0,0,0
GENE-13725,NO,1,0,0,0,0,0,0
GENE-13726,NO,1,0,0,0,0,0,0
GENE-13727,NO,1,132,162,169,204,223,623
GENE-13728,NO,1,0,0,0,0,0,0
GENE-13729,NO,1,0,0,1,0,1,0
GENE-13730,NO,1,3,10,5,3,6,4
GENE-13731,NO,1,0,0,0,0,0,0
GENE-13732,NO,1,0,0,0,0,0,0
GENE-13733,NO,1,60,46,110,441,158,141
GENE-13734,NO,1,0,0,0,0,0,0
GENE-13735,NO,1,31,44,19,30,30,40
GENE-13736,NO,1,0,0,0,0,0,0
GENE-13737,NO,1,0,0,0,0,0,0
GENE-13738,NO,1,0,0,0,0,0,0
GENE-13739,NO,1,0,0,0,0,0,0
GENE-13740,NO,1,0,0,0,0,0,0
GENE-13741,NO,1,0,0,0,0,0,0
GENE-13742,NO,1,0,0,0,0,0,0
GENE-13743,NO,1,0,0,0,0,0,0
GENE-13744,NO,1,18,12,23,14,18,12
GENE-13745,NO,1,0,0,0,0,0,0
GENE-13746,NO,1,0,0,0,0,0,0
GENE-13747,NO,1,1,4,5,6,5,3
GENE-13748,NO,1,0,0,0,0,0,0
GENE-13749,NO,1,70,84,64,56,66,78
GENE-13751,NO,1,0,0,0,0,0,0
GENE-13752,NO,1,0,0,0,0,0,0
GENE-13753,NO,1,0,0,0,0,0,0
GENE-13754,NO,1,15,25,18,18,12,17
GENE-13755,NO,1,1,2,0,0,1,1
GENE-13756,NO,1,150,116,89,129,117,146
GENE-13758,NO,1,27,20,16,25,22,15
GENE-13759,NO,1,536,423,482,479,391,619
GENE-13760,NO,1,0,0,0,0,0,0
GENE-13761,NO,1,3569,3434,3826,4372,3523,3283
GENE-13762,NO,1,0,0,0,0,0,0
GENE-13763,NO,1,0,0,0,0,0,2
GENE-13764,NO,1,0,0,0,0,0,0
GENE-13765,NO,1,0,0,0,0,0,0
GENE-13766,NO,1,292,257,233,273,290,303
GENE-13767,NO,1,0,0,0,0,0,0
GENE-13768,NO,1,87,134,138,104,102,150
GENE-13769,NO,1,0,0,0,0,0,0
GENE-13770,NO,1,0,0,0,0,0,0
GENE-13771,NO,1,2,3,0,2,1,0
GENE-13772,NO,1,0,0,0,0,0,0
GENE-13773,NO,1,2012,2100,1313,1574,2686,1692
GENE-13774,NO,1,0,0,0,0,0,0
GENE-13775,NO,1,0,0,0,0,0,0
GENE-13776,NO,1,303,578,333,273,368,323
GENE-13777,NO,1,0,0,0,0,0,0
GENE-13778,NO,1,2093,1767,1580,1404,1983,1794
GENE-13779,NO,1,0,0,0,0,0,0
GENE-13780,NO,1,0,0,0,0,0,0
GENE-13781,NO,1,0,0,0,0,0,0
GENE-13782,YES,1,0,0,0,0,0,0
GENE-13783,NO,1,1533,1648,1667,2015,1536,1190
GENE-13784,NO,1,408,431,390,353,446,397
GENE-13785,NO,1,0,0,0,0,0,0
GENE-13786,NO,1,0,0,0,0,0,0
GENE-13787,NO,1,0,0,0,0,0,0
GENE-13788,NO,1,1,4,5,2,2,2
GENE-13789,NO,1,0,0,0,0,0,0
GENE-13790,NO,1,0,0,0,0,0,0
GENE-13791,NO,1,0,0,0,0,0,0
GENE-13792,NO,1,0,0,0,0,0,0
GENE-13793,NO,1,662,952,1006,1145,713,794
GENE-13794,NO,1,0,0,0,0,0,0
GENE-13796,NO,1,14,9,21,6,10,20
GENE-13797,NO,1,0,0,0,0,0,0
GENE-13798,NO,1,76,74,94,84,79,112
GENE-13799,NO,1,15,12,15,5,11,12
GENE-13800,NO,1,0,0,0,0,0,0
GENE-13801,NO,1,3120,4181,3407,2089,4623,3371
GENE-13802,NO,1,541,555,558,517,485,441
GENE-13803,NO,1,0,0,0,0,0,0
GENE-13804,NO,1,0,0,0,0,0,0
GENE-13805,NO,1,10,4,5,2,2,1
GENE-13806,NO,1,0,2,6,1,4,1
GENE-13807,NO,1,11,6,7,3,4,3
GENE-13808,NO,1,0,0,0,0,0,0
GENE-13809,NO,1,63,64,40,48,81,47
GENE-13810,NO,1,0,0,0,0,0,0
GENE-13811,NO,1,80,85,58,69,67,81
GENE-13812,NO,1,0,0,0,0,0,0
GENE-13813,NO,1,0,0,0,0,0,0
GENE-13814,NO,1,355,514,408,483,208,420
GENE-13815,NO,1,0,0,0,0,0,0
GENE-13817,NO,1,300,292,333,274,323,314
GENE-13818,NO,1,0,0,0,0,0,0
GENE-13819,NO,1,0,0,0,0,0,0
GENE-13820,NO,1,211,101,87,134,214,53
GENE-13821,NO,1,9,5,12,11,6,12
GENE-13822,NO,1,0,0,0,0,0,0
GENE-13823,NO,1,0,0,0,0,0,0
GENE-13824,NO,1,0,0,0,0,0,0
GENE-13825,NO,1,15,20,22,23,24,21
GENE-13826,NO,1,0,0,0,0,0,0
GENE-13827,NO,1,0,0,1,1,1,1
GENE-13828,NO,1,0,0,0,0,0,0
GENE-13829,NO,1,0,0,0,0,0,0
GENE-13830,NO,1,712,688,922,850,1105,645
GENE-13831,NO,1,0,0,0,0,0,0
GENE-13832,NO,1,0,0,0,0,0,0
GENE-13833,NO,1,2,5,0,1,0,1
GENE-13834,NO,1,0,0,0,0,0,0
GENE-13835,YES,1,0,0,0,0,0,0
GENE-13836,NO,1,0,0,0,0,0,0
GENE-13837,NO,1,0,0,0,0,0,0
GENE-13838,NO,1,0,0,0,0,0,0
GENE-13839,NO,1,0,0,0,0,0,0
GENE-13840,NO,1,0,0,0,0,0,0
GENE-13841,NO,1,0,3,2,2,0,0
GENE-13842,NO,1,930,1089,1234,1151,1080,1055
GENE-13843,NO,1,0,0,0,0,0,0
GENE-13844,NO,1,0,0,0,0,0,0
GENE-13845,NO,1,0,0,0,0,0,0
GENE-13846,NO,1,0,0,0,0,0,0
GENE-13847,NO,1,23,35,31,30,37,29
GENE-13848,NO,1,0,0,0,0,0,0
GENE-13849,NO,1,0,0,0,0,0,0
GENE-13850,NO,1,2,1,5,3,7,2
GENE-13851,NO,1,0,0,0,0,0,0
GENE-13852,NO,1,0,0,0,0,0,0
GENE-13853,NO,1,0,0,0,0,0,0
GENE-13854,NO,1,0,1,0,1,1,0
GENE-13855,NO,1,0,0,0,0,0,0
GENE-13856,NO,1,0,0,0,0,0,0
GENE-13857,YES,1,0,0,0,0,0,0
GENE-13858,NO,1,0,0,0,0,0,0
GENE-13859,NO,1,0,0,0,0,0,0
GENE-13860,NO,1,0,0,0,0,0,0
GENE-13861,NO,1,0,0,0,0,0,0
GENE-13862,NO,1,0,0,0,0,0,0
GENE-13863,NO,1,336,342,360,292,336,340
GENE-13864,NO,1,0,0,0,0,0,0
GENE-13865,NO,1,0,0,0,0,0,0
GENE-13866,NO,1,0,0,0,0,0,0
GENE-13867,NO,1,1,0,0,3,0,0
GENE-13868,NO,1,48,86,49,39,48,63
GENE-13869,NO,1,50,36,36,41,33,34
GENE-13870,NO,1,0,0,0,0,0,0
GENE-13871,NO,1,0,0,0,0,0,0
GENE-13872,NO,1,4,1,1,1,4,4
GENE-13873,NO,1,601,342,591,1034,896,568
GENE-13874,NO,1,0,0,0,0,0,0
GENE-13875,NO,1,0,0,0,0,0,0
GENE-13876,NO,1,0,0,0,0,0,0
GENE-13877,NO,1,967,1066,1103,882,1075,1177
GENE-13878,NO,1,0,0,0,0,0,0
GENE-13879,NO,1,0,0,0,0,0,0
GENE-13880,NO,1,6,4,8,3,5,3
GENE-13881,NO,1,0,0,0,0,0,0
GENE-13882,NO,1,1529,1643,1629,1555,1296,1417
GENE-13883,NO,1,267,323,401,235,366,272
GENE-13884,NO,1,0,0,0,0,0,0
GENE-13885,NO,1,2,4,5,6,10,7
GENE-13886,NO,1,6,4,10,8,7,6
GENE-13887,YES,1,0,0,0,0,0,0
GENE-13888,NO,1,534,567,570,964,565,1021
GENE-13889,NO,1,0,0,0,0,0,0
GENE-13890,NO,1,0,0,0,0,0,0
GENE-13891,NO,1,0,0,0,0,0,0
GENE-13892,NO,1,0,0,0,0,0,0
GENE-13893,NO,1,0,0,0,0,0,0
GENE-13894,YES,1,0,0,0,0,0,0
GENE-13895,NO,1,0,0,0,0,0,0
GENE-13896,NO,1,0,0,0,0,0,0
GENE-13897,NO,1,1,1,0,0,0,1
GENE-13898,NO,1,0,0,0,0,0,0
GENE-13899,NO,1,0,0,0,0,0,0
GENE-13900,NO,1,0,0,0,0,0,0
GENE-13901,NO,1,0,0,0,0,0,0
GENE-13902,NO,1,0,0,0,0,0,0
GENE-13903,NO,1,0,0,0,0,0,0
GENE-13904,NO,1,0,0,0,0,0,0
GENE-13905,NO,1,0,0,0,0,0,0
GENE-13906,NO,1,0,0,0,0,0,0
GENE-13907,NO,1,0,0,0,0,0,0
GENE-13908,NO,1,0,0,0,0,0,0
GENE-13909,NO,1,0,0,0,0,0,0
GENE-13910,NO,1,0,0,0,0,0,0
GENE-13911,NO,1,0,1,0,0,0,0
GENE-13912,NO,1,0,0,0,0,0,0
GENE-13913,NO,1,2,0,0,0,1,0
GENE-13914,NO,1,0,0,0,0,0,0
GENE-13915,YES,1,0,0,0,0,0,0
GENE-13916,NO,1,0,0,0,0,0,0
GENE-13917,NO,1,0,0,0,0,0,0
GENE-13918,NO,1,0,0,0,0,0,0
GENE-13919,NO,1,0,0,0,0,0,0
GENE-13920,NO,1,1,0,0,0,0,0
GENE-13921,NO,1,0,0,0,0,0,0
GENE-13922,NO,1,0,0,0,0,0,0
GENE-13923,NO,1,14,22,14,19,19,30
GENE-13924,NO,1,344,292,381,376,275,346
GENE-13925,NO,1,0,0,0,0,0,0
GENE-13926,NO,1,0,0,0,0,0,0
GENE-13927,NO,1,161,135,113,144,259,141
GENE-13928,NO,1,0,0,0,0,0,0
GENE-13929,NO,1,0,0,0,0,0,0
GENE-13930,NO,1,0,0,0,0,0,0
GENE-13931,NO,1,0,0,0,0,0,0
GENE-13932,NO,1,0,0,0,0,0,0
GENE-13933,NO,1,0,0,0,0,0,0
GENE-13934,NO,1,0,0,0,0,0,0
GENE-13935,NO,1,0,0,0,0,0,0
GENE-13936,NO,1,1,1,0,0,2,0
GENE-13937,NO,1,111,84,111,164,127,136
GENE-13938,NO,1,0,0,0,0,0,0
GENE-13939,NO,1,0,0,0,0,0,0
GENE-13940,NO,1,0,0,0,0,0,0
GENE-13941,NO,1,0,0,0,0,0,0
GENE-13942,NO,1,0,0,0,0,0,0
GENE-13943,NO,1,0,0,0,0,0,0
GENE-13944,NO,1,0,0,0,0,0,0
GENE-13945,NO,1,12,18,7,7,9,7
GENE-13946,NO,1,0,0,0,0,0,0
GENE-13947,NO,1,0,0,0,0,0,0
GENE-13948,NO,1,0,0,0,0,0,0
GENE-13949,NO,1,0,0,0,0,0,0
GENE-13950,NO,1,40,39,25,184,56,35
GENE-13951,NO,1,0,0,0,0,0,0
GENE-13952,NO,1,0,0,0,0,0,0
GENE-13953,NO,1,0,0,0,0,0,0
GENE-13954,NO,1,13,6,12,1,5,3
GENE-13955,NO,1,0,0,0,0,0,0
GENE-13956,NO,1,2,0,3,4,0,4
GENE-13957,NO,1,0,0,0,0,0,0
GENE-13958,NO,1,0,0,0,0,0,0
GENE-13959,NO,1,111,152,177,165,158,182
GENE-13960,NO,1,0,0,0,0,0,0
GENE-13961,NO,1,0,0,0,0,0,0
GENE-13962,NO,1,0,0,0,0,0,0
GENE-13963,NO,1,0,0,0,0,0,0
GENE-13964,NO,1,634,749,644,633,707,577
GENE-13965,NO,1,0,0,0,0,0,0
GENE-13966,NO,1,0,0,0,0,0,0
GENE-13967,NO,1,24,13,11,22,17,29
GENE-13968,NO,1,56,57,58,75,28,20
GENE-13969,NO,1,0,0,0,0,0,0
GENE-13970,NO,1,1,7,2,2,2,3
GENE-13971,NO,1,0,0,0,0,0,0
GENE-13972,NO,1,0,0,0,0,0,0
GENE-13973,NO,1,0,0,0,0,0,0
GENE-13974,NO,1,29,30,26,23,16,19
GENE-13975,NO,1,0,0,0,0,0,0
GENE-13976,NO,1,0,0,0,0,0,2
GENE-13977,NO,1,20,10,23,19,19,13
GENE-13978,NO,1,0,0,0,0,0,0
GENE-13979,NO,1,0,0,0,0,0,0
GENE-13980,NO,1,0,0,0,0,0,0
GENE-13981,NO,1,22,28,28,21,26,21
GENE-13982,NO,1,31,36,160,2,0,4
GENE-13983,NO,1,0,0,0,0,0,0
GENE-13984,NO,1,11,5,9,10,5,8
GENE-13985,NO,1,0,0,0,0,0,0
GENE-13986,NO,1,0,0,0,0,0,0
GENE-13987,NO,1,0,0,0,0,0,0
GENE-13988,NO,1,0,0,0,0,0,0
GENE-13989,NO,1,0,0,0,0,0,0
GENE-13990,NO,1,0,0,0,0,0,0
GENE-13991,NO,1,0,0,0,0,0,0
GENE-13992,NO,1,0,0,0,0,0,0
GENE-13993,NO,1,35,52,18,5,37,27
GENE-13994,YES,1,0,0,0,0,0,0
GENE-13995,NO,1,0,0,0,0,0,0
GENE-13996,NO,1,0,0,0,0,0,0
GENE-13997,NO,1,0,0,0,0,0,0
GENE-13998,NO,1,0,0,0,0,0,0
GENE-13999,NO,1,140,270,134,186,169,187
GENE-14000,NO,1,0,0,2,1,0,3
GENE-14001,NO,1,0,0,0,0,0,0
GENE-14002,NO,1,171,130,160,154,155,172
GENE-14003,NO,1,0,0,0,0,0,0
GENE-14004,NO,1,0,0,0,0,0,0
GENE-14005,NO,1,0,0,0,0,0,0
GENE-14006,NO,1,77,62,70,80,93,92
GENE-14007,NO,1,179,164,194,228,307,233
GENE-14008,NO,1,0,0,0,0,0,0
GENE-14009,NO,1,0,1,0,1,1,0
GENE-14010,NO,1,0,0,0,0,0,0
GENE-14011,NO,1,350,353,302,633,429,358
GENE-14012,NO,1,20,23,16,7,22,17
GENE-14013,NO,1,0,0,0,0,0,0
GENE-14014,NO,1,0,0,0,0,0,0
GENE-14015,NO,1,0,0,0,0,0,0
GENE-14016,NO,1,1978,1791,2596,2249,4058,2663
GENE-14017,NO,1,0,0,0,0,0,0
GENE-14018,NO,1,1043,910,1112,1391,1071,732
GENE-14019,YES,1,0,0,0,0,0,0
GENE-14020,NO,1,0,0,0,0,0,0
GENE-14021,NO,1,0,0,0,0,0,0
GENE-14022,NO,1,0,0,0,0,0,0
GENE-14023,NO,1,0,0,0,0,0,0
GENE-14024,NO,1,0,0,0,0,0,0
GENE-14025,NO,1,75,66,82,81,91,79
GENE-14026,NO,1,0,0,0,0,0,0
GENE-14027,NO,1,0,0,0,0,0,0
GENE-14028,NO,1,0,0,0,0,0,0
GENE-14029,NO,1,0,0,0,0,0,0
GENE-14030,NO,1,0,0,0,0,0,0
GENE-14031,NO,1,2046,1964,1133,2138,1132,1341
GENE-14032,NO,1,5275,4420,5653,4450,6985,4841
GENE-14033,NO,1,25,16,15,24,26,7
GENE-14034,NO,1,0,0,0,0,0,0
GENE-14035,NO,1,0,0,0,0,0,0
GENE-14036,NO,1,0,0,0,0,0,0
GENE-14037,NO,1,137,113,107,137,147,109
GENE-14038,NO,1,0,0,0,0,0,0
GENE-14039,NO,1,0,0,0,0,0,0
GENE-14041,NO,1,0,0,0,0,0,0
GENE-14042,NO,1,180,204,202,198,138,214
GENE-14043,NO,1,0,0,1,0,0,0
GENE-14044,NO,1,0,0,0,0,0,0
GENE-14045,NO,1,2,2,0,0,5,2
GENE-14046,NO,1,0,0,1,0,1,0
GENE-14047,NO,1,0,0,0,0,0,0
GENE-14048,NO,1,34,28,24,24,23,22
GENE-14049,NO,1,0,0,0,0,0,0
GENE-14050,NO,1,3,2,2,2,0,3
GENE-14051,NO,1,0,0,0,0,0,0
GENE-14052,NO,1,0,0,0,0,0,0
GENE-14053,NO,1,133,132,171,156,158,229
GENE-14054,NO,1,0,0,0,0,0,0
GENE-14055,NO,1,31,27,18,35,38,19
GENE-14056,NO,1,0,0,0,0,0,0
GENE-14057,NO,1,0,0,0,0,0,0
GENE-14058,NO,1,0,0,0,0,0,0
GENE-14059,NO,1,0,0,0,0,0,0
GENE-14060,NO,1,0,0,0,0,0,0
GENE-14061,NO,1,355,328,352,356,386,339
GENE-14062,NO,1,0,0,0,0,0,0
GENE-14063,NO,1,0,1,0,1,0,0
GENE-14064,NO,1,0,0,0,0,0,0
GENE-14065,NO,1,1177,2007,2205,1572,1071,1403
GENE-14066,NO,1,0,0,0,0,0,0
GENE-14067,NO,1,0,0,0,0,0,0
GENE-14068,NO,1,0,0,0,0,0,0
GENE-14069,NO,1,0,0,0,0,0,0
GENE-14070,NO,1,0,0,0,0,0,0
GENE-14072,NO,1,0,0,0,0,0,0
GENE-14073,NO,1,0,0,0,0,0,0
GENE-14074,NO,1,77,136,168,79,98,118
GENE-14075,NO,1,0,0,0,0,0,0
GENE-14076,NO,1,0,0,0,0,0,0
GENE-14078,NO,1,628,449,561,722,566,387
GENE-14079,NO,1,0,0,0,0,0,0
GENE-14080,NO,1,0,0,0,0,0,0
GENE-14081,NO,1,0,0,0,0,0,0
GENE-14082,NO,1,0,0,0,0,0,0
GENE-14083,NO,1,0,0,0,0,0,0
GENE-14084,NO,1,0,0,0,0,0,0
GENE-14085,NO,1,0,4,0,2,1,0
GENE-14086,NO,1,0,0,0,0,0,0
GENE-14087,NO,1,0,0,0,0,0,0
GENE-14088,NO,1,0,0,0,0,0,0
GENE-14089,NO,1,0,0,0,0,0,0
GENE-14090,NO,1,1137,3959,2840,1781,1885,4594
GENE-14091,NO,1,0,0,0,0,0,0
GENE-14092,NO,1,17658,17615,17855,16896,16516,16350
GENE-14093,NO,1,0,0,0,0,0,0
GENE-14094,NO,1,0,0,0,0,0,0
GENE-14095,NO,1,145,219,243,209,155,197
GENE-14096,NO,1,0,0,0,0,0,0
GENE-14097,NO,1,0,0,0,0,0,0
GENE-14098,NO,1,37,42,40,40,49,61
GENE-14099,NO,1,0,0,0,0,0,0
GENE-14100,NO,1,0,0,0,0,0,0
GENE-14101,NO,1,0,0,0,0,0,0
GENE-14102,YES,1,0,0,0,0,0,0
GENE-14103,NO,1,0,0,0,0,0,0
GENE-14104,NO,1,69,52,59,62,67,61
GENE-14105,NO,1,0,0,0,0,0,0
GENE-14106,NO,1,0,0,0,0,0,0
GENE-14107,NO,1,0,0,0,0,0,0
GENE-14108,NO,1,0,0,0,0,0,0
GENE-14109,NO,1,74,55,63,54,80,88
GENE-14110,NO,1,0,0,0,0,0,0
GENE-14111,NO,1,0,0,0,0,0,0
GENE-14112,NO,1,0,0,0,0,0,0
GENE-14113,NO,1,0,0,0,0,0,0
GENE-14114,NO,1,9568,9068,10850,10499,11424,9963
GENE-14115,NO,1,0,0,0,0,0,0
GENE-14116,NO,1,332,409,342,403,355,254
GENE-14117,NO,1,0,0,0,0,0,0
GENE-14118,NO,1,10,7,5,10,4,2
GENE-14119,NO,1,0,0,0,0,0,0
GENE-14120,NO,1,89,76,51,72,55,57
GENE-14121,NO,1,0,0,0,0,0,0
GENE-14122,NO,1,3,7,1,1,2,5
GENE-14123,NO,1,0,0,0,0,0,0
GENE-14124,NO,1,0,0,0,0,0,0
GENE-14125,YES,1,0,0,0,0,0,0
GENE-14126,NO,1,0,0,0,0,0,0
GENE-14127,NO,1,0,0,0,0,0,0
GENE-14128,NO,1,0,0,0,0,0,0
GENE-14129,NO,1,0,0,0,0,0,0
GENE-14130,YES,1,0,0,0,0,0,0
GENE-14131,NO,1,0,0,0,0,0,0
GENE-14132,NO,1,0,0,0,0,0,0
GENE-14133,NO,1,37,37,26,30,28,53
GENE-14135,NO,1,0,0,0,0,0,0
GENE-14136,NO,1,0,0,0,0,0,0
GENE-14137,NO,1,1,0,0,0,0,0
GENE-14138,NO,1,0,0,0,0,0,0
GENE-14139,NO,1,1205,735,839,897,759,525
GENE-14140,NO,1,0,0,0,0,1,0
GENE-14141,NO,1,0,0,0,0,0,0
GENE-14142,NO,1,970,859,680,946,1016,689
GENE-14143,NO,1,0,0,0,0,0,0
GENE-14144,NO,1,0,0,0,0,0,0
GENE-14145,NO,1,0,0,0,0,0,0
GENE-14146,NO,1,0,0,0,0,0,0
GENE-14148,NO,1,0,0,0,0,0,0
GENE-14149,NO,1,0,0,0,0,0,0
GENE-14150,NO,1,1,1,3,3,3,3
GENE-14151,NO,1,0,0,0,0,0,0
GENE-14152,NO,1,0,0,0,0,0,0
GENE-14153,NO,1,0,0,0,0,0,0
GENE-14154,NO,1,0,0,0,0,0,0
GENE-14155,NO,1,27,8,25,97,10,19
GENE-14156,NO,1,1,0,7,1,3,2
GENE-14157,NO,1,0,0,0,0,0,0
GENE-14158,NO,1,0,0,0,0,0,0
GENE-14159,YES,1,0,0,0,0,0,0
GENE-14160,NO,1,237,226,270,190,224,382
GENE-14161,NO,1,2,2,2,2,3,4
GENE-14162,NO,1,917,861,902,734,819,828
GENE-14163,NO,1,0,0,0,0,0,0
GENE-14164,NO,1,47,41,56,45,47,43
GENE-14165,NO,1,0,0,0,0,0,0
GENE-14166,YES,1,1,2,0,3,2,5
GENE-14167,NO,1,0,0,0,0,0,0
GENE-14168,NO,1,1,0,0,0,2,2
GENE-14169,NO,1,0,0,0,0,0,0
GENE-14170,NO,1,0,0,0,0,0,0
GENE-14171,NO,1,33,46,55,47,34,39
GENE-14172,YES,1,0,0,0,0,0,0
GENE-14173,NO,1,0,0,0,0,0,0
GENE-14174,NO,1,2,6,1,5,6,5
GENE-14175,NO,1,144,111,159,96,179,158
GENE-14176,YES,1,0,0,0,0,0,0
GENE-14177,NO,1,0,0,0,0,0,0
GENE-14178,NO,1,42,52,49,37,44,43
GENE-14179,NO,1,267,289,281,204,215,229
GENE-14180,NO,1,0,0,0,0,0,0
GENE-14181,NO,1,0,0,0,0,0,0
GENE-14182,NO,1,0,0,0,0,0,0
GENE-14183,NO,1,52,54,58,47,45,53
GENE-14184,NO,1,0,0,0,0,0,0
GENE-14185,NO,1,0,0,0,0,0,0
GENE-14186,NO,1,0,0,0,0,0,0
GENE-14187,NO,1,30,23,25,31,31,35
GENE-14188,NO,1,24,0,23,112,21,0
GENE-14189,NO,1,0,0,0,0,0,0
GENE-14190,NO,1,0,0,0,0,0,0
GENE-14191,NO,1,1,3,5,5,2,4
GENE-14192,NO,1,0,0,0,0,0,0
GENE-14193,NO,1,4,5,6,10,15,3
GENE-14194,NO,1,0,0,0,0,0,0
GENE-14195,NO,1,220,244,195,135,228,220
GENE-14196,NO,1,410,826,644,486,199,834
GENE-14197,NO,1,0,0,0,0,0,0
GENE-14198,NO,1,0,0,0,0,0,0
GENE-14199,NO,1,0,0,0,0,0,0
GENE-14200,NO,1,0,0,0,0,0,0
GENE-14201,NO,1,0,0,0,0,0,0
GENE-14202,NO,1,0,0,0,0,0,0
GENE-14203,NO,1,8593,16068,15197,11854,13351,14851
GENE-14204,NO,1,0,0,0,0,0,0
GENE-14205,NO,1,10,10,12,8,3,3
GENE-14206,NO,1,2,3,0,3,0,3
GENE-14207,NO,1,0,0,0,0,0,0
GENE-14208,NO,1,0,0,0,0,0,0
GENE-14209,NO,1,408,374,334,402,352,293
GENE-14210,NO,1,22,23,16,14,22,37
GENE-14211,NO,1,0,0,0,0,0,0
GENE-14212,NO,1,0,0,0,0,0,0
GENE-14213,NO,1,0,0,0,0,0,0
GENE-14214,NO,1,633,987,1471,518,1126,323
GENE-14215,NO,1,0,0,0,0,0,0
GENE-14216,NO,1,21,36,30,31,25,14
GENE-14217,NO,1,0,0,0,0,0,0
GENE-14218,NO,1,0,0,0,0,0,0
GENE-14219,NO,1,0,0,0,0,0,0
GENE-14220,NO,1,2,1,3,1,1,1
GENE-14221,NO,1,0,0,0,0,0,0
GENE-14222,NO,1,0,0,0,0,0,0
GENE-14223,NO,1,0,0,0,0,0,0
GENE-14224,NO,1,0,0,0,0,0,0
GENE-14225,NO,1,0,0,0,0,0,0
GENE-14226,NO,1,0,0,0,0,0,0
GENE-14227,NO,1,0,0,0,0,0,0
GENE-14228,NO,1,8,12,4,20,9,9
GENE-14229,NO,1,0,0,0,0,0,0
GENE-14230,NO,1,396,369,466,325,466,386
GENE-14231,NO,1,0,0,0,0,0,0
GENE-14232,NO,1,0,0,0,0,0,0
GENE-14233,NO,1,0,0,0,0,0,0
GENE-14234,YES,1,0,0,0,0,0,0
GENE-14235,NO,1,0,0,0,0,0,0
GENE-14236,NO,1,227,239,235,270,230,271
GENE-14237,NO,1,0,0,0,0,0,0
GENE-14238,NO,1,0,0,0,0,0,0
GENE-14239,NO,1,42,32,59,51,34,48
GENE-14240,NO,1,0,0,0,0,0,0
GENE-14241,NO,1,4,5,5,8,5,5
GENE-14242,NO,1,0,0,0,0,0,0
GENE-14243,NO,1,0,0,0,0,0,0
GENE-14244,NO,1,1,0,1,0,0,0
GENE-14245,NO,1,16,27,28,28,17,33
GENE-14246,NO,1,19,8,97,123,22,8
GENE-14247,NO,1,0,0,0,0,0,0
GENE-14248,NO,1,0,0,0,0,0,0
GENE-14249,NO,1,8,20,7,16,8,12
GENE-14250,NO,1,0,0,0,0,0,0
GENE-14251,NO,1,61,56,49,43,40,61
GENE-14252,NO,1,0,0,0,0,0,0
GENE-14253,NO,1,0,0,0,0,0,0
GENE-14254,NO,1,0,0,0,0,0,0
GENE-14255,NO,1,0,0,0,0,0,0
GENE-14256,NO,1,0,0,0,0,0,0
GENE-14257,NO,1,0,0,0,0,0,0
GENE-14258,NO,1,0,0,0,0,0,0
GENE-14259,NO,1,33,31,24,24,32,31
GENE-14260,NO,1,0,0,0,0,0,0
GENE-14261,NO,1,5863,5195,5045,5556,4705,4958
GENE-14262,NO,1,199,156,187,157,131,188
GENE-14263,NO,1,0,0,0,0,0,0
GENE-14264,NO,1,1,0,1,1,2,0
GENE-14265,NO,1,0,0,0,0,0,0
GENE-14266,NO,1,0,0,0,0,0,0
GENE-14267,NO,1,3,3,3,2,4,0
GENE-14268,NO,1,0,0,0,0,0,0
GENE-14269,NO,1,0,0,0,0,0,0
GENE-14270,NO,1,0,0,0,0,0,0
GENE-14271,NO,1,0,0,0,0,0,0
GENE-14272,NO,1,0,0,0,0,0,0
GENE-14273,NO,1,41,57,67,78,66,78
GENE-14274,NO,1,187,167,206,169,131,171
GENE-14275,NO,1,0,0,0,0,0,0
GENE-14276,NO,1,0,0,0,0,0,0
GENE-14277,NO,1,0,0,0,0,0,0
GENE-14278,NO,1,0,0,0,0,0,0
GENE-14279,NO,1,18,28,26,29,30,29
GENE-14280,NO,1,0,0,0,0,0,0
GENE-14281,NO,1,0,0,0,0,0,0
GENE-14282,NO,1,1,1,1,0,2,1
GENE-14283,NO,1,0,0,0,0,0,0
GENE-14284,NO,1,3,12,6,6,5,9
GENE-14285,NO,1,65,93,50,59,31,38
GENE-14286,NO,1,1977,1912,1940,2098,2326,1964
GENE-14287,NO,1,0,0,0,0,0,0
GENE-14288,NO,1,0,0,0,0,0,0
GENE-14289,NO,1,0,0,0,0,0,0
GENE-14290,NO,1,0,0,0,0,0,0
GENE-14291,NO,1,188,113,129,115,144,123
GENE-14292,NO,1,0,0,0,0,0,0
GENE-14293,NO,1,0,0,0,0,0,0
GENE-14294,NO,1,0,0,0,0,0,0
GENE-14295,NO,1,0,0,0,0,0,0
GENE-14296,NO,1,0,0,0,0,0,0
GENE-14297,NO,1,8,5,6,2,4,4
GENE-14298,NO,1,0,0,0,1,0,0
GENE-14299,NO,1,0,0,0,0,0,0
GENE-14300,NO,1,0,0,0,0,0,0
GENE-14301,NO,1,1347,1369,956,444,980,1418
GENE-14302,NO,1,0,0,0,0,0,0
GENE-14303,NO,1,0,0,0,0,0,0
GENE-14304,NO,1,511,490,724,679,644,478
GENE-14305,NO,1,0,0,0,0,0,0
GENE-14306,NO,1,110,108,126,131,123,107
GENE-14307,NO,1,0,1,0,0,0,0
GENE-14308,NO,1,112,137,141,145,176,160
GENE-14309,NO,1,0,0,0,0,0,0
GENE-14310,NO,1,5,15,6,13,14,6
GENE-14311,NO,1,0,0,0,0,0,0
GENE-14312,NO,1,0,0,0,0,0,0
GENE-14313,NO,1,0,0,0,0,0,0
GENE-14314,NO,1,3,8,7,5,2,7
GENE-14315,NO,1,1,2,1,1,1,3
GENE-14317,NO,1,193,227,209,182,228,217
GENE-14318,NO,1,0,0,0,0,0,0
GENE-14319,NO,1,4685,5031,4317,4523,4745,4195
GENE-14320,NO,1,0,0,0,0,0,0
GENE-14321,NO,1,0,0,0,0,0,0
GENE-14322,NO,1,0,0,0,0,0,0
GENE-14323,NO,1,0,0,0,0,0,0
GENE-14324,NO,1,6,6,3,2,3,5
GENE-14325,NO,1,0,0,0,0,0,0
GENE-14326,NO,1,0,0,0,0,0,0
GENE-14327,NO,1,0,0,0,0,0,0
GENE-14328,NO,1,0,0,0,0,0,0
GENE-14329,NO,1,466,443,435,548,432,522
GENE-14330,NO,1,0,0,0,0,0,0
GENE-14331,NO,1,0,0,0,0,0,0
GENE-14332,NO,1,0,0,0,0,0,0
GENE-14333,NO,1,0,2,2,0,0,3
GENE-14334,NO,1,0,0,0,0,0,0
GENE-14335,NO,1,0,0,0,0,0,0
GENE-14336,NO,1,0,0,0,0,0,0
GENE-14337,YES,1,0,0,0,0,0,0
GENE-14338,NO,1,0,0,0,0,0,0
GENE-14339,NO,1,0,0,0,0,0,0
GENE-14340,NO,1,522,603,582,673,558,552
GENE-14341,NO,1,0,0,0,0,0,0
GENE-14342,NO,1,0,0,0,0,0,0
GENE-14343,NO,1,231,84,417,73,358,208
GENE-14344,NO,1,0,0,0,0,0,0
GENE-14345,NO,1,0,0,0,0,0,0
GENE-14346,NO,1,0,0,0,0,0,0
GENE-14347,NO,1,3,6,8,7,11,8
GENE-14348,NO,1,0,0,0,0,0,0
GENE-14349,NO,1,0,0,0,0,0,0
GENE-14350,NO,1,0,3,1,7,7,5
GENE-14351,NO,1,0,0,0,0,0,0
GENE-14352,NO,1,337,563,447,483,448,498
GENE-14353,NO,1,2168,2116,2240,2031,2477,2208
GENE-14354,NO,1,0,0,0,0,0,0
GENE-14355,NO,1,130,142,143,118,114,145
GENE-14356,NO,1,0,0,0,0,0,0
GENE-14357,NO,1,0,0,0,0,0,0
GENE-14358,NO,1,0,0,0,0,0,0
GENE-14359,NO,1,16,19,11,21,16,21
GENE-14360,NO,1,0,0,0,0,0,0
GENE-14361,NO,1,497,424,430,440,451,420
GENE-14362,NO,1,0,0,0,0,0,0
GENE-14364,NO,1,0,77,133,0,23,31
GENE-14365,NO,1,859,649,814,531,280,565
GENE-14366,NO,1,0,0,0,0,0,0
GENE-14367,NO,1,58,46,43,41,44,81
GENE-14368,NO,1,2,7,1,1,7,3
GENE-14369,NO,1,4,4,0,1,1,1
GENE-14370,NO,1,55,76,65,28,59,59
GENE-14371,NO,1,0,0,0,0,0,0
GENE-14372,NO,1,0,0,0,0,0,0
GENE-14373,NO,1,0,0,0,0,0,0
GENE-14374,NO,1,0,0,0,0,0,0
GENE-14375,NO,1,1,0,2,2,0,0
GENE-14376,NO,1,0,0,0,0,0,0
GENE-14377,NO,1,0,0,0,0,0,0
GENE-14378,NO,1,46,94,53,62,65,65
GENE-14379,NO,1,0,0,0,0,0,0
GENE-14380,NO,1,0,0,0,0,0,0
GENE-14381,NO,1,0,0,0,0,0,0
GENE-14382,NO,1,0,0,0,0,0,0
GENE-14383,NO,1,0,0,0,0,0,0
GENE-14384,NO,1,0,0,0,0,0,0
GENE-14385,NO,1,0,0,0,0,0,0
GENE-14386,NO,1,542,229,325,386,327,487
GENE-14387,NO,1,0,0,0,0,0,0
GENE-14388,NO,1,0,0,0,0,0,0
GENE-14389,NO,1,0,0,0,0,0,0
GENE-14390,NO,1,7,0,6,6,7,4
GENE-14391,NO,1,0,0,0,0,0,0
GENE-14392,NO,1,0,0,0,0,0,0
GENE-14393,NO,1,0,0,0,0,0,0
GENE-14394,NO,1,0,0,0,0,0,0
GENE-14395,NO,1,0,0,0,0,0,0
GENE-14396,NO,1,0,0,0,0,0,0
GENE-14397,NO,1,5,7,7,5,2,9
GENE-14398,NO,1,400,381,403,394,482,386
GENE-14399,NO,1,0,0,0,0,0,0
GENE-14400,NO,1,3529,5085,5120,4419,4211,5325
GENE-14401,NO,1,115,90,46,61,39,37
GENE-14402,NO,1,0,0,0,0,0,0
GENE-14403,NO,1,9,2,1,2,6,13
GENE-14404,YES,1,0,0,0,0,0,0
GENE-14405,NO,1,461,536,581,482,570,546
GENE-14406,NO,1,0,0,0,0,0,0
GENE-14407,NO,1,0,0,0,0,0,0
GENE-14408,NO,1,49,121,219,148,104,115
GENE-14409,NO,1,0,0,0,0,0,0
GENE-14410,NO,1,0,0,0,0,0,0
GENE-14411,NO,1,0,0,0,0,0,0
GENE-14412,NO,1,0,0,0,0,0,0
GENE-14413,NO,1,0,0,0,0,0,0
GENE-14414,NO,1,0,0,0,0,0,0
GENE-14415,NO,1,7640,10107,6026,12418,7895,10872
GENE-14416,NO,1,0,0,0,0,0,0
GENE-14417,NO,1,5,9,4,4,12,7
GENE-14418,NO,1,912,981,894,998,932,902
GENE-14419,NO,1,0,0,0,0,0,0
GENE-14420,NO,1,0,0,0,0,0,0
GENE-14421,NO,1,7,6,4,8,11,8
GENE-14422,NO,1,0,0,0,0,0,0
GENE-14423,NO,1,282,207,208,219,284,193
GENE-14424,NO,1,0,0,0,0,0,0
GENE-14425,NO,1,0,0,0,0,0,0
GENE-14426,NO,1,0,0,0,0,0,0
GENE-14427,NO,1,0,0,0,0,0,0
GENE-14428,NO,1,0,0,0,0,0,0
GENE-14429,NO,1,0,0,0,0,0,0
GENE-14430,NO,1,0,0,0,0,0,0
GENE-14431,NO,1,0,0,0,0,0,0
GENE-14432,NO,1,0,0,0,0,0,0
GENE-14433,NO,1,0,0,0,0,0,0
GENE-14434,NO,1,0,0,0,0,0,0
GENE-14435,NO,1,210,146,201,159,226,208
GENE-14436,NO,1,32,38,37,17,47,25
GENE-14437,NO,1,0,0,0,0,0,0
GENE-14438,NO,1,0,0,0,0,0,0
GENE-14439,NO,1,2,1,1,1,1,1
GENE-14440,NO,1,0,0,0,0,0,0
GENE-14441,NO,1,0,0,0,0,0,0
GENE-14442,NO,1,0,0,0,0,0,0
GENE-14444,NO,1,0,0,0,0,0,0
GENE-14445,YES,1,0,0,0,0,0,0
GENE-14446,NO,1,1,1,0,0,1,0
GENE-14447,NO,1,0,0,0,0,0,0
GENE-14448,NO,1,169,174,181,148,192,116
GENE-14449,NO,1,0,0,0,0,0,0
GENE-14450,NO,1,0,0,0,0,0,0
GENE-14451,NO,1,87,105,93,85,70,68
GENE-14452,NO,1,0,0,0,0,0,0
GENE-14453,NO,1,0,0,0,0,0,0
GENE-14454,NO,1,0,0,0,0,0,0
GENE-14455,NO,1,273,252,455,209,385,397
GENE-14456,NO,1,0,0,0,0,0,0
GENE-14457,NO,1,0,0,0,0,0,0
GENE-14458,NO,1,0,0,0,0,0,0
GENE-14459,NO,1,1,0,2,0,0,0
GENE-14460,NO,1,0,0,0,0,0,0
GENE-14461,NO,1,1,2,3,0,0,1
GENE-14462,NO,1,0,0,0,0,0,0
GENE-14463,NO,1,0,0,0,0,0,0
GENE-14464,NO,1,78,65,77,81,71,41
GENE-14465,NO,1,107,134,166,127,120,146
GENE-14466,NO,1,1012,1096,1002,829,731,1090
GENE-14467,NO,1,0,0,0,0,0,0
GENE-14468,NO,1,0,0,0,0,0,0
GENE-14469,NO,1,4,6,7,10,5,1
GENE-14470,NO,1,1721,2109,1774,2018,1803,2892
GENE-14471,NO,1,0,0,0,0,0,0
GENE-14472,NO,1,42,119,230,144,107,228
GENE-14473,NO,1,0,0,0,0,0,0
GENE-14474,NO,1,0,0,0,0,0,0
GENE-14475,NO,1,0,0,0,0,0,0
GENE-14476,NO,1,0,0,0,0,0,0
GENE-14477,YES,1,0,0,0,0,0,0
GENE-14478,NO,1,336,156,307,308,115,553
GENE-14479,NO,1,0,1,0,1,0,0
GENE-14480,NO,1,0,0,0,0,0,0
GENE-14481,NO,1,2,0,1,1,0,0
GENE-14482,NO,1,0,0,0,0,0,0
GENE-14483,NO,1,0,0,0,0,0,0
GENE-14484,NO,1,0,0,0,0,0,0
GENE-14485,NO,1,911,914,1017,1042,1014,870
GENE-14486,NO,1,8,8,2,11,11,6
GENE-14487,NO,1,0,0,0,0,0,0
GENE-14488,NO,1,0,0,0,0,0,0
GENE-14489,NO,1,0,0,0,0,0,0
GENE-14490,NO,1,929,1001,1135,1097,1110,1074
GENE-14491,NO,1,0,0,0,0,0,0
GENE-14492,NO,1,51,50,47,56,57,72
GENE-14493,NO,1,32,15,15,17,13,21
GENE-14494,NO,1,142,173,154,117,174,179
GENE-14495,NO,1,2,0,1,0,0,0
GENE-14496,NO,1,0,0,0,0,0,0
GENE-14497,NO,1,0,0,0,0,0,0
GENE-14498,YES,1,0,0,0,0,0,0
GENE-14499,NO,1,38,35,37,26,27,26
GENE-14500,NO,1,0,0,0,0,0,0
GENE-14501,NO,1,0,0,0,0,0,0
GENE-14502,NO,1,0,0,0,0,0,0
GENE-14503,NO,1,0,0,0,0,0,0
GENE-14504,NO,1,0,0,0,0,0,0
GENE-14505,NO,1,0,0,0,0,0,1
GENE-14506,NO,1,1,3,2,4,6,5
GENE-14507,NO,1,130,129,114,99,141,135
GENE-14508,NO,1,0,0,0,0,0,0
GENE-14509,NO,1,2,4,3,5,1,5
GENE-14510,NO,1,0,0,0,0,0,0
GENE-14511,NO,1,0,0,0,0,0,0
GENE-14512,NO,1,0,0,0,0,0,0
GENE-14513,NO,1,0,0,1,0,1,0
GENE-14514,NO,1,232,277,329,187,252,208
GENE-14515,NO,1,13,28,37,28,4,40
GENE-14516,NO,1,3,0,0,0,2,2
GENE-14517,NO,1,0,0,0,0,0,0
GENE-14518,NO,1,0,0,0,0,0,0
GENE-14519,NO,1,29,29,26,23,24,30
GENE-14520,NO,1,0,0,0,0,0,0
GENE-14521,NO,1,0,0,0,0,0,0
GENE-14522,NO,1,0,0,0,0,0,0
GENE-14523,NO,1,0,0,0,0,0,0
GENE-14524,NO,1,0,0,0,0,0,0
GENE-14525,NO,1,839,540,803,620,685,1012
GENE-14526,NO,1,0,0,0,0,0,0
GENE-14527,NO,1,0,0,0,0,0,0
GENE-14528,NO,1,767,809,683,699,718,711
GENE-14529,NO,1,129,78,100,136,118,76
GENE-14530,NO,1,14,12,11,11,15,9
GENE-14531,NO,1,25,24,30,22,34,24
GENE-14532,NO,1,0,0,0,0,0,0
GENE-14533,NO,1,0,0,0,0,0,0
GENE-14534,NO,1,0,0,0,0,0,0
GENE-14535,NO,1,0,0,0,0,0,0
GENE-14536,NO,1,0,0,0,0,0,0
GENE-14537,NO,1,327,337,378,427,346,322
GENE-14538,NO,1,79,82,38,78,89,92
GENE-14539,NO,1,0,0,0,0,0,0
GENE-14540,NO,1,0,0,0,0,0,0
GENE-14541,NO,1,0,0,0,0,0,0
GENE-14542,NO,1,0,0,0,0,0,0
GENE-14543,NO,1,116,98,75,108,120,109
GENE-14544,YES,1,0,0,0,0,0,0
GENE-14545,NO,1,0,2,0,1,0,0
GENE-14546,NO,1,25,15,20,13,11,16
GENE-14547,YES,1,0,0,0,0,0,0
GENE-14548,NO,1,4,3,1,1,2,3
GENE-14549,NO,1,62,65,54,69,52,52
GENE-14550,NO,1,417,278,250,151,536,310
GENE-14551,NO,1,0,0,0,0,1,0
GENE-14552,NO,1,0,0,0,0,0,0
GENE-14553,NO,1,0,0,0,0,0,0
GENE-14555,NO,1,0,0,0,0,0,0
GENE-14556,NO,1,184,198,187,199,156,184
GENE-14557,NO,1,0,0,0,0,0,0
GENE-14558,NO,1,463,310,387,471,538,505
GENE-14559,NO,1,0,0,0,0,0,0
GENE-14560,NO,1,0,0,0,0,0,0
GENE-14561,NO,1,16,26,18,10,9,21
GENE-14563,NO,1,0,0,0,0,0,0
GENE-14564,NO,1,652,830,735,599,724,811
GENE-14565,NO,1,0,0,0,0,0,0
GENE-14566,NO,1,1225,1273,1069,1484,847,710
GENE-14567,NO,1,0,0,0,0,0,0
GENE-14568,NO,1,0,0,0,0,0,0
GENE-14569,NO,1,0,0,0,0,0,0
GENE-14570,NO,1,61,39,32,52,51,32
GENE-14571,NO,1,0,0,0,0,0,0
GENE-14572,NO,1,0,0,0,0,0,0
GENE-14573,NO,1,0,0,0,0,0,0
GENE-14574,NO,1,0,0,0,0,0,0
GENE-14575,NO,1,0,0,0,0,0,0
GENE-14576,NO,1,0,0,0,0,0,0
GENE-14577,NO,1,0,0,0,0,0,0
GENE-14578,NO,1,0,0,0,0,0,0
GENE-14579,NO,1,0,0,1,0,0,1
GENE-14580,NO,1,0,0,0,0,0,0
GENE-14581,NO,1,191,175,195,232,187,190
GENE-14582,NO,1,0,0,0,0,0,0
GENE-14583,NO,1,0,0,0,0,0,0
GENE-14584,NO,1,39,23,50,48,44,42
GENE-14585,NO,1,0,0,0,0,0,0
GENE-14586,NO,1,230,217,154,179,240,262
GENE-14587,YES,1,0,0,0,0,0,0
GENE-14588,NO,1,18,18,20,19,22,21
GENE-14589,NO,1,0,0,0,0,0,0
GENE-14590,NO,1,0,0,0,0,0,0
GENE-14591,NO,1,0,0,0,0,0,0
GENE-14592,NO,1,0,0,0,0,0,0
GENE-14593,NO,1,0,0,0,0,0,0
GENE-14594,NO,1,0,0,0,0,0,0
GENE-14595,NO,1,11,14,6,10,9,17
GENE-14596,NO,1,11,20,17,24,41,10
GENE-14597,NO,1,0,0,0,0,0,0
GENE-14598,NO,1,1228,1256,1064,1081,789,1799
GENE-14600,NO,1,0,0,0,0,0,0
GENE-14601,NO,1,0,0,0,0,0,0
GENE-14602,NO,1,2,5,0,0,3,0
GENE-14603,NO,1,0,0,0,0,0,0
GENE-14604,YES,1,0,0,0,0,0,0
GENE-14606,NO,1,0,0,0,0,0,0
GENE-14607,NO,1,0,0,0,0,0,0
GENE-14608,NO,1,2,0,1,0,0,0
GENE-14609,NO,1,113,215,138,71,168,165
GENE-14610,NO,1,0,0,0,0,0,0
GENE-14611,NO,1,0,0,0,0,0,0
GENE-14612,NO,1,0,0,0,0,0,0
GENE-14613,NO,1,0,0,0,0,0,0
GENE-14614,NO,1,0,0,0,0,0,0
GENE-14615,NO,1,0,0,0,0,0,0
GENE-14616,NO,1,0,0,0,0,0,0
GENE-14617,NO,1,0,0,0,0,0,0
GENE-14618,NO,1,0,0,0,0,0,0
GENE-14619,NO,1,26,51,185,49,41,12
GENE-14620,NO,1,1,1,1,2,1,0
GENE-14621,NO,1,1288,1040,1163,1110,1217,1067
GENE-14622,NO,1,1,1,1,2,2,3
GENE-14623,NO,1,0,0,0,0,0,0
GENE-14624,NO,1,47,31,25,46,53,34
GENE-14625,NO,1,757,568,619,488,516,728
GENE-14626,NO,1,0,0,0,0,0,0
GENE-14627,NO,1,0,0,0,0,0,0
GENE-14628,NO,1,0,0,0,0,0,0
GENE-14629,NO,1,1,1,0,0,3,1
GENE-14630,NO,1,0,0,0,0,0,0
GENE-14631,YES,1,0,0,0,0,0,0
GENE-14632,NO,1,35,56,52,51,33,31
GENE-14633,NO,1,0,0,0,0,0,0
GENE-14634,NO,1,1127,1168,1231,1196,1348,1240
GENE-14635,NO,1,0,0,0,0,0,0
GENE-14636,YES,1,0,0,0,0,0,0
GENE-14637,NO,1,0,0,0,0,0,0
GENE-14638,NO,1,0,0,0,0,0,0
GENE-14640,NO,1,0,0,0,0,0,0
GENE-14641,NO,1,1071,523,998,1196,1278,1039
GENE-14642,NO,1,0,0,0,0,0,0
GENE-14643,NO,1,1750,1361,1751,1509,1532,1299
GENE-14644,NO,1,315,387,328,353,449,296
GENE-14645,NO,1,0,0,0,0,0,0
GENE-14646,NO,1,0,0,0,0,0,0
GENE-14647,NO,1,0,0,0,0,0,0
GENE-14648,NO,1,0,0,0,0,0,0
GENE-14649,NO,1,276,328,360,309,425,292
GENE-14650,YES,1,0,0,0,0,0,0
GENE-14651,NO,1,92,92,95,55,63,77
GENE-14652,NO,1,0,0,0,0,0,0
GENE-14653,YES,1,0,0,0,0,0,0
GENE-14654,NO,1,0,0,0,0,0,0
GENE-14655,YES,1,0,0,0,0,0,0
GENE-14656,NO,1,0,0,0,0,0,0
GENE-14657,NO,1,0,0,0,0,0,0
GENE-14658,NO,1,0,0,0,0,0,0
GENE-14659,NO,1,0,0,0,0,0,0
GENE-14660,NO,1,0,0,0,0,0,0
GENE-14661,NO,1,0,0,0,0,0,0
GENE-14662,NO,1,0,0,0,0,0,0
GENE-14664,NO,1,87,90,97,87,67,87
GENE-14665,NO,1,4,8,8,4,3,6
GENE-14666,NO,1,0,0,0,0,0,0
GENE-14667,NO,1,3,106,362,151,2,19
GENE-14668,NO,1,0,0,0,0,0,0
GENE-14669,NO,1,133,101,173,119,141,103
GENE-14670,NO,1,0,0,0,0,0,0
GENE-14671,NO,1,0,0,0,1,0,1
GENE-14672,NO,1,0,0,0,0,0,0
GENE-14673,NO,1,0,0,0,0,0,0
GENE-14674,NO,1,0,0,0,0,0,0
GENE-14675,NO,1,463,875,767,1360,714,924
GENE-14676,YES,1,0,0,0,0,0,0
GENE-14677,NO,1,0,0,0,0,0,0
GENE-14678,NO,1,0,0,0,0,0,0
GENE-14679,NO,1,0,0,0,0,0,0
GENE-14680,NO,1,0,0,0,0,0,0
GENE-14681,NO,1,0,0,0,0,0,0
GENE-14682,YES,1,0,0,0,0,0,0
GENE-14683,NO,1,0,0,0,0,0,0
GENE-14684,NO,1,0,0,0,0,0,0
GENE-14685,NO,1,0,0,0,0,0,0
GENE-14686,NO,1,0,0,0,0,0,0
GENE-14687,NO,1,8704,8321,8370,7618,7580,6605
GENE-14688,NO,1,0,0,0,0,0,0
GENE-14689,NO,1,0,0,0,0,0,0
GENE-14690,NO,1,0,0,0,0,0,0
GENE-14691,NO,1,0,0,0,0,0,0
GENE-14692,NO,1,0,0,0,0,0,0
GENE-14693,NO,1,0,1,1,0,1,0
GENE-14694,NO,1,0,0,0,0,0,0
GENE-14695,NO,1,0,0,0,0,0,0
GENE-14696,NO,1,0,0,0,0,0,0
GENE-14697,NO,1,0,0,0,0,0,0
GENE-14698,NO,1,0,0,0,0,0,0
GENE-14699,NO,1,0,0,0,0,0,0
GENE-14700,NO,1,0,1,0,0,0,0
GENE-14701,NO,1,0,0,0,0,0,0
GENE-14702,NO,1,9,7,7,7,7,9
GENE-14703,NO,1,0,0,0,0,0,0
GENE-14704,NO,1,1621,1427,1334,1308,1840,1637
GENE-14705,YES,1,0,0,0,0,0,0
GENE-14706,NO,1,0,0,0,0,0,0
GENE-14707,NO,1,1104,1065,958,1021,977,1003
GENE-14708,NO,1,121,100,82,80,90,87
GENE-14709,NO,1,0,0,0,0,0,0
GENE-14710,NO,1,0,0,0,0,0,1
GENE-14711,NO,1,938,696,846,858,707,835
GENE-14712,NO,1,0,0,0,0,0,0
GENE-14713,NO,1,0,0,0,0,0,0
GENE-14714,NO,1,0,0,0,0,0,0
GENE-14715,NO,1,0,0,0,0,0,0
GENE-14716,NO,1,0,0,0,0,0,0
GENE-14717,NO,1,0,0,0,0,0,0
GENE-14718,NO,1,0,0,0,0,0,0
GENE-14719,NO,1,0,0,0,0,0,0
GENE-14720,NO,1,0,0,0,0,0,0
GENE-14721,NO,1,0,0,0,0,0,0
GENE-14722,NO,1,0,0,0,0,0,0
GENE-14723,NO,1,0,0,0,0,0,0
GENE-14724,NO,1,0,0,0,0,0,0
GENE-14725,NO,1,0,0,0,0,0,0
GENE-14726,NO,1,0,0,0,0,0,0
GENE-14727,NO,1,11,7,10,3,6,3
GENE-14728,NO,1,0,0,0,0,0,0
GENE-14729,NO,1,0,0,0,0,0,0
GENE-14730,NO,1,117,47,99,86,74,70
GENE-14731,NO,1,1311,736,1963,1212,1026,1039
GENE-14732,NO,1,778,1047,799,702,639,799
GENE-14733,NO,1,0,0,0,0,0,0
GENE-14734,NO,1,1,0,1,2,1,1
GENE-14735,NO,1,0,0,0,0,0,0
GENE-14736,NO,1,0,0,0,0,0,0
GENE-14737,NO,1,0,0,1,0,1,1
GENE-14738,YES,1,0,0,0,0,0,0
GENE-14739,NO,1,0,0,0,0,0,0
GENE-14741,NO,1,0,0,0,0,0,0
GENE-14742,NO,1,0,0,0,0,0,0
GENE-14743,NO,1,82,59,59,55,69,68
GENE-14744,YES,1,0,0,0,0,0,0
GENE-14745,NO,1,0,0,0,0,0,0
GENE-14746,NO,1,3473,3518,3551,3168,2750,3736
GENE-14747,NO,1,0,0,0,0,0,0
GENE-14748,NO,1,133,146,157,141,168,178
GENE-14749,NO,1,216,139,190,199,227,166
GENE-14750,NO,1,0,0,0,0,0,0
GENE-14751,NO,1,0,0,0,0,0,0
GENE-14752,NO,1,261,377,369,326,309,323
GENE-14753,NO,1,0,0,0,0,0,0
GENE-14754,NO,1,0,0,0,0,0,0
GENE-14755,NO,1,1,0,0,2,0,0
GENE-14756,NO,1,0,0,0,0,0,0
GENE-14757,NO,1,0,0,0,0,0,0
GENE-14758,NO,1,0,0,0,0,0,0
GENE-14759,NO,1,0,0,0,0,0,0
GENE-14760,NO,1,0,0,0,0,0,0
GENE-14761,NO,1,0,0,0,0,0,0
GENE-14762,NO,1,76,61,37,56,61,55
GENE-14763,NO,1,0,0,0,0,0,0
GENE-14764,NO,1,471,568,410,570,476,496
GENE-14765,NO,1,0,0,0,0,0,0
GENE-14766,NO,1,0,0,0,0,0,0
GENE-14767,NO,1,0,0,0,0,0,0
GENE-14768,NO,1,5,3,5,3,10,4
GENE-14769,NO,1,0,0,0,0,0,0
GENE-14770,NO,1,1,0,0,0,0,0
GENE-14771,NO,1,14,27,22,21,14,16
GENE-14772,NO,1,0,0,0,0,0,0
GENE-14773,NO,1,0,0,0,0,0,0
GENE-14774,NO,1,0,0,0,0,0,0
GENE-14775,NO,1,0,0,0,0,0,0
GENE-14776,NO,1,134,89,96,160,82,114
GENE-14777,NO,1,18,16,6,12,11,12
GENE-14778,NO,1,13,5,13,9,16,11
GENE-14779,NO,1,0,0,0,0,0,0
GENE-14780,NO,1,0,0,0,0,0,0
GENE-14781,NO,1,0,2,3,1,2,10
GENE-14782,NO,1,0,0,0,0,0,0
GENE-14783,NO,1,200,199,187,180,205,207
GENE-14784,NO,1,0,0,0,0,0,0
GENE-14785,NO,1,0,0,0,2,0,0
GENE-14786,NO,1,59,73,100,66,81,72
GENE-14787,NO,1,0,0,0,0,1,0
GENE-14788,NO,1,0,0,0,0,0,0
GENE-14789,NO,1,0,0,0,0,0,0
GENE-14790,NO,1,0,0,0,0,0,0
GENE-14791,NO,1,0,0,0,0,0,0
GENE-14792,NO,1,0,0,0,0,0,0
GENE-14793,NO,1,99,74,89,81,64,79
GENE-14794,NO,1,0,0,0,0,0,0
GENE-14795,NO,1,1407,1723,1351,1305,1395,1644
GENE-14796,NO,1,74,67,76,78,65,77
GENE-14797,NO,1,0,0,0,0,0,0
GENE-14798,YES,1,0,0,0,0,0,0
GENE-14799,YES,1,0,0,0,0,0,0
GENE-14800,NO,1,0,0,0,0,0,0
GENE-14801,NO,1,0,0,0,0,0,0
GENE-14802,NO,1,0,0,0,0,0,0
GENE-14803,NO,1,0,0,0,0,0,0
GENE-14804,NO,1,0,0,0,0,0,0
GENE-14805,NO,1,0,0,0,0,0,0
GENE-14806,NO,1,0,0,0,0,0,0
GENE-14807,NO,1,0,0,0,0,0,0
GENE-14808,NO,1,91,85,85,90,109,84
GENE-14809,NO,1,0,0,0,0,0,0
GENE-14810,NO,1,1792,1652,2073,1258,1781,1657
GENE-14811,NO,1,0,0,0,0,0,0
GENE-14812,NO,1,0,0,0,0,0,0
GENE-14813,NO,1,0,0,0,0,1,0
GENE-14814,NO,1,1,0,0,0,1,2
GENE-14815,NO,1,0,0,0,0,0,0
GENE-14816,NO,1,5,5,5,5,9,5
GENE-14817,NO,1,0,0,0,0,0,0
GENE-14818,NO,1,0,0,0,0,0,0
GENE-14819,NO,1,0,0,0,0,0,0
GENE-14820,NO,1,0,0,0,0,0,0
GENE-14821,NO,1,0,0,2,0,3,0
GENE-14822,NO,1,0,0,0,0,0,0
GENE-14823,NO,1,0,0,0,0,0,0
GENE-14824,NO,1,0,0,0,0,0,0
GENE-14825,NO,1,0,0,0,0,0,0
GENE-14826,NO,1,0,0,0,0,0,0
GENE-14827,NO,1,0,0,0,0,0,0
GENE-14828,NO,1,0,0,0,0,0,0
GENE-14829,NO,1,0,0,0,0,0,0
GENE-14830,NO,1,0,0,0,0,0,0
GENE-14831,NO,1,26,37,32,38,26,26
GENE-14832,NO,1,0,0,0,0,0,0
GENE-14833,NO,1,3,4,8,3,6,7
GENE-14834,NO,1,0,0,0,0,0,0
GENE-14835,NO,1,0,0,0,0,0,0
GENE-14836,NO,1,0,0,0,0,0,0
GENE-14837,NO,1,0,0,0,0,0,0
GENE-14838,NO,1,0,0,0,0,0,0
GENE-14839,NO,1,0,0,0,0,0,0
GENE-14840,NO,1,1,0,2,2,1,1
GENE-14841,NO,1,30,38,31,37,27,38
GENE-14842,NO,1,0,0,0,0,0,0
GENE-14843,YES,1,0,0,0,0,0,0
GENE-14844,NO,1,111,133,101,99,88,105
GENE-14845,NO,1,68,34,11,88,17,18
GENE-14846,NO,1,0,0,0,0,0,0
GENE-14847,NO,1,142,138,140,117,136,120
GENE-14848,YES,1,0,0,0,0,0,0
GENE-14849,NO,1,0,0,0,0,0,0
GENE-14850,NO,1,0,0,0,0,0,0
GENE-14851,NO,1,0,0,0,0,0,0
GENE-14852,NO,1,185,168,231,247,193,268
GENE-14853,NO,1,0,0,0,0,0,0
GENE-14854,NO,1,0,0,0,0,0,0
GENE-14855,NO,1,22,26,32,23,27,25
GENE-14856,NO,1,0,0,0,0,0,0
GENE-14857,NO,1,0,0,0,0,0,0
GENE-14858,NO,1,0,0,0,0,0,0
GENE-14859,NO,1,6,3,5,1,9,0
GENE-14860,NO,1,0,0,0,0,0,0
GENE-14861,NO,1,0,0,0,0,0,0
GENE-14862,NO,1,0,0,0,0,0,0
GENE-14863,NO,1,0,0,0,0,0,0
GENE-14864,NO,1,0,0,0,0,0,0
GENE-14865,NO,1,208,164,211,270,255,198
GENE-14866,NO,1,7,11,13,18,9,14
GENE-14867,NO,1,63,58,62,65,62,41
GENE-14868,YES,1,0,0,0,0,0,0
GENE-14869,NO,1,0,0,0,0,0,0
GENE-14870,NO,1,21,24,27,32,45,21
GENE-14871,NO,1,0,0,0,0,0,0
GENE-14872,NO,1,0,0,0,0,0,0
GENE-14873,NO,1,0,0,0,0,0,0
GENE-14874,NO,1,70,64,34,63,77,78
GENE-14875,NO,1,0,0,0,0,0,0
GENE-14876,NO,1,0,0,0,0,0,0
GENE-14877,NO,1,0,0,0,0,0,0
GENE-14878,NO,1,0,0,0,0,0,0
GENE-14879,YES,1,0,0,0,0,0,0
GENE-14880,NO,1,0,0,0,0,0,0
GENE-14881,NO,1,0,0,0,0,0,0
GENE-14882,NO,1,4,7,5,10,2,5
GENE-14883,NO,1,0,0,0,0,0,0
GENE-14884,NO,1,0,0,0,0,0,0
GENE-14885,NO,1,30,21,34,38,36,22
GENE-14886,NO,1,0,0,0,0,0,0
GENE-14887,NO,1,0,0,0,0,0,0
GENE-14888,NO,1,1,3,0,0,0,0
GENE-14889,NO,1,0,0,0,0,0,0
GENE-14890,NO,1,0,0,0,0,0,0
GENE-14891,NO,1,0,0,0,0,0,0
GENE-14892,NO,1,10,12,11,8,13,15
GENE-14893,NO,1,0,0,0,0,0,0
GENE-14894,NO,1,0,0,2,2,1,2
GENE-14895,NO,1,0,0,0,0,0,0
GENE-14896,NO,1,0,0,0,0,0,0
GENE-14897,NO,1,0,0,0,0,0,0
GENE-14898,NO,1,0,0,0,0,0,0
GENE-14899,NO,1,0,0,0,0,0,0
GENE-14900,NO,1,0,0,0,0,0,0
GENE-14901,NO,1,0,0,0,0,0,0
GENE-14902,NO,1,0,0,0,0,0,0
GENE-14903,NO,1,2488,2577,1764,2380,2570,2396
GENE-14904,NO,1,1833,1297,2151,1537,1929,1779
GENE-14905,NO,1,0,0,0,0,0,0
GENE-14906,NO,1,34,40,40,45,37,45
GENE-14908,NO,1,0,0,0,0,0,0
GENE-14909,NO,1,799,872,1002,764,726,897
GENE-14910,NO,1,0,0,0,0,0,0
GENE-14911,NO,1,0,0,0,0,0,0
GENE-14912,NO,1,11,4,4,5,10,10
GENE-14913,NO,1,42194,3298,655,2117,11659,7657
GENE-14914,NO,1,41,50,47,69,43,39
GENE-14915,NO,1,0,0,0,0,0,0
GENE-14916,NO,1,0,0,0,0,0,0
GENE-14917,NO,1,0,0,0,0,0,0
GENE-14918,NO,1,1,0,0,0,0,0
GENE-14919,YES,1,0,0,0,0,0,0
GENE-14920,NO,1,1387,1948,1497,733,1378,1055
GENE-14921,NO,1,0,0,0,0,0,0
GENE-14922,NO,1,0,0,0,0,0,0
GENE-14923,NO,1,0,0,0,0,0,0
GENE-14924,NO,1,0,0,0,0,0,0
GENE-14925,NO,1,0,0,0,0,0,0
GENE-14926,NO,1,67,85,77,89,105,44
GENE-14927,NO,1,0,0,0,0,0,0
GENE-14928,NO,1,27,28,31,28,27,56
GENE-14929,NO,1,46,42,32,29,35,29
GENE-14930,NO,1,0,0,0,0,0,0
GENE-14931,NO,1,0,0,0,0,0,0
GENE-14932,NO,1,0,0,0,0,0,0
GENE-14933,NO,1,176,182,187,160,190,130
GENE-14934,NO,1,113,69,114,87,108,106
GENE-14935,NO,1,0,0,0,0,0,0
GENE-14936,NO,1,8,9,7,10,5,9
GENE-14937,NO,1,68,86,85,100,91,86
GENE-14938,NO,1,272,322,282,267,313,323
GENE-14939,YES,1,0,0,0,0,0,0
GENE-14940,NO,1,0,0,0,0,0,0
GENE-14941,NO,1,0,0,0,0,0,0
GENE-14942,NO,1,0,0,0,0,0,0
GENE-14943,NO,1,101,135,122,113,129,164
GENE-14944,NO,1,0,0,0,0,0,0
GENE-14945,NO,1,0,0,0,0,0,0
GENE-14946,NO,1,0,0,0,0,0,0
GENE-14947,NO,1,0,0,0,0,0,0
GENE-14948,NO,1,0,0,0,0,0,0
GENE-14949,NO,1,7,5,6,12,10,4
GENE-14950,NO,1,9,7,8,3,3,11
GENE-14951,NO,1,26,11,11,16,9,23
GENE-14952,NO,1,0,0,0,0,0,0
GENE-14953,NO,1,0,0,0,0,0,0
GENE-14954,NO,1,0,0,0,0,0,0
GENE-14955,NO,1,0,0,0,0,0,0
GENE-14956,NO,1,0,0,0,0,0,0
GENE-14957,NO,1,0,0,0,0,0,0
GENE-14958,NO,1,0,0,0,0,0,0
GENE-14959,NO,1,364,401,333,319,292,305
GENE-14960,NO,1,0,0,0,0,0,0
GENE-14961,NO,1,0,0,0,0,0,0
GENE-14962,NO,1,9,9,10,18,7,10
GENE-14963,NO,1,0,0,0,0,0,2
GENE-14964,NO,1,0,0,0,0,0,0
GENE-14965,NO,1,0,0,0,0,0,0
GENE-14966,NO,1,278,327,334,341,280,287
GENE-14967,NO,1,328,326,324,263,281,299
GENE-14968,NO,1,1,0,0,0,1,2
GENE-14969,NO,1,413,526,563,478,473,492
GENE-14970,NO,1,0,0,0,0,0,0
GENE-14971,NO,1,0,0,0,0,0,0
GENE-14972,NO,1,0,0,0,0,0,0
GENE-14973,NO,1,1,1,3,1,1,0
GENE-14974,NO,1,83,106,86,72,108,86
GENE-14975,NO,1,0,0,0,0,0,0
GENE-14976,NO,1,1,1,1,3,1,3
GENE-14977,NO,1,1067,659,627,1156,534,703
GENE-14978,NO,1,0,0,0,0,0,0
GENE-14979,NO,1,1,7,68,1837,28,50
GENE-14980,NO,1,0,0,0,0,0,0
GENE-14981,NO,1,460,411,722,922,1203,716
GENE-14982,NO,1,0,3,0,0,0,2
GENE-14983,NO,1,1,0,1,0,0,1
GENE-14984,NO,1,6,12,14,7,4,10
GENE-14985,NO,1,166,222,181,112,142,169
GENE-14986,NO,1,0,0,0,0,0,0
GENE-14987,NO,1,0,0,0,0,0,0
GENE-14988,NO,1,0,0,0,0,0,0
GENE-14989,NO,1,0,0,0,0,0,0
GENE-14990,NO,1,0,0,0,0,0,0
GENE-14991,NO,1,0,0,0,0,0,0
GENE-14992,NO,1,498,678,324,408,838,414
GENE-14993,NO,1,4,5,4,1,29,9
GENE-14994,NO,1,0,0,0,0,0,0
GENE-14995,NO,1,0,0,0,0,0,0
GENE-14997,NO,1,0,0,0,0,0,0
GENE-14998,NO,1,1,4,5,0,2,4
GENE-14999,YES,1,0,0,0,0,0,0
GENE-15000,NO,1,118,89,101,143,131,105
GENE-15001,NO,1,285,68,31,99,164,239
GENE-15002,NO,1,0,0,0,0,0,0
GENE-15003,NO,1,0,0,0,0,0,0
GENE-15004,NO,1,0,0,0,0,0,0
GENE-15005,NO,1,701,541,535,575,670,613
GENE-15006,NO,1,71,79,73,93,75,83
GENE-15007,NO,1,0,0,0,0,0,0
GENE-15008,NO,1,232,194,205,187,178,214
GENE-15009,NO,1,11,6,7,13,23,13
GENE-15010,NO,1,0,0,0,0,0,0
GENE-15011,NO,1,0,0,0,0,0,0
GENE-15012,NO,1,0,0,0,0,0,0
GENE-15013,NO,1,31,21,36,36,30,19
GENE-15014,NO,1,0,0,0,0,0,0
GENE-15015,NO,1,0,0,0,0,0,0
GENE-15016,NO,1,0,0,0,0,0,0
GENE-15017,NO,1,0,0,0,0,0,0
GENE-15018,NO,1,37,62,64,80,32,50
GENE-15019,NO,1,0,0,0,0,0,0
GENE-15020,YES,1,0,0,0,0,0,0
GENE-15021,NO,1,266,271,193,239,245,218
GENE-15022,NO,1,1695,1690,1680,1368,1435,2117
GENE-15023,NO,1,0,1,0,0,0,1
GENE-15024,NO,1,1177,2047,1686,1554,1368,1078
GENE-15025,NO,1,3,0,0,0,0,0
GENE-15026,NO,1,0,0,0,0,0,0
GENE-15027,NO,1,0,2,0,0,0,1
GENE-15028,NO,1,0,0,0,0,0,0
GENE-15029,NO,1,5,4,6,3,2,10
GENE-15030,NO,1,1,1,0,0,0,0
GENE-15031,NO,1,3,1,1,1,1,0
GENE-15032,YES,1,0,0,0,0,0,0
GENE-15033,NO,1,291,564,337,619,291,317
GENE-15034,NO,1,0,0,0,0,0,0
GENE-15035,NO,1,1,2,0,1,0,0
GENE-15036,NO,1,5,4,4,5,2,1
GENE-15037,NO,1,0,0,0,0,0,0
GENE-15038,NO,1,0,0,0,0,0,0
GENE-15039,NO,1,0,0,0,0,0,0
GENE-15040,NO,1,0,0,0,0,0,0
GENE-15041,NO,1,0,0,0,0,0,0
GENE-15042,NO,1,1,2,2,1,3,1
GENE-15043,NO,1,0,0,0,0,0,0
GENE-15044,NO,1,0,0,0,0,0,0
GENE-15045,NO,1,0,0,0,0,0,0
GENE-15046,NO,1,0,0,0,0,0,0
GENE-15047,NO,1,354,334,383,418,394,361
GENE-15048,NO,1,11,15,18,10,8,5
GENE-15049,NO,1,29,24,26,30,24,19
GENE-15050,NO,1,0,0,0,0,0,0
GENE-15051,NO,1,0,0,0,0,0,0
GENE-15052,NO,1,0,0,0,0,0,0
GENE-15053,NO,1,0,0,0,0,0,0
GENE-15054,NO,1,0,0,1,2,0,0
GENE-15055,NO,1,0,0,0,0,0,0
GENE-15056,NO,1,0,0,0,0,0,0
GENE-15057,NO,1,273,340,148,164,226,193
GENE-15058,NO,1,200,270,216,276,215,240
GENE-15059,NO,1,0,1,0,1,0,0
GENE-15060,NO,1,0,0,0,0,0,0
GENE-15061,NO,1,0,2,0,2,1,0
GENE-15062,NO,1,0,0,0,0,0,0
GENE-15063,NO,1,0,0,0,0,0,0
GENE-15064,NO,1,0,0,0,0,0,0
GENE-15065,NO,1,0,0,0,0,0,0
GENE-15066,NO,1,4,6,12,7,8,6
GENE-15067,NO,1,0,0,0,0,0,0
GENE-15068,NO,1,0,0,0,0,0,0
GENE-15069,NO,1,0,0,0,0,1,0
GENE-15070,NO,1,0,0,0,0,0,0
GENE-15071,YES,1,0,0,0,0,0,0
GENE-15072,NO,1,13,12,14,20,11,10
GENE-15073,NO,1,0,0,0,0,0,0
GENE-15074,NO,1,0,0,0,0,0,0
GENE-15075,NO,1,0,0,0,0,0,0
GENE-15076,NO,1,0,0,0,0,0,0
GENE-15077,NO,1,0,0,0,0,0,0
GENE-15078,NO,1,0,0,0,0,0,0
GENE-15079,NO,1,4,4,2,2,1,1
GENE-15080,NO,1,0,0,0,0,0,0
GENE-15081,NO,1,0,0,0,0,0,0
GENE-15082,NO,1,0,0,0,0,0,0
GENE-15083,NO,1,100,111,125,84,115,118
GENE-15084,NO,1,34,30,43,29,42,47
GENE-15085,NO,1,0,0,0,0,0,0
GENE-15086,NO,1,0,0,0,1,0,1
GENE-15087,NO,1,0,3,1,5,1,0
GENE-15088,NO,1,32,57,52,46,32,48
GENE-15089,NO,1,0,0,0,0,0,0
GENE-15090,NO,1,9,9,5,8,4,8
GENE-15091,NO,1,0,0,0,0,0,0
GENE-15092,NO,1,0,0,0,0,0,0
GENE-15093,NO,1,4,2,2,5,1,3
GENE-15094,NO,1,0,0,0,0,0,0
GENE-15095,NO,1,434,326,377,430,470,604
GENE-15096,YES,1,0,0,0,0,0,0
GENE-15097,NO,1,0,0,0,0,0,0
GENE-15098,NO,1,0,0,0,0,0,0
GENE-15099,NO,1,0,0,0,0,0,0
GENE-15100,NO,1,0,0,0,0,0,0
GENE-15101,NO,1,0,0,0,0,0,0
GENE-15102,NO,1,0,0,0,0,0,0
GENE-15103,NO,1,14,16,20,18,17,6
GENE-15104,NO,1,0,0,0,0,0,0
GENE-15105,NO,1,0,0,0,0,0,0
GENE-15106,NO,1,52,41,47,57,67,56
GENE-15107,NO,1,235,187,204,223,161,173
GENE-15108,NO,1,0,0,0,0,0,0
GENE-15109,NO,1,0,0,0,0,0,0
GENE-15110,NO,1,0,0,0,0,0,0
GENE-15111,NO,1,0,0,0,0,0,0
GENE-15112,NO,1,0,0,0,0,0,0
GENE-15113,NO,1,0,0,0,0,0,0
GENE-15114,NO,1,0,0,0,0,0,0
GENE-15115,NO,1,0,0,0,0,0,0
GENE-15116,NO,1,555,452,619,480,515,598
GENE-15117,NO,1,230,388,413,394,393,357
GENE-15118,NO,1,0,0,0,0,0,0
GENE-15119,NO,1,7,8,13,9,11,11
GENE-15120,NO,1,6,5,5,3,2,3
GENE-15121,NO,1,0,0,0,0,0,0
GENE-15122,YES,1,0,0,0,0,0,0
GENE-15123,NO,1,0,0,0,0,0,0
GENE-15124,NO,1,0,0,0,0,0,0
GENE-15125,NO,1,0,0,0,0,0,0
GENE-15126,NO,1,0,0,0,0,0,0
GENE-15127,NO,1,0,0,0,0,0,0
GENE-15128,NO,1,0,0,0,0,0,0
GENE-15129,NO,1,0,0,1,0,0,1
GENE-15130,NO,1,48,35,63,43,45,43
GENE-15131,NO,1,95,87,61,128,93,139
GENE-15132,NO,1,1,0,0,0,0,0
GENE-15133,NO,1,1,0,0,1,1,3
GENE-15134,NO,1,0,0,0,0,0,0
GENE-15135,NO,1,0,0,0,0,0,0
GENE-15136,NO,1,0,0,0,0,0,0
GENE-15137,NO,1,651,604,654,483,711,622
GENE-15138,NO,1,0,0,0,0,0,0
GENE-15139,NO,1,2644,2599,2268,2685,2134,2136
GENE-15140,YES,1,0,0,0,0,0,0
GENE-15141,NO,1,0,0,0,0,0,0
GENE-15142,NO,1,0,0,0,0,0,0
GENE-15143,NO,1,0,0,0,0,0,0
GENE-15144,NO,1,107,90,93,109,100,107
GENE-15146,NO,1,0,0,0,0,0,0
GENE-15147,NO,1,3,1,0,2,1,0
GENE-15148,NO,1,0,0,0,0,0,0
GENE-15149,YES,1,0,0,0,0,0,0
GENE-15150,NO,1,157,165,155,131,137,170
GENE-15151,NO,1,265,383,150,251,233,192
GENE-15152,NO,1,0,0,0,0,0,0
GENE-15153,NO,1,0,0,0,0,0,0
GENE-15154,NO,1,22,37,34,26,31,22
GENE-15155,NO,1,4,1,2,2,0,0
GENE-15156,NO,1,0,0,0,0,0,0
GENE-15157,NO,1,282,272,290,286,284,283
GENE-15158,NO,1,0,0,0,0,0,0
GENE-15159,NO,1,379,182,263,312,317,326
GENE-15160,NO,1,0,0,0,0,0,0
GENE-15162,NO,1,421,398,386,452,401,378
GENE-15163,NO,1,0,0,0,0,0,0
GENE-15164,NO,1,1251,1326,801,663,570,3132
GENE-15165,YES,1,0,0,0,0,0,0
GENE-15166,NO,1,0,0,0,0,0,0
GENE-15167,NO,1,230,42,39,65,34,151
GENE-15168,NO,1,6,7,6,1,6,13
GENE-15169,NO,1,366,365,222,397,403,286
GENE-15170,NO,1,0,0,2,0,1,1
GENE-15171,NO,1,0,0,0,0,0,0
GENE-15172,NO,1,2375,1866,1404,2675,1890,1151
GENE-15173,NO,1,0,0,0,0,0,0
GENE-15174,NO,1,0,0,0,0,0,0
GENE-15175,NO,1,0,0,0,0,0,0
GENE-15177,NO,1,0,3,0,0,1,1
GENE-15178,NO,1,0,0,0,0,0,0
GENE-15179,NO,1,94,100,76,98,110,164
GENE-15180,NO,1,0,0,0,0,0,0
GENE-15181,NO,1,0,0,0,0,0,0
GENE-15182,NO,1,1,1,3,1,3,1
GENE-15183,NO,1,69,55,44,78,72,67
GENE-15184,NO,1,0,0,0,0,0,0
GENE-15185,NO,1,0,0,0,0,0,0
GENE-15186,NO,1,17,23,48,28,14,26
GENE-15187,NO,1,0,0,0,0,0,0
GENE-15188,NO,1,0,0,0,0,0,0
GENE-15189,YES,1,0,0,0,0,0,0
GENE-15190,NO,1,176,151,135,180,122,125
GENE-15191,NO,1,1744,1760,1798,1565,1893,1955
GENE-15192,NO,1,0,0,0,0,0,0
GENE-15193,NO,1,0,0,0,0,0,0
GENE-15194,NO,1,0,0,0,0,0,0
GENE-15195,NO,1,0,0,0,0,0,0
GENE-15196,NO,1,0,0,0,0,1,0
GENE-15197,NO,1,0,0,0,0,0,0
GENE-15198,NO,1,0,0,0,0,0,0
GENE-15199,NO,1,0,0,0,0,0,0
GENE-15200,NO,1,0,0,0,0,0,0
GENE-15201,NO,1,24,19,16,31,16,29
GENE-15202,NO,1,408,156,337,298,229,779
GENE-15203,NO,1,31,38,28,31,20,27
GENE-15204,NO,1,0,0,0,0,0,0
GENE-15205,NO,1,0,0,0,0,0,0
GENE-15206,NO,1,0,0,0,0,0,0
GENE-15207,NO,1,0,0,0,0,0,0
GENE-15208,NO,1,0,0,0,1,0,1
GENE-15209,NO,1,0,0,0,1,0,0
GENE-15211,NO,1,3,3,11,3,8,12
GENE-15212,NO,1,0,0,0,0,0,0
GENE-15213,NO,1,0,0,0,0,0,0
GENE-15214,YES,1,0,0,0,0,0,0
GENE-15215,NO,1,0,0,0,0,0,0
GENE-15216,NO,1,0,0,0,0,0,0
GENE-15217,NO,1,1,1,1,0,2,2
GENE-15218,NO,1,115,117,151,124,146,132
GENE-15219,NO,1,0,0,0,0,0,0
GENE-15220,NO,1,692,616,504,677,934,506
GENE-15221,NO,1,194,286,198,375,315,237
GENE-15222,NO,1,0,0,0,0,0,0
GENE-15223,NO,1,149,189,185,157,174,158
GENE-15224,YES,1,0,0,0,0,0,0
GENE-15225,NO,1,0,0,0,0,0,0
GENE-15226,NO,1,0,0,0,0,0,0
GENE-15227,NO,1,0,0,0,0,0,0
GENE-15228,NO,1,586,843,469,726,735,928
GENE-15229,NO,1,42,64,47,52,60,45
GENE-15230,NO,1,0,0,0,0,0,0
GENE-15231,NO,1,0,0,0,0,0,0
GENE-15232,NO,1,0,0,0,0,0,0
GENE-15233,NO,1,0,0,0,0,0,0
GENE-15234,NO,1,0,0,0,0,0,1
GENE-15235,NO,1,0,0,0,0,0,0
GENE-15236,NO,1,265,344,223,252,317,337
GENE-15237,NO,1,11,14,5,5,8,15
GENE-15238,NO,1,0,0,0,0,0,0
GENE-15239,NO,1,0,0,0,0,0,0
GENE-15240,NO,1,276,219,207,256,230,246
GENE-15241,NO,1,0,0,0,0,0,0
GENE-15242,NO,1,0,0,0,0,0,0
GENE-15243,NO,1,0,0,0,0,0,0
GENE-15244,NO,1,33,29,23,17,25,32
GENE-15245,NO,1,0,0,0,0,0,0
GENE-15246,NO,1,0,0,0,0,0,0
GENE-15247,NO,1,0,0,0,0,0,0
GENE-15248,NO,1,0,0,0,0,0,0
GENE-15249,NO,1,54,45,93,49,55,52
GENE-15251,NO,1,0,0,0,0,0,0
GENE-15252,NO,1,21,22,20,36,21,28
GENE-15253,YES,1,0,0,0,0,0,0
GENE-15254,NO,1,3,1,4,6,6,0
GENE-15255,NO,1,106,124,143,174,98,153
GENE-15256,NO,1,0,0,0,0,0,0
GENE-15257,YES,1,0,0,0,0,0,0
GENE-15258,NO,1,281,208,98,110,108,163
GENE-15259,NO,1,560,581,697,508,623,574
GENE-15260,NO,1,0,0,0,0,0,0
GENE-15261,NO,1,0,0,0,0,0,0
GENE-15262,NO,1,0,0,0,0,0,0
GENE-15263,NO,1,0,0,0,0,0,0
GENE-15264,NO,1,0,0,0,0,0,0
GENE-15265,NO,1,2,0,2,2,1,2
GENE-15266,NO,1,0,0,0,0,0,0
GENE-15267,NO,1,0,0,0,0,0,0
GENE-15268,NO,1,0,0,0,0,0,0
GENE-15269,NO,1,5,4,2,3,3,3
GENE-15270,NO,1,5,1,3,1,0,2
GENE-15271,NO,1,200,123,107,143,285,212
GENE-15272,NO,1,979,1379,818,1380,1189,984
GENE-15273,NO,1,0,0,0,0,0,0
GENE-15274,NO,1,0,0,0,0,0,0
GENE-15275,NO,1,291,286,242,293,299,273
GENE-15276,NO,1,0,0,0,0,0,0
GENE-15277,NO,1,154,196,205,156,140,137
GENE-15278,NO,1,0,0,0,0,0,0
GENE-15279,NO,1,0,0,0,0,0,0
GENE-15280,NO,1,0,0,0,0,0,0
GENE-15281,NO,1,0,0,0,0,0,0
GENE-15282,NO,1,0,0,0,0,0,0
GENE-15283,NO,1,82,125,76,65,98,112
GENE-15284,NO,1,3,9,9,11,13,6
GENE-15285,YES,1,0,0,0,0,0,0
GENE-15286,NO,1,20,31,28,19,15,27
GENE-15287,NO,1,0,2,3,1,2,0
GENE-15289,NO,1,27,34,25,22,27,31
GENE-15290,NO,1,0,0,0,0,0,0
GENE-15291,NO,1,623,583,506,530,478,427
GENE-15292,NO,1,22,38,34,42,27,25
GENE-15293,NO,1,0,0,0,0,0,0
GENE-15294,NO,1,231,202,216,225,176,286
GENE-15295,NO,1,43,36,54,32,39,56
GENE-15296,NO,1,98,112,125,123,113,83
GENE-15297,NO,1,0,0,0,0,0,0
GENE-15298,NO,1,0,0,1,1,0,0
GENE-15299,NO,1,0,0,0,0,2,0
GENE-15300,NO,1,0,0,0,0,0,0
GENE-15301,NO,1,0,0,0,0,0,0
GENE-15302,NO,1,10,14,14,12,5,8
GENE-15303,NO,1,0,0,0,0,0,0
GENE-15304,NO,1,3,2,3,0,1,2
GENE-15305,NO,1,352,408,309,348,372,407
GENE-15306,NO,1,0,0,0,0,0,0
GENE-15307,NO,1,0,0,0,0,0,0
GENE-15308,NO,1,0,0,0,0,0,0
GENE-15309,NO,1,0,0,0,0,0,0
GENE-15310,NO,1,52,209,126,50,118,78
GENE-15311,NO,1,0,0,0,0,0,0
GENE-15312,NO,1,0,0,0,0,0,0
GENE-15313,NO,1,0,0,0,0,0,0
GENE-15314,NO,1,0,0,0,0,0,0
GENE-15315,NO,1,0,0,0,0,0,0
GENE-15316,NO,1,1,5,1,3,3,4
GENE-15317,NO,1,0,0,0,0,0,0
GENE-15318,NO,1,0,0,0,0,0,0
GENE-15319,NO,1,16,3,13,7,7,6
GENE-15320,NO,1,0,0,0,0,0,0
GENE-15321,NO,1,0,0,0,0,0,0
GENE-15322,YES,1,5,8,5,2,7,1
GENE-15323,NO,1,0,0,0,0,0,0
GENE-15324,NO,1,0,0,0,0,0,0
GENE-15325,NO,1,0,0,0,0,0,0
GENE-15326,NO,1,0,0,0,0,0,0
GENE-15327,NO,1,353,383,587,226,372,344
GENE-15328,NO,1,0,0,0,0,0,0
GENE-15329,NO,1,0,0,0,0,0,0
GENE-15330,NO,1,254,241,276,293,273,272
GENE-15331,NO,1,0,0,0,0,0,0
GENE-15332,NO,1,0,0,0,0,0,0
GENE-15333,YES,1,0,0,0,0,0,0
GENE-15334,NO,1,0,0,0,0,0,0
GENE-15335,NO,1,1,2,0,2,0,0
GENE-15336,NO,1,1,1,0,0,0,0
GENE-15337,NO,1,490,795,558,626,611,595
GENE-15338,NO,1,0,0,0,0,1,0
GENE-15339,NO,1,0,0,0,0,0,0
GENE-15340,NO,1,0,0,0,0,0,0
GENE-15341,NO,1,0,0,0,0,0,0
GENE-15342,NO,1,0,0,0,0,0,0
GENE-15343,NO,1,0,0,0,0,0,0
GENE-15344,NO,1,0,0,0,0,0,0
GENE-15346,NO,1,76,67,42,46,35,41
GENE-15347,NO,1,527,604,549,548,585,498
GENE-15348,NO,1,0,0,0,0,0,0
GENE-15349,NO,1,0,0,0,0,0,0
GENE-15350,NO,1,0,0,0,0,0,0
GENE-15351,NO,1,0,0,0,0,0,0
GENE-15352,NO,1,0,0,0,0,0,0
GENE-15353,NO,1,0,0,0,0,0,0
GENE-15354,NO,1,0,0,0,0,0,0
GENE-15355,YES,1,0,0,0,0,0,0
GENE-15356,NO,1,0,0,0,0,0,0
GENE-15357,NO,1,0,0,0,0,0,0
GENE-15358,NO,1,0,0,0,0,1,1
GENE-15359,YES,1,0,0,0,0,0,0
GENE-15360,NO,1,24,20,32,25,17,21
GENE-15361,NO,1,0,0,0,0,0,0
GENE-15362,NO,1,0,0,0,0,0,0
GENE-15363,NO,1,0,0,0,0,0,0
GENE-15364,NO,1,0,0,0,0,0,0
GENE-15365,NO,1,0,0,0,0,0,0
GENE-15366,NO,1,0,0,0,0,0,0
GENE-15367,NO,1,0,0,0,0,0,0
GENE-15368,YES,1,0,0,0,0,0,0
GENE-15369,YES,1,0,0,0,0,0,0
GENE-15370,YES,1,0,0,0,0,0,0
GENE-15371,NO,1,0,0,0,0,0,0
GENE-15372,NO,1,115,109,151,115,111,104
GENE-15373,NO,1,0,0,0,0,0,0
GENE-15374,NO,1,0,0,0,0,0,0
GENE-15375,NO,1,0,0,0,0,0,0
GENE-15376,NO,1,0,0,0,0,0,0
GENE-15377,NO,1,0,0,0,0,0,0
GENE-15378,NO,1,0,0,0,0,0,0
GENE-15379,NO,1,0,0,0,0,0,0
GENE-15380,NO,1,0,0,0,0,0,0
GENE-15381,NO,1,0,0,0,0,0,0
GENE-15382,NO,1,0,0,0,0,2,0
GENE-15383,NO,1,0,0,0,0,0,0
GENE-15384,NO,1,0,0,0,0,0,0
GENE-15385,NO,1,0,0,0,0,0,0
GENE-15386,NO,1,0,0,0,0,0,0
GENE-15387,NO,1,47,21,42,39,38,34
GENE-15388,NO,1,0,0,0,0,0,0
GENE-15389,YES,1,0,0,0,0,0,0
GENE-15390,NO,1,0,0,0,0,0,0
GENE-15391,NO,1,0,0,0,0,0,0
GENE-15392,NO,1,0,0,0,0,0,0
GENE-15393,NO,1,100,90,107,107,91,87
GENE-15394,NO,1,0,0,0,0,0,0
GENE-15395,NO,1,5387,4351,3227,3446,4655,5047
GENE-15396,NO,1,0,0,0,0,0,0
GENE-15397,NO,1,0,0,0,0,0,0
GENE-15398,NO,1,0,0,0,0,0,0
GENE-15399,NO,1,48,52,66,44,49,41
GENE-15400,NO,1,0,0,0,0,0,0
GENE-15401,NO,1,963,1023,830,575,747,813
GENE-15402,NO,1,0,0,0,0,0,0
GENE-15403,NO,1,0,0,0,0,0,0
GENE-15404,NO,1,8,8,4,13,6,10
GENE-15405,NO,1,0,0,0,0,0,0
GENE-15406,NO,1,0,0,0,0,0,0
GENE-15407,NO,1,0,0,0,0,0,0
GENE-15408,NO,1,0,0,2,2,1,0
GENE-15409,NO,1,0,0,0,1,0,0
GENE-15410,NO,1,0,0,0,0,0,0
GENE-15411,NO,1,0,0,0,0,0,0
GENE-15412,NO,1,0,0,0,0,0,0
GENE-15413,NO,1,0,0,0,0,0,0
GENE-15414,NO,1,42,64,61,124,76,88
GENE-15415,NO,1,0,0,0,0,0,0
GENE-15416,NO,1,0,0,0,0,0,0
GENE-15417,NO,1,0,0,0,0,0,0
GENE-15418,NO,1,78,82,89,92,82,64
GENE-15419,NO,1,6,10,8,3,12,18
GENE-15420,NO,1,0,0,0,0,0,0
GENE-15421,NO,1,0,0,0,0,0,0
GENE-15422,NO,1,0,0,0,0,0,0
GENE-15423,NO,1,3,1,0,2,4,0
GENE-15424,NO,1,84,78,176,111,61,82
GENE-15425,NO,1,0,0,0,0,0,0
GENE-15426,NO,1,0,0,0,0,0,0
GENE-15427,NO,1,0,0,0,0,0,0
GENE-15428,NO,1,1,1,0,0,0,0
GENE-15429,NO,1,0,0,0,0,0,0
GENE-15430,YES,1,0,0,0,0,0,0
GENE-15431,NO,1,0,0,0,0,0,0
GENE-15432,NO,1,0,0,0,0,0,0
GENE-15433,NO,1,0,0,0,0,0,0
GENE-15434,NO,1,0,0,0,0,0,0
GENE-15435,NO,1,0,0,0,0,0,0
GENE-15436,NO,1,0,0,0,0,0,0
GENE-15437,NO,1,53,55,64,61,65,71
GENE-15438,NO,1,219,187,185,198,199,223
GENE-15439,YES,1,0,0,0,0,0,0
GENE-15440,NO,1,4,3,5,8,7,4
GENE-15441,NO,1,103,111,91,90,94,72
GENE-15442,NO,1,189,118,139,141,147,156
GENE-15443,NO,1,0,0,0,0,0,0
GENE-15444,NO,1,0,0,0,0,0,0
GENE-15445,NO,1,0,0,0,0,0,0
GENE-15446,NO,1,0,0,0,0,0,0
GENE-15447,YES,1,0,0,0,0,0,0
GENE-15448,NO,1,0,0,0,0,0,0
GENE-15449,NO,1,0,0,0,0,0,0
GENE-15450,NO,1,0,0,0,0,0,0
GENE-15451,NO,1,189,152,206,176,207,152
GENE-15452,NO,1,2821,3620,3183,2851,3434,2276
GENE-15453,NO,1,0,0,0,0,0,0
GENE-15454,NO,1,0,0,0,0,0,0
GENE-15455,NO,1,0,0,0,0,0,0
GENE-15456,YES,1,0,0,0,0,0,0
GENE-15457,NO,1,0,0,0,0,0,0
GENE-15458,NO,1,12,17,24,20,33,20
GENE-15459,NO,1,41,35,38,41,34,40
GENE-15460,YES,1,0,0,0,0,0,0
GENE-15461,NO,1,0,0,0,0,0,0
GENE-15462,NO,1,23,27,22,20,25,18
GENE-15463,NO,1,0,0,0,0,0,0
GENE-15464,NO,1,0,0,0,0,0,0
GENE-15465,NO,1,0,0,0,0,0,0
GENE-15466,NO,1,0,0,0,0,0,0
GENE-15467,NO,1,0,0,0,0,0,0
GENE-15468,NO,1,67,76,62,60,66,71
GENE-15469,NO,1,0,0,0,0,0,0
GENE-15470,NO,1,0,1,1,0,1,1
GENE-15471,NO,1,0,0,0,0,0,0
GENE-15472,NO,1,100,100,90,59,83,64
GENE-15473,NO,1,0,0,0,0,0,0
GENE-15474,NO,1,0,0,0,0,0,0
GENE-15475,NO,1,634,588,604,621,630,672
GENE-15476,NO,1,0,0,0,0,0,0
GENE-15477,NO,1,156,134,162,157,91,144
GENE-15478,NO,1,0,0,0,0,0,0
GENE-15479,NO,1,0,0,0,0,0,0
GENE-15480,NO,1,0,0,0,0,0,0
GENE-15481,NO,1,0,0,0,0,0,0
GENE-15482,NO,1,0,0,0,0,0,0
GENE-15483,NO,1,0,0,0,0,0,0
GENE-15484,NO,1,5,6,13,13,10,6
GENE-15485,NO,1,134,121,111,134,116,117
GENE-15486,NO,1,0,0,0,0,0,0
GENE-15487,NO,1,458,436,523,411,429,474
GENE-15488,NO,1,0,0,0,0,0,0
GENE-15489,NO,1,0,0,0,0,0,0
GENE-15490,NO,1,0,0,0,0,0,0
GENE-15491,YES,1,0,0,0,3,2,3
GENE-15492,YES,1,0,0,0,0,0,0
GENE-15493,NO,1,0,0,0,0,0,0
GENE-15494,NO,1,0,0,0,0,0,0
GENE-15495,NO,1,81,39,14,20,29,31
GENE-15496,NO,1,7615,6175,6403,8406,8631,7057
GENE-15497,NO,1,2889,4292,2994,3618,4172,2278
GENE-15498,NO,1,2,0,0,0,0,1
GENE-15499,NO,1,0,0,0,0,0,0
GENE-15500,NO,1,0,0,0,0,0,0
GENE-15501,NO,1,2,2,1,0,1,0
GENE-15502,NO,1,0,0,0,0,0,0
GENE-15503,NO,1,0,0,0,0,0,0
GENE-15504,NO,1,1,0,0,0,1,1
GENE-15505,NO,1,0,0,0,0,0,0
GENE-15506,NO,1,0,0,0,0,1,0
GENE-15507,NO,1,58,49,61,43,59,56
GENE-15508,NO,1,403,326,277,356,394,318
GENE-15509,NO,1,0,0,0,0,0,0
GENE-15510,YES,1,0,0,0,0,0,0
GENE-15511,NO,1,1,5,4,2,3,4
GENE-15512,NO,1,0,0,0,0,0,0
GENE-15513,NO,1,3,1,0,1,2,0
GENE-15514,NO,1,0,0,0,0,0,0
GENE-15515,NO,1,0,0,0,0,0,0
GENE-15516,NO,1,0,0,0,0,0,0
GENE-15517,NO,1,50,48,57,47,58,54
GENE-15518,NO,1,0,0,0,0,0,0
GENE-15519,NO,1,0,0,0,0,0,0
GENE-15520,NO,1,0,0,0,0,0,0
GENE-15521,NO,1,7,9,9,5,9,8
GENE-15522,NO,1,285,261,309,330,185,230
GENE-15523,NO,1,0,0,0,0,0,0
GENE-15524,NO,1,0,0,0,0,0,0
GENE-15525,YES,1,0,0,0,0,0,0
GENE-15526,NO,1,0,0,0,0,0,0
GENE-15527,NO,1,0,0,0,0,0,0
GENE-15528,NO,1,0,0,0,0,0,0
GENE-15529,NO,1,0,0,0,0,0,0
GENE-15530,NO,1,2,2,2,2,3,3
GENE-15531,NO,1,0,0,0,0,0,0
GENE-15532,NO,1,0,0,0,0,0,0
GENE-15533,NO,1,1179,1367,1406,1451,1305,1298
GENE-15534,NO,1,0,0,0,0,0,0
GENE-15535,NO,1,10,11,19,10,17,22
GENE-15536,NO,1,0,0,0,0,0,0
GENE-15537,NO,1,25,20,29,24,26,34
GENE-15538,NO,1,0,0,0,0,0,0
GENE-15539,NO,1,0,0,0,0,0,0
GENE-15540,NO,1,0,0,0,0,0,0
GENE-15541,NO,1,0,0,0,0,0,0
GENE-15542,NO,1,60,8,89,22,43,5
GENE-15543,NO,1,0,0,1,0,0,0
GENE-15544,NO,1,39,34,31,14,14,23
GENE-15545,NO,1,0,0,0,0,0,0
GENE-15546,NO,1,0,0,0,0,0,0
GENE-15547,NO,1,0,0,0,0,0,0
GENE-15548,NO,1,0,0,0,0,0,0
GENE-15549,NO,1,0,0,0,0,0,0
GENE-15550,YES,1,0,0,0,0,0,0
GENE-15551,NO,1,0,0,0,0,0,0
GENE-15552,NO,1,183,173,125,194,146,122
GENE-15553,NO,1,0,0,0,0,0,0
GENE-15554,NO,1,0,0,0,0,0,0
GENE-15555,NO,1,0,0,0,0,0,0
GENE-15556,NO,1,0,0,0,0,0,0
GENE-15557,NO,1,0,0,0,0,0,0
GENE-15559,NO,1,0,0,0,0,0,0
GENE-15560,YES,1,0,0,0,0,0,0
GENE-15561,NO,1,1,1,2,2,2,1
GENE-15562,NO,1,317,552,469,556,479,365
GENE-15563,NO,1,3,2,0,3,2,2
GENE-15564,NO,1,27,26,35,12,48,33
GENE-15565,NO,1,0,0,0,0,0,0
GENE-15566,NO,1,0,0,0,0,0,0
GENE-15567,NO,1,33,60,56,47,49,44
GENE-15568,NO,1,0,0,0,0,0,0
GENE-15569,NO,1,183,236,231,174,139,137
GENE-15570,NO,1,0,0,0,0,0,0
GENE-15571,NO,1,5,6,11,8,8,13
GENE-15572,NO,1,109,115,149,173,132,114
GENE-15573,NO,1,0,1,1,0,0,0
GENE-15574,NO,1,22,24,15,15,13,12
GENE-15575,NO,1,0,0,0,0,0,0
GENE-15576,NO,1,0,0,0,0,0,0
GENE-15577,NO,1,0,0,0,0,0,0
GENE-15578,NO,1,0,0,0,0,0,0
GENE-15579,NO,1,289,412,347,307,312,424
GENE-15580,NO,1,2892,1927,2722,2790,2825,2885
GENE-15581,NO,1,0,0,0,0,0,0
GENE-15582,NO,1,14,18,24,18,13,32
GENE-15583,NO,1,0,0,0,0,0,0
GENE-15584,NO,1,0,0,0,0,0,0
GENE-15585,NO,1,530,595,629,701,749,758
GENE-15586,NO,1,0,0,0,0,0,0
GENE-15587,NO,1,33,47,50,54,52,46
GENE-15588,NO,1,0,0,0,0,0,0
GENE-15589,NO,1,415,498,453,443,448,517
GENE-15590,NO,1,0,0,0,0,0,0
GENE-15591,NO,1,0,0,0,0,0,0
GENE-15592,NO,1,0,0,0,0,0,0
GENE-15593,NO,1,0,0,0,0,0,0
GENE-15594,NO,1,0,0,0,0,0,0
GENE-15595,NO,1,0,0,0,0,0,0
GENE-15596,NO,1,0,0,0,0,0,0
GENE-15597,NO,1,2579,2346,2728,2411,2586,2586
GENE-15598,NO,1,0,0,0,0,0,0
GENE-15599,NO,1,27,9,13,13,10,4
GENE-15600,NO,1,0,0,1,0,0,0
GENE-15601,NO,1,0,0,0,0,0,0
GENE-15602,NO,1,341,329,238,296,301,344
GENE-15603,NO,1,0,0,0,0,0,0
GENE-15604,NO,1,0,0,0,0,0,0
GENE-15605,NO,1,2,1,4,0,1,3
GENE-15606,NO,1,2,6,1,2,1,3
GENE-15607,NO,1,80,29,169,113,35,74
GENE-15608,NO,1,29,20,27,16,34,15
GENE-15609,NO,1,0,0,0,0,0,0
GENE-15610,NO,1,0,0,0,0,0,0
GENE-15611,NO,1,0,1,0,1,1,4
GENE-15612,NO,1,41,76,89,60,47,50
GENE-15613,NO,1,0,0,0,0,0,0
GENE-15614,NO,1,81,51,62,71,53,71
GENE-15615,NO,1,0,0,0,0,0,0
GENE-15616,NO,1,1,0,0,0,0,0
GENE-15617,NO,1,0,0,0,0,0,0
GENE-15618,NO,1,90,110,74,102,109,104
GENE-15619,NO,1,0,0,0,0,0,0
GENE-15620,NO,1,0,0,0,0,0,0
GENE-15621,NO,1,0,0,0,0,0,0
GENE-15622,NO,1,41,46,49,48,70,46
GENE-15623,NO,1,0,0,0,0,0,0
GENE-15624,NO,1,0,0,0,0,0,0
GENE-15625,NO,1,618,614,574,498,622,605
GENE-15626,NO,1,0,0,0,0,0,0
GENE-15627,NO,1,0,0,0,0,0,0
GENE-15628,NO,1,113,63,82,99,103,72
GENE-15629,NO,1,19,20,20,16,6,14
GENE-15630,NO,1,0,0,0,0,0,0
GENE-15631,NO,1,0,0,0,0,0,0
GENE-15632,NO,1,0,0,0,0,0,0
GENE-15633,NO,1,0,0,0,0,0,0
GENE-15634,NO,1,0,0,0,0,0,0
GENE-15635,NO,1,0,0,0,0,0,0
GENE-15636,NO,1,69,54,58,85,93,59
GENE-15637,NO,1,0,0,0,0,0,0
GENE-15638,YES,1,0,0,0,0,0,0
GENE-15639,NO,1,0,0,0,0,0,0
GENE-15640,NO,1,0,0,0,0,0,0
GENE-15641,NO,1,146,123,146,144,125,100
GENE-15642,NO,1,51,66,26,72,48,62
GENE-15643,NO,1,0,0,0,0,0,0
GENE-15644,NO,1,0,0,0,0,0,0
GENE-15645,NO,1,0,0,0,0,0,0
GENE-15646,NO,1,0,0,0,0,0,0
GENE-15647,NO,1,81,55,67,54,64,64
GENE-15648,NO,1,357,436,376,390,399,393
GENE-15649,NO,1,267,117,234,523,303,309
GENE-15650,NO,1,0,0,0,0,0,0
GENE-15651,NO,1,647,522,718,591,603,609
GENE-15652,NO,1,10,4,11,16,9,14
GENE-15653,NO,1,651,490,486,589,530,575
GENE-15654,NO,1,0,0,0,0,0,0
GENE-15655,NO,1,0,0,0,0,0,0
GENE-15656,NO,1,36,37,34,30,37,45
GENE-15657,YES,1,4,1,2,0,0,0
GENE-15658,NO,1,46,52,59,48,43,56
GENE-15659,NO,1,434,350,340,336,597,359
GENE-15660,NO,1,0,0,0,0,1,0
GENE-15661,NO,1,2339,2610,2507,2515,2674,2085
GENE-15662,NO,1,3,15,19,13,5,9
GENE-15663,NO,1,0,0,0,0,0,0
GENE-15664,NO,1,0,0,1,0,1,0
GENE-15665,NO,1,0,0,0,0,0,0
GENE-15666,NO,1,0,0,0,0,0,0
GENE-15667,NO,1,0,0,0,0,0,0
GENE-15668,NO,1,1,1,0,4,2,1
GENE-15669,NO,1,0,1,2,1,1,1
GENE-15670,NO,1,0,1,1,1,0,0
GENE-15671,NO,1,0,0,0,0,0,0
GENE-15672,NO,1,0,0,0,0,0,0
GENE-15673,NO,1,0,0,0,0,0,0
GENE-15674,NO,1,0,0,0,0,0,0
GENE-15675,NO,1,0,0,0,0,0,0
GENE-15676,NO,1,1521,954,1017,1012,1261,1118
GENE-15677,NO,1,0,0,0,0,0,0
GENE-15678,YES,1,0,0,0,0,0,0
GENE-15679,NO,1,0,0,0,0,0,0
GENE-15680,NO,1,0,0,0,0,0,0
GENE-15681,NO,1,0,0,0,0,0,0
GENE-15682,NO,1,0,0,0,0,0,0
GENE-15683,NO,1,360,230,357,193,376,292
GENE-15684,NO,1,0,0,0,0,0,0
GENE-15685,NO,1,179,107,55,156,47,73
GENE-15686,NO,1,0,0,0,0,0,0
GENE-15687,NO,1,0,0,0,0,0,0
GENE-15688,NO,1,0,0,0,0,0,0
GENE-15689,NO,1,0,0,0,1,0,0
GENE-15690,NO,1,2,6,0,3,0,0
GENE-15691,NO,1,0,0,0,0,0,0
GENE-15692,NO,1,0,0,0,0,0,0
GENE-15693,NO,1,0,0,0,0,0,0
GENE-15694,NO,1,2074,1926,1852,1823,1603,1852
GENE-15695,NO,1,0,0,0,0,0,0
GENE-15696,NO,1,0,0,0,0,0,0
GENE-15697,NO,1,0,0,0,0,0,0
GENE-15698,NO,1,0,0,0,0,0,0
GENE-15699,NO,1,0,0,0,0,0,0
GENE-15700,NO,1,0,0,0,0,0,0
GENE-15701,NO,1,0,0,0,0,0,0
GENE-15702,NO,1,0,0,0,0,0,0
GENE-15703,NO,1,0,0,0,0,0,0
GENE-15704,NO,1,1,0,1,0,1,2
GENE-15705,NO,1,318,391,394,329,291,501
GENE-15706,NO,1,0,0,0,0,0,0
GENE-15707,NO,1,0,0,0,0,0,0
GENE-15708,NO,1,0,0,0,0,0,0
GENE-15709,YES,1,0,0,0,0,0,0
GENE-15711,NO,1,0,0,0,0,0,0
GENE-15712,NO,1,1699,1853,1942,2121,2027,1633
GENE-15713,NO,1,0,0,0,0,0,0
GENE-15714,YES,1,0,2,1,2,4,4
GENE-15715,NO,1,0,0,0,0,0,0
GENE-15716,NO,1,0,0,0,0,0,0
GENE-15717,NO,1,0,0,0,0,0,0
GENE-15718,NO,1,0,0,0,0,0,0
GENE-15719,NO,1,0,0,0,0,0,0
GENE-15720,NO,1,0,0,0,0,0,0
GENE-15721,NO,1,0,0,0,0,0,0
GENE-15722,YES,1,0,1,1,0,0,0
GENE-15723,NO,1,0,0,0,0,0,0
GENE-15724,NO,1,0,0,0,0,0,0
GENE-15725,NO,1,0,0,0,0,0,0
GENE-15726,NO,1,0,0,0,0,0,0
GENE-15727,NO,1,1308,10,416,609,5540,1578
GENE-15728,NO,1,88,120,163,135,108,105
GENE-15729,NO,1,130,169,109,186,135,110
GENE-15730,NO,1,0,0,0,0,0,0
GENE-15731,NO,1,0,0,0,0,0,0
GENE-15732,NO,1,0,0,0,0,0,0
GENE-15733,NO,1,0,0,0,0,0,0
GENE-15734,NO,1,0,0,0,0,0,0
GENE-15735,NO,1,0,0,0,0,0,0
GENE-15736,NO,1,401,383,300,254,354,313
GENE-15737,NO,1,0,0,0,0,0,0
GENE-15738,NO,1,0,0,0,0,0,0
GENE-15739,NO,1,0,0,0,0,0,0
GENE-15740,NO,1,0,0,0,0,0,0
GENE-15741,NO,1,0,0,0,0,0,0
GENE-15742,NO,1,0,0,0,0,0,0
GENE-15743,NO,1,0,0,0,0,0,0
GENE-15744,NO,1,2,2,2,3,4,2
GENE-15745,NO,1,0,0,0,0,0,0
GENE-15746,NO,1,271,275,260,256,319,281
GENE-15747,NO,1,0,0,0,0,0,0
GENE-15748,NO,1,0,0,0,0,0,0
GENE-15749,NO,1,0,0,0,0,0,0
GENE-15750,NO,1,0,0,0,0,0,0
GENE-15751,NO,1,9392,1872,280,750,112,3415
GENE-15752,NO,1,35,70,46,41,45,59
GENE-15753,NO,1,0,0,0,0,0,0
GENE-15754,NO,1,0,0,0,0,0,0
GENE-15755,NO,1,0,0,0,0,0,0
GENE-15756,NO,1,0,0,0,0,0,0
GENE-15757,NO,1,0,0,0,0,0,0
GENE-15758,NO,1,0,0,0,0,0,0
GENE-15759,NO,1,0,0,0,0,0,0
GENE-15760,NO,1,93,85,75,103,100,102
GENE-15761,NO,1,0,0,0,0,0,0
GENE-15762,NO,1,0,0,0,0,0,0
GENE-15763,NO,1,0,0,0,0,0,0
GENE-15764,NO,1,0,0,0,0,0,0
GENE-15765,NO,1,0,0,0,0,0,0
GENE-15766,NO,1,3256,3657,2879,3004,2566,2055
GENE-15767,NO,1,0,0,0,0,0,0
GENE-15768,NO,1,0,0,0,0,0,0
GENE-15769,NO,1,0,0,0,0,0,0
GENE-15770,NO,1,0,0,0,0,0,0
GENE-15771,NO,1,0,0,0,0,0,0
GENE-15772,NO,1,0,0,0,0,0,0
GENE-15773,NO,1,26,16,49,28,39,19
GENE-15774,NO,1,0,0,0,0,0,0
GENE-15775,NO,1,0,0,0,0,0,0
GENE-15776,NO,1,77,69,85,67,120,73
GENE-15777,NO,1,0,0,0,0,0,0
GENE-15778,NO,1,0,0,0,0,0,0
GENE-15779,NO,1,10,12,15,22,21,20
GENE-15780,NO,1,251,225,219,193,213,235
GENE-15781,NO,1,0,0,0,0,0,0
GENE-15782,NO,1,12,4,9,7,15,9
GENE-15783,NO,1,0,0,0,0,0,0
GENE-15784,NO,1,0,0,0,0,0,0
GENE-15785,NO,1,0,0,0,0,0,0
GENE-15786,NO,1,20,23,21,18,17,17
GENE-15787,NO,1,0,0,0,0,0,0
GENE-15788,NO,1,2546,1638,2598,3259,1773,1592
GENE-15789,NO,1,0,0,0,0,0,0
GENE-15790,NO,1,0,0,0,0,0,0
GENE-15791,NO,1,0,0,0,0,0,0
GENE-15792,NO,1,9,8,7,7,10,16
GENE-15793,NO,1,0,0,0,0,0,0
GENE-15794,NO,1,0,0,0,0,0,0
GENE-15795,NO,1,0,0,0,0,0,0
GENE-15796,NO,1,0,0,0,0,0,0
GENE-15797,NO,1,0,0,0,0,0,0
GENE-15798,NO,1,0,0,0,0,0,0
GENE-15799,NO,1,0,0,0,0,0,0
GENE-15800,NO,1,12,8,2,6,8,10
GENE-15801,NO,1,23,20,26,26,34,17
GENE-15802,NO,1,0,0,0,0,0,0
GENE-15803,NO,1,0,0,0,0,0,0
GENE-15804,NO,1,0,0,0,0,0,0
GENE-15805,NO,1,0,0,0,0,0,0
GENE-15806,NO,1,0,0,0,0,0,0
GENE-15807,NO,1,0,0,0,0,0,0
GENE-15808,NO,1,0,0,0,0,0,0
GENE-15809,NO,1,0,0,0,0,0,0
GENE-15810,YES,1,0,0,0,0,0,0
GENE-15811,NO,1,20,21,32,31,9,13
GENE-15812,NO,1,0,0,0,0,0,0
GENE-15813,NO,1,0,0,0,0,0,0
GENE-15814,NO,1,0,1,0,1,1,0
GENE-15815,NO,1,1,0,2,1,0,1
GENE-15816,NO,1,135,120,74,101,76,135
GENE-15817,NO,1,0,0,0,0,0,0
GENE-15818,NO,1,190,180,224,175,236,240
GENE-15819,NO,1,0,0,0,0,0,0
GENE-15820,NO,1,0,0,0,0,0,0
GENE-15821,NO,1,0,0,0,0,0,0
GENE-15822,NO,1,0,0,0,0,0,0
GENE-15823,NO,1,0,0,0,0,0,0
GENE-15824,NO,1,0,0,0,0,0,0
GENE-15825,NO,1,0,0,0,0,0,0
GENE-15826,NO,1,955,637,801,742,576,535
GENE-15827,NO,1,0,0,0,0,0,0
GENE-15828,NO,1,1,0,0,0,0,1
GENE-15829,NO,1,0,0,0,0,0,0
GENE-15830,NO,1,1,1,2,0,0,1
GENE-15831,NO,1,0,0,0,0,0,0
GENE-15832,NO,1,0,0,0,0,0,0
GENE-15833,NO,1,109,163,78,100,126,158
GENE-15834,NO,1,0,0,0,0,0,0
GENE-15835,NO,1,0,0,0,0,0,0
GENE-15836,NO,1,0,0,0,0,0,0
GENE-15837,NO,1,0,0,0,0,0,0
GENE-15838,NO,1,21,24,18,12,20,9
GENE-15839,NO,1,553,585,719,362,249,348
GENE-15840,NO,1,0,0,0,0,0,0
GENE-15841,NO,1,0,1,0,1,2,1
GENE-15842,NO,1,0,0,0,0,0,0
GENE-15843,NO,1,503,486,585,633,249,268
GENE-15844,NO,1,0,0,0,0,0,0
GENE-15845,NO,1,0,0,0,0,0,0
GENE-15846,NO,1,0,0,0,0,0,0
GENE-15847,NO,1,0,0,0,0,0,0
GENE-15848,NO,1,16,42,51,48,49,28
GENE-15849,NO,1,0,0,0,0,0,0
GENE-15850,NO,1,14,67,82,253,44,85
GENE-15851,NO,1,0,0,0,0,0,0
GENE-15852,NO,1,0,0,0,0,0,0
GENE-15853,NO,1,0,0,2,3,2,3
GENE-15854,NO,1,0,0,0,0,0,0
GENE-15855,NO,1,0,0,0,0,0,0
GENE-15856,NO,1,0,0,0,0,0,0
GENE-15857,NO,1,116,86,121,74,123,100
GENE-15858,NO,1,0,0,0,0,0,0
GENE-15859,NO,1,0,0,0,0,0,0
GENE-15860,NO,1,10336,11644,13421,12381,13281,14118
GENE-15861,NO,1,0,0,0,0,0,0
GENE-15862,NO,1,0,0,0,0,0,0
GENE-15863,NO,1,0,0,0,0,0,0
GENE-15864,NO,1,0,0,0,0,0,0
GENE-15865,NO,1,0,0,0,0,0,0
GENE-15866,NO,1,3221,4106,2234,3361,4119,4067
GENE-15867,NO,1,0,0,0,0,0,0
GENE-15868,NO,1,0,0,0,0,0,0
GENE-15869,NO,1,0,0,0,0,0,0
GENE-15870,NO,1,0,0,0,0,0,0
GENE-15871,NO,1,83,36,75,84,80,76
GENE-15872,NO,1,23,31,26,21,19,16
GENE-15873,NO,1,0,0,0,0,0,0
GENE-15874,NO,1,348,300,360,334,268,337
GENE-15875,NO,1,0,0,0,0,0,0
GENE-15876,NO,1,454,578,490,550,522,558
GENE-15877,NO,1,640,651,766,515,650,497
GENE-15878,YES,1,0,0,0,0,0,0
GENE-15879,NO,1,0,0,0,0,0,0
GENE-15880,NO,1,0,0,0,0,0,0
GENE-15881,NO,1,0,0,0,0,0,0
GENE-15883,NO,1,0,0,0,0,0,0
GENE-15884,NO,1,0,0,0,1,1,1
GENE-15885,NO,1,6,13,13,4,6,8
GENE-15886,NO,1,0,0,0,0,0,0
GENE-15887,NO,1,0,0,0,0,0,0
GENE-15888,NO,1,199,230,76,120,195,175
GENE-15889,NO,1,1,0,1,1,1,1
GENE-15890,NO,1,0,0,0,0,0,0
GENE-15891,NO,1,0,0,0,0,0,0
GENE-15892,NO,1,0,0,0,0,0,0
GENE-15893,NO,1,0,0,0,0,0,0
GENE-15894,NO,1,0,0,0,0,0,0
GENE-15895,NO,1,0,0,0,0,0,0
GENE-15896,NO,1,0,0,0,0,0,0
GENE-15897,NO,1,50,44,60,66,50,76
GENE-15898,NO,1,0,0,0,0,0,0
GENE-15899,NO,1,0,0,0,0,0,0
GENE-15900,NO,1,0,0,0,0,0,0
GENE-15901,YES,1,0,0,0,0,0,0
GENE-15902,NO,1,0,0,0,0,0,0
GENE-15903,NO,1,0,0,0,0,0,0
GENE-15904,NO,1,11,15,12,7,10,5
GENE-15905,NO,1,123,18,216,94,158,128
GENE-15906,NO,1,0,0,3,0,4,0
GENE-15907,NO,1,431,369,607,467,619,526
GENE-15908,NO,1,0,0,0,0,0,0
GENE-15909,NO,1,53,59,28,41,64,43
GENE-15910,NO,1,0,0,0,0,0,0
GENE-15911,NO,1,70,88,57,66,81,62
GENE-15912,NO,1,0,0,0,0,0,0
GENE-15913,NO,1,0,0,0,0,0,0
GENE-15914,NO,1,0,0,0,0,0,0
GENE-15915,NO,1,0,0,0,0,0,0
GENE-15916,NO,1,0,0,0,0,0,0
GENE-15917,NO,1,29,35,42,26,30,22
GENE-15918,NO,1,0,0,0,0,0,0
GENE-15919,NO,1,0,0,0,0,0,0
GENE-15920,NO,1,0,0,0,0,0,0
GENE-15921,NO,1,0,0,0,0,0,0
GENE-15922,NO,1,2491,2172,1448,689,1475,1575
GENE-15924,NO,1,4,1,0,1,2,2
GENE-15925,NO,1,0,0,0,0,0,0
GENE-15926,NO,1,0,0,0,0,0,0
GENE-15927,NO,1,2,0,0,0,1,3
GENE-15928,NO,1,0,0,0,0,0,0
GENE-15929,NO,1,0,0,0,0,0,0
GENE-15930,NO,1,0,0,0,0,0,0
GENE-15931,NO,1,0,0,0,0,0,0
GENE-15932,NO,1,1,1,1,0,1,1
GENE-15933,NO,1,83,56,87,50,51,43
GENE-15934,NO,1,14,15,8,5,16,12
GENE-15935,NO,1,1,3,1,1,3,1
GENE-15936,NO,1,0,0,0,0,0,0
GENE-15937,NO,1,0,0,0,0,0,0
GENE-15938,NO,1,0,0,0,0,0,0
GENE-15939,NO,1,0,0,0,0,0,0
GENE-15940,NO,1,310,303,303,328,309,367
GENE-15941,NO,1,11,8,18,15,15,7
GENE-15942,NO,1,0,0,0,0,0,0
GENE-15943,NO,1,0,0,0,0,0,0
GENE-15944,NO,1,47,88,40,18,23,87
GENE-15945,NO,1,0,0,0,0,0,0
GENE-15946,NO,1,33,24,28,19,26,20
GENE-15947,NO,1,0,0,0,0,0,0
GENE-15948,NO,1,0,0,0,0,0,0
GENE-15949,NO,1,0,0,0,0,0,0
GENE-15950,NO,1,0,0,0,0,0,0
GENE-15951,NO,1,0,0,0,0,0,0
GENE-15952,NO,1,0,0,0,0,0,0
GENE-15953,NO,1,3,3,0,5,3,2
GENE-15954,NO,1,0,0,0,0,0,0
GENE-15955,NO,1,64,63,62,94,84,60
GENE-15956,NO,1,26,25,40,33,19,32
GENE-15957,NO,1,0,0,0,0,0,0
GENE-15958,NO,1,0,0,2,1,1,1
GENE-15959,NO,1,24,8,5,18,28,17
GENE-15960,NO,1,0,0,0,0,0,0
GENE-15961,NO,1,0,0,0,0,0,0
GENE-15962,NO,1,5,8,9,9,11,9
GENE-15963,NO,1,0,0,0,0,0,0
GENE-15964,NO,1,0,0,0,0,0,0
GENE-15965,NO,1,15,9,15,24,16,17
GENE-15966,NO,1,0,0,0,0,0,0
GENE-15967,NO,1,0,0,0,0,0,0
GENE-15968,NO,1,370,353,398,370,390,375
GENE-15969,NO,1,12,19,23,14,15,22
GENE-15970,NO,1,0,0,0,0,0,0
GENE-15971,NO,1,0,0,0,0,0,0
GENE-15972,NO,1,0,0,0,0,0,0
GENE-15973,NO,1,0,0,0,0,0,0
GENE-15974,NO,1,0,0,0,0,0,0
GENE-15976,NO,1,0,0,0,0,0,0
GENE-15977,NO,1,555,1013,683,638,264,535
GENE-15978,NO,1,2,4,4,1,3,3
GENE-15979,NO,1,0,0,0,0,0,0
GENE-15980,NO,1,0,0,0,0,0,0
GENE-15981,NO,1,148,112,92,110,51,266
GENE-15982,NO,1,0,0,0,0,0,0
GENE-15983,YES,1,0,0,0,0,0,0
GENE-15984,NO,1,0,0,0,0,0,0
GENE-15985,NO,1,0,0,0,0,0,0
GENE-15986,NO,1,0,0,0,0,0,0
GENE-15987,NO,1,0,0,0,0,0,0
GENE-15988,NO,1,0,0,0,0,0,0
GENE-15989,NO,1,1150,668,565,615,614,972
GENE-15990,NO,1,0,0,0,0,0,0
GENE-15991,NO,1,6,10,5,7,12,4
GENE-15992,NO,1,0,0,0,0,0,0
GENE-15993,NO,1,0,0,0,0,0,0
GENE-15994,NO,1,0,0,0,0,0,0
GENE-15995,NO,1,0,0,0,0,0,0
GENE-15996,NO,1,0,0,0,0,0,0
GENE-15998,NO,1,292,340,308,241,350,322
GENE-15999,NO,1,7,2,5,7,11,10
GENE-16000,NO,1,0,0,0,0,0,0
GENE-16001,NO,1,0,0,0,0,0,0
GENE-16002,NO,1,0,0,0,0,0,0
GENE-16003,NO,1,406,424,432,420,381,411
GENE-16004,NO,1,0,0,0,0,0,0
GENE-16005,NO,1,0,0,0,0,0,0
GENE-16006,NO,1,0,0,0,0,0,0
GENE-16007,NO,1,0,0,0,0,0,0
GENE-16008,NO,1,0,0,0,0,0,0
GENE-16009,NO,1,0,0,0,0,0,0
GENE-16010,NO,1,0,0,0,0,0,0
GENE-16011,NO,1,0,0,0,0,0,0
GENE-16012,NO,1,0,0,0,0,0,0
GENE-16014,NO,1,32,39,47,42,44,48
GENE-16015,NO,1,0,0,0,0,0,0
GENE-16016,NO,1,0,0,0,0,0,0
GENE-16017,NO,1,0,0,0,0,0,0
GENE-16018,NO,1,79,54,52,36,45,40
GENE-16019,NO,1,0,0,0,0,0,0
GENE-16020,NO,1,20,24,16,22,13,28
GENE-16021,NO,1,0,0,0,0,0,0
GENE-16022,NO,1,0,0,0,0,0,0
GENE-16023,NO,1,0,0,0,0,0,0
GENE-16024,NO,1,14,13,9,8,17,11
GENE-16025,NO,1,166,143,176,221,160,111
GENE-16026,NO,1,0,0,0,0,0,0
GENE-16027,NO,1,0,0,0,0,0,0
GENE-16028,NO,1,73,75,98,80,71,74
GENE-16029,NO,1,4,2,1,7,3,3
GENE-16030,NO,1,0,0,0,0,0,0
GENE-16031,NO,1,438,791,221,1200,168,862
GENE-16032,NO,1,37,55,53,32,29,37
GENE-16033,NO,1,0,0,0,0,0,0
GENE-16034,NO,1,0,0,0,0,0,0
GENE-16035,NO,1,0,0,0,0,0,0
GENE-16036,NO,1,392,178,395,288,277,325
GENE-16037,NO,1,0,0,0,0,0,0
GENE-16038,NO,1,7,22,5,14,19,16
GENE-16039,YES,1,0,0,0,0,0,0
GENE-16040,NO,1,0,0,0,0,0,0
GENE-16041,NO,1,0,0,0,0,0,0
GENE-16042,NO,1,2,2,1,0,3,1
GENE-16043,NO,1,0,0,0,0,0,0
GENE-16044,NO,1,332,528,526,500,493,386
GENE-16045,NO,1,0,0,0,0,0,0
GENE-16046,NO,1,1,1,1,0,0,1
GENE-16047,NO,1,0,0,0,0,0,0
GENE-16048,NO,1,0,1,0,0,0,3
GENE-16049,NO,1,0,0,0,0,0,0
GENE-16050,NO,1,176,200,176,197,249,200
GENE-16051,NO,1,0,0,0,0,0,0
GENE-16052,NO,1,11,42,34,43,39,36
GENE-16053,NO,1,622,1663,1315,849,1364,958
GENE-16054,NO,1,2,2,2,2,6,0
GENE-16055,NO,1,55,49,52,46,33,42
GENE-16056,NO,1,0,0,0,0,0,0
GENE-16057,NO,1,86,120,154,81,141,64
GENE-16058,NO,1,0,0,0,0,0,0
GENE-16059,NO,1,0,0,0,0,0,0
GENE-16060,NO,1,1,0,0,2,0,1
GENE-16061,NO,1,0,0,0,0,0,0
GENE-16062,NO,1,4,11,12,3,17,11
GENE-16063,NO,1,5,0,1,3,1,0
GENE-16064,NO,1,0,0,0,0,0,0
GENE-16066,NO,1,22,28,13,17,17,10
GENE-16067,NO,1,0,0,0,0,0,0
GENE-16068,NO,1,0,1,2,2,0,0
GENE-16069,NO,1,0,0,0,0,0,0
GENE-16070,NO,1,0,0,0,0,0,0
GENE-16071,NO,1,0,0,0,0,0,0
GENE-16072,NO,1,0,0,0,0,0,0
GENE-16073,NO,1,0,0,0,0,0,0
GENE-16074,NO,1,0,0,0,0,0,0
GENE-16075,NO,1,0,0,0,0,0,0
GENE-16076,NO,1,109,101,88,101,80,127
GENE-16077,NO,1,0,0,0,0,0,0
GENE-16078,NO,1,0,0,0,0,0,0
GENE-16079,NO,1,0,0,0,0,0,0
GENE-16080,YES,1,0,0,0,0,0,0
GENE-16081,NO,1,0,0,0,0,0,0
GENE-16082,NO,1,343,416,352,264,298,340
GENE-16083,NO,1,0,0,0,0,0,0
GENE-16084,NO,1,0,0,0,0,0,0
GENE-16085,NO,1,0,0,0,0,0,0
GENE-16086,YES,1,0,0,0,0,0,0
GENE-16087,NO,1,0,0,0,0,0,0
GENE-16088,NO,1,859,877,836,758,799,855
GENE-16089,NO,1,36,29,27,36,25,20
GENE-16090,NO,1,11,10,11,10,10,13
GENE-16091,NO,1,0,0,0,0,0,0
GENE-16092,NO,1,0,0,0,0,0,0
GENE-16093,NO,1,8,6,8,9,12,9
GENE-16094,YES,1,0,0,0,0,0,0
GENE-16095,NO,1,127,118,93,85,147,139
GENE-16096,NO,1,0,0,0,0,0,0
GENE-16097,NO,1,375,297,234,366,335,257
GENE-16098,NO,1,0,0,0,0,0,0
GENE-16099,NO,1,0,0,0,0,0,0
GENE-16100,NO,1,0,0,0,0,0,0
GENE-16101,NO,1,13,2,10,6,8,13
GENE-16102,NO,1,0,0,0,0,0,0
GENE-16103,NO,1,0,0,0,0,0,0
GENE-16104,NO,1,8,6,7,4,12,9
GENE-16105,NO,1,1,0,0,0,0,0
GENE-16106,NO,1,2,5,4,3,2,7
GENE-16107,YES,1,0,0,0,0,0,0
GENE-16108,NO,1,0,0,0,0,0,0
GENE-16109,NO,1,160,113,93,94,55,59
GENE-16110,NO,1,169,436,318,106,479,403
GENE-16111,NO,1,0,0,0,0,0,0
GENE-16112,NO,1,0,0,0,0,0,0
GENE-16113,NO,1,0,0,0,0,0,0
GENE-16114,NO,1,17,29,27,36,17,31
GENE-16115,NO,1,0,0,0,0,0,0
GENE-16116,NO,1,0,0,0,0,0,0
GENE-16117,NO,1,413,475,396,456,370,414
GENE-16118,NO,1,133,64,31,43,96,141
GENE-16119,NO,1,0,0,0,0,0,0
GENE-16120,NO,1,0,0,0,1,0,0
GENE-16121,NO,1,0,0,0,0,0,0
GENE-16122,NO,1,0,0,0,0,0,0
GENE-16123,YES,1,0,0,0,0,0,0
GENE-16124,NO,1,0,0,0,0,0,0
GENE-16125,NO,1,0,0,0,0,0,0
GENE-16126,NO,1,270,224,341,294,321,294
GENE-16127,NO,1,0,1,0,1,1,2
GENE-16128,NO,1,27,26,32,5,41,24
GENE-16129,NO,1,4,1,2,3,3,2
GENE-16130,NO,1,0,0,0,0,0,0
GENE-16131,NO,1,41,35,48,31,32,28
GENE-16132,NO,1,2653,3055,2923,2992,3268,2658
GENE-16133,NO,1,0,0,0,0,0,0
GENE-16134,NO,1,101,104,99,97,123,124
GENE-16135,NO,1,0,0,0,0,0,0
GENE-16136,NO,1,0,0,0,0,0,0
GENE-16137,NO,1,0,0,0,0,0,0
GENE-16138,NO,1,3,2,2,2,4,2
GENE-16139,NO,1,78,89,87,80,75,105
GENE-16140,NO,1,0,0,0,0,0,0
GENE-16141,NO,1,452,467,583,576,518,537
GENE-16142,NO,1,1363,1425,1538,1347,1671,1245
GENE-16144,NO,1,0,0,0,0,0,0
GENE-16145,NO,1,1,0,0,0,1,2
GENE-16146,NO,1,0,0,0,0,0,0
GENE-16147,NO,1,0,0,0,0,0,0
GENE-16148,NO,1,0,0,0,0,0,0
GENE-16149,YES,1,0,0,0,0,0,0
GENE-16150,NO,1,0,0,0,0,0,0
GENE-16151,NO,1,0,0,0,0,0,0
GENE-16152,NO,1,0,0,0,0,0,0
GENE-16153,NO,1,40,33,38,32,42,29
GENE-16154,NO,1,0,0,0,0,0,0
GENE-16155,NO,1,0,0,0,0,0,0
GENE-16156,NO,1,0,0,0,0,0,0
GENE-16157,NO,1,245,238,235,203,255,252
GENE-16158,NO,1,3,0,1,3,2,0
GENE-16159,YES,1,0,0,0,0,0,0
GENE-16160,NO,1,0,0,0,0,0,0
GENE-16161,NO,1,0,0,0,0,0,0
GENE-16162,NO,1,86,82,62,78,112,89
GENE-16163,NO,1,0,0,0,0,0,0
GENE-16164,NO,1,6,9,14,5,10,8
GENE-16165,NO,1,0,1,0,215,10,0
GENE-16166,NO,1,0,0,0,0,0,0
GENE-16167,NO,1,0,0,0,0,0,0
GENE-16168,NO,1,0,0,0,0,0,0
GENE-16169,NO,1,44,56,70,60,72,38
GENE-16170,NO,1,0,0,0,0,0,0
GENE-16171,NO,1,0,0,0,0,0,0
GENE-16172,NO,1,0,0,0,0,0,0
GENE-16173,NO,1,0,0,0,0,0,0
GENE-16174,NO,1,11,24,11,12,24,13
GENE-16175,NO,1,0,0,0,0,0,0
GENE-16176,NO,1,0,0,0,0,0,0
GENE-16177,NO,1,0,0,0,0,0,0
GENE-16178,NO,1,2499,2316,2431,2069,2195,2404
GENE-16179,NO,1,352,367,250,305,413,423
GENE-16180,NO,1,0,0,0,0,0,0
GENE-16181,NO,1,648,513,625,605,612,746
GENE-16182,NO,1,0,0,0,0,0,0
GENE-16183,NO,1,15,20,26,33,35,41
GENE-16184,NO,1,0,0,0,0,0,0
GENE-16185,NO,1,0,0,0,0,0,0
GENE-16186,YES,1,0,0,0,0,0,0
GENE-16187,NO,1,0,0,0,0,0,0
GENE-16188,NO,1,0,0,0,0,0,0
GENE-16189,NO,1,49,59,53,88,30,38
GENE-16190,NO,1,0,0,0,0,0,0
GENE-16191,NO,1,0,0,0,0,0,0
GENE-16192,NO,1,0,0,0,0,0,0
GENE-16193,NO,1,0,0,0,0,0,0
GENE-16194,NO,1,0,0,0,0,0,0
GENE-16195,NO,1,3,2,10,0,7,6
GENE-16196,NO,1,0,0,0,0,0,0
GENE-16197,NO,1,1792,2042,2857,1635,2644,972
GENE-16198,NO,1,0,0,0,0,0,0
GENE-16199,NO,1,0,0,0,0,0,0
GENE-16200,NO,1,0,0,0,0,0,0
GENE-16201,NO,1,12,8,7,7,9,7
GENE-16202,NO,1,0,0,0,0,0,0
GENE-16203,YES,1,1,1,2,2,2,1
GENE-16204,NO,1,0,0,0,0,0,0
GENE-16205,NO,1,9,7,4,7,6,5
GENE-16206,NO,1,0,0,0,0,0,0
GENE-16207,NO,1,0,0,0,0,0,0
GENE-16208,NO,1,14,9,8,12,11,26
GENE-16209,NO,1,0,0,0,0,0,0
GENE-16210,NO,1,18,13,17,17,15,15
GENE-16211,NO,1,15,17,15,10,10,6
GENE-16212,NO,1,116,111,112,152,164,113
GENE-16213,NO,1,8,5,7,18,14,17
GENE-16214,NO,1,0,0,0,0,0,0
GENE-16215,NO,1,0,0,0,0,0,0
GENE-16216,NO,1,4,3,2,6,0,4
GENE-16217,NO,1,0,0,0,0,0,0
GENE-16218,NO,1,83,54,76,56,116,53
GENE-16219,NO,1,0,0,0,0,0,0
GENE-16220,NO,1,0,0,0,0,0,0
GENE-16221,NO,1,0,0,0,0,0,0
GENE-16222,NO,1,0,0,0,0,0,0
GENE-16223,NO,1,0,0,0,0,0,0
GENE-16224,NO,1,0,0,0,0,0,0
GENE-16225,NO,1,244,175,183,243,154,187
GENE-16226,NO,1,0,0,0,0,0,0
GENE-16227,NO,1,0,0,0,0,0,0
GENE-16228,NO,1,0,0,0,0,0,0
GENE-16229,NO,1,0,0,0,0,0,0
GENE-16230,NO,1,0,0,0,0,0,0
GENE-16231,NO,1,0,0,0,0,0,0
GENE-16232,NO,1,0,0,0,0,0,0
GENE-16233,NO,1,0,0,0,0,0,0
GENE-16234,NO,1,8,3,1,8,5,2
GENE-16235,NO,1,0,0,0,0,0,0
GENE-16236,NO,1,50,47,69,57,37,54
GENE-16237,NO,1,0,0,0,0,0,0
GENE-16238,NO,1,0,0,0,0,0,0
GENE-16239,NO,1,0,0,0,0,0,0
GENE-16240,NO,1,62,79,66,79,54,74
GENE-16241,NO,1,0,0,0,0,0,0
GENE-16242,NO,1,0,0,0,0,0,0
GENE-16243,NO,1,73,84,93,76,74,77
GENE-16244,NO,1,0,0,0,0,0,0
GENE-16245,NO,1,124,132,126,172,265,162
GENE-16246,NO,1,236,172,360,286,294,396
GENE-16247,YES,1,0,0,0,0,0,0
GENE-16248,NO,1,0,1,0,0,1,1
GENE-16249,NO,1,0,0,0,0,0,0
GENE-16250,NO,1,0,0,0,0,0,0
GENE-16251,NO,1,0,0,0,0,0,0
GENE-16252,NO,1,6,2,5,3,1,2
GENE-16253,NO,1,0,0,0,0,0,0
GENE-16254,NO,1,0,0,0,0,0,0
GENE-16255,NO,1,0,0,0,0,0,0
GENE-16256,NO,1,0,0,0,0,0,0
GENE-16257,NO,1,0,0,0,0,0,0
GENE-16258,NO,1,0,0,0,0,0,0
GENE-16259,NO,1,0,0,0,0,0,0
GENE-16260,NO,1,0,0,0,0,0,0
GENE-16261,NO,1,1377,1707,2056,1309,2851,1729
GENE-16262,NO,1,0,0,0,0,0,0
GENE-16263,NO,1,171,155,243,136,217,192
GENE-16264,NO,1,904,775,1096,553,628,846
GENE-16265,YES,1,0,0,0,0,0,0
GENE-16266,NO,1,0,0,0,0,0,0
GENE-16267,NO,1,0,0,0,0,0,0
GENE-16268,NO,1,0,0,0,0,0,0
GENE-16269,NO,1,1,1,1,0,2,0
GENE-16270,NO,1,272,245,198,214,261,255
GENE-16271,NO,1,0,0,0,0,0,0
GENE-16272,NO,1,24,30,16,29,23,22
GENE-16273,NO,1,0,0,0,0,0,0
GENE-16274,NO,1,0,0,0,0,0,0
GENE-16275,NO,1,0,0,0,0,0,0
GENE-16276,NO,1,1,3,2,1,0,1
GENE-16277,NO,1,140,134,111,184,131,171
GENE-16278,NO,1,0,0,0,0,0,0
GENE-16279,NO,1,0,0,0,0,0,0
GENE-16280,NO,1,182,193,186,208,215,162
GENE-16281,NO,1,0,0,0,0,0,0
GENE-16282,NO,1,0,0,0,0,0,0
GENE-16283,YES,1,0,0,1,0,0,0
GENE-16284,NO,1,0,0,0,0,0,0
GENE-16285,NO,1,0,0,0,0,0,0
GENE-16286,NO,1,0,0,0,0,0,0
GENE-16287,NO,1,0,0,0,0,0,0
GENE-16288,NO,1,0,0,0,0,0,0
GENE-16289,YES,1,0,0,0,0,0,0
GENE-16290,YES,1,0,0,0,0,0,0
GENE-16291,NO,1,0,0,0,0,0,0
GENE-16292,NO,1,0,0,0,0,0,0
GENE-16293,YES,1,0,0,0,0,0,0
GENE-16294,NO,1,0,0,0,0,0,0
GENE-16295,NO,1,14,33,31,34,28,51
GENE-16296,NO,1,0,0,0,0,0,0
GENE-16297,NO,1,0,0,0,0,0,0
GENE-16298,NO,1,0,0,0,0,0,0
GENE-16299,NO,1,0,0,0,0,0,0
GENE-16300,NO,1,84,67,83,80,143,89
GENE-16301,NO,1,0,0,1,1,0,1
GENE-16302,NO,1,1,0,0,1,2,1
GENE-16303,NO,1,45,33,24,33,34,37
GENE-16304,NO,1,0,0,0,0,0,0
GENE-16305,NO,1,1,3,1,0,1,5
GENE-16306,NO,1,0,0,0,0,0,0
GENE-16307,NO,1,0,0,0,0,0,0
GENE-16308,NO,1,0,0,0,0,0,0
GENE-16309,NO,1,1,1,0,0,0,0
GENE-16310,NO,1,0,0,0,0,0,0
GENE-16311,NO,1,0,0,0,0,0,0
GENE-16312,NO,1,0,0,0,0,0,0
GENE-16313,NO,1,58,64,74,43,79,67
GENE-16314,NO,1,0,0,0,0,0,0
GENE-16315,NO,1,0,0,0,0,0,0
GENE-16316,NO,1,0,0,0,0,2,2
GENE-16317,NO,1,0,0,0,0,0,0
GENE-16318,NO,1,0,0,0,0,0,0
GENE-16319,NO,1,0,0,0,0,0,0
GENE-16320,NO,1,0,0,0,0,0,0
GENE-16321,NO,1,6,5,5,5,2,10
GENE-16322,NO,1,441,447,389,390,321,403
GENE-16323,NO,1,0,0,0,0,0,0
GENE-16324,NO,1,0,0,0,0,0,0
GENE-16325,NO,1,0,0,0,0,0,0
GENE-16326,NO,1,2,0,4,0,5,1
GENE-16327,NO,1,781,700,412,427,955,649
GENE-16328,NO,1,1,0,0,0,0,1
GENE-16329,NO,1,0,0,0,0,0,0
GENE-16330,NO,1,0,0,0,0,0,0
GENE-16331,NO,1,236,256,275,209,307,390
GENE-16332,NO,1,0,0,0,0,0,0
GENE-16334,NO,1,1085,1624,1931,1112,3259,1919
GENE-16335,YES,1,0,0,0,0,0,0
GENE-16336,NO,1,1,0,0,0,0,1
GENE-16337,NO,1,0,0,0,0,0,0
GENE-16338,NO,1,2,4,5,3,5,5
GENE-16339,NO,1,0,0,0,0,0,0
GENE-16340,NO,1,0,0,0,0,0,0
GENE-16341,NO,1,0,0,0,0,0,0
GENE-16342,NO,1,4,3,0,1,1,3
GENE-16343,NO,1,0,0,0,0,0,0
GENE-16344,NO,1,32,36,42,49,23,20
GENE-16345,NO,1,0,0,0,0,0,0
GENE-16346,NO,1,0,0,0,0,0,0
GENE-16347,NO,1,0,0,0,0,0,0
GENE-16348,NO,1,0,0,0,0,0,0
GENE-16349,NO,1,112,55,80,138,66,96
GENE-16350,NO,1,0,0,0,0,0,0
GENE-16351,NO,1,0,0,0,0,0,0
GENE-16352,NO,1,0,0,0,0,0,0
GENE-16353,NO,1,0,0,0,0,0,0
GENE-16354,NO,1,806,665,543,817,651,727
GENE-16355,NO,1,0,0,0,0,0,0
GENE-16356,NO,1,0,0,0,0,0,0
GENE-16357,NO,1,1,3,2,2,0,1
GENE-16358,NO,1,191,204,163,175,187,178
GENE-16359,NO,1,430,344,415,422,378,412
GENE-16360,NO,1,0,0,0,0,0,0
GENE-16361,NO,1,50,20,20,47,12,18
GENE-16362,NO,1,0,0,0,0,0,0
GENE-16363,NO,1,0,2,0,0,0,0
GENE-16364,NO,1,0,0,0,0,0,0
GENE-16365,NO,1,122,120,182,150,173,127
GENE-16366,NO,1,0,0,0,0,0,0
GENE-16367,NO,1,1651,258,19,215,554,88
GENE-16368,NO,1,0,0,0,0,0,0
GENE-16369,NO,1,15,19,4,10,12,23
GENE-16370,NO,1,0,0,0,0,0,0
GENE-16371,NO,1,6,3,1,3,3,4
GENE-16372,NO,1,233,233,195,255,229,213
GENE-16373,NO,1,1061,873,690,1118,1155,3115
GENE-16374,NO,1,0,0,0,0,0,0
GENE-16375,NO,1,0,0,0,0,0,0
GENE-16376,NO,1,0,0,0,0,0,0
GENE-16377,NO,1,3,5,0,0,1,0
GENE-16378,NO,1,0,0,0,0,0,0
GENE-16379,NO,1,27,54,24,63,42,37
GENE-16380,NO,1,15,24,26,17,14,20
GENE-16381,NO,1,0,0,0,0,0,0
GENE-16382,NO,1,0,0,0,0,0,0
GENE-16383,NO,1,6,2,1,1,0,2
GENE-16384,YES,1,0,0,0,0,0,0
GENE-16385,NO,1,0,0,0,0,0,0
GENE-16386,NO,1,0,0,0,2,0,0
GENE-16387,NO,1,21,14,25,15,37,25
GENE-16388,NO,1,0,0,0,0,0,0
GENE-16389,NO,1,0,0,0,0,0,0
GENE-16390,NO,1,1,0,1,0,0,2
GENE-16391,YES,1,0,0,0,0,0,0
GENE-16392,NO,1,0,0,0,0,0,0
GENE-16393,YES,1,0,0,0,0,0,0
GENE-16394,NO,1,0,0,0,0,0,0
GENE-16395,NO,1,52,100,15,26,929,751
GENE-16396,NO,1,6,14,12,5,18,9
GENE-16398,NO,1,0,0,0,0,0,0
GENE-16399,NO,1,61,56,71,45,32,30
GENE-16400,NO,1,0,0,0,0,0,0
GENE-16401,NO,1,2610,1810,1979,2000,3435,2619
GENE-16402,NO,1,0,0,0,1,0,0
GENE-16403,NO,1,0,0,0,0,0,0
GENE-16404,NO,1,1,0,0,0,0,1
GENE-16405,NO,1,0,0,0,0,0,0
GENE-16406,NO,1,0,0,0,0,0,0
GENE-16407,NO,1,64,64,96,91,72,60
GENE-16408,YES,1,0,0,0,0,0,0
GENE-16409,NO,1,1286,1639,1127,1256,1065,1378
GENE-16410,NO,1,51,51,59,86,71,71
GENE-16411,NO,1,0,0,0,0,0,0
GENE-16412,NO,1,0,0,0,0,0,0
GENE-16413,NO,1,0,0,0,0,0,0
GENE-16414,NO,1,6,4,2,6,3,2
GENE-16415,NO,1,0,0,0,0,0,0
GENE-16416,NO,1,0,0,0,0,0,0
GENE-16417,NO,1,25,36,35,17,36,29
GENE-16418,NO,1,0,0,0,0,0,0
GENE-16419,NO,1,2,3,2,0,2,1
GENE-16420,NO,1,0,0,0,0,0,0
GENE-16421,NO,1,0,0,0,0,0,0
GENE-16422,NO,1,0,0,0,0,0,0
GENE-16423,NO,1,0,0,0,0,0,0
GENE-16424,NO,1,0,0,0,0,0,0
GENE-16425,NO,1,0,0,0,0,0,0
GENE-16426,NO,1,0,0,0,0,0,0
GENE-16427,NO,1,0,0,0,0,0,0
GENE-16428,NO,1,0,0,0,0,0,0
GENE-16429,NO,1,16,26,19,14,25,7
GENE-16430,NO,1,0,0,0,0,0,0
GENE-16431,NO,1,0,0,0,0,0,0
GENE-16432,NO,1,12,21,15,18,10,11
GENE-16433,NO,1,2,3,2,2,2,8
GENE-16434,NO,1,0,0,0,0,0,0
GENE-16435,NO,1,0,0,0,0,0,0
GENE-16436,NO,1,0,0,0,0,0,0
GENE-16437,NO,1,0,0,0,0,0,0
GENE-16438,NO,1,1639,1411,1404,1139,1573,1610
GENE-16439,NO,1,0,0,0,0,0,0
GENE-16440,NO,1,1,1,4,1,3,1
GENE-16441,NO,1,0,0,0,0,0,0
GENE-16442,NO,1,0,0,0,0,0,0
GENE-16443,NO,1,0,0,0,0,0,0
GENE-16444,NO,1,0,0,0,0,0,0
GENE-16445,NO,1,0,0,0,0,0,0
GENE-16446,NO,1,0,0,0,0,0,0
GENE-16447,NO,1,0,0,2,2,2,4
GENE-16448,NO,1,0,0,0,0,0,0
GENE-16449,NO,1,40,33,47,30,30,54
GENE-16450,NO,1,0,0,0,0,0,0
GENE-16451,NO,1,0,0,0,0,0,0
GENE-16452,NO,1,0,0,0,0,0,1
GENE-16454,NO,1,177,231,245,198,185,437
GENE-16455,NO,1,447,391,569,386,510,347
GENE-16456,NO,1,0,0,0,0,0,0
GENE-16457,NO,1,0,0,0,0,0,0
GENE-16458,NO,1,10,16,15,9,14,17
GENE-16459,NO,1,45,37,37,38,25,35
GENE-16460,NO,1,0,0,0,0,0,0
GENE-16461,NO,1,12,6,9,12,9,6
GENE-16462,NO,1,0,0,0,0,0,0
GENE-16463,NO,1,0,0,0,0,0,0
GENE-16464,NO,1,0,0,0,0,0,0
GENE-16465,NO,1,15,12,33,27,43,41
GENE-16466,NO,1,54,61,66,38,41,42
GENE-16467,NO,1,3211,1012,8375,13140,3699,577
GENE-16468,NO,1,0,0,0,0,0,0
GENE-16469,NO,1,0,0,0,0,0,0
GENE-16470,NO,1,0,0,0,0,0,0
GENE-16471,NO,1,0,0,0,0,0,0
GENE-16472,NO,1,0,0,0,0,0,0
GENE-16473,NO,1,6,1,3,3,2,2
GENE-16474,NO,1,1,1,1,0,0,0
GENE-16475,NO,1,0,0,0,0,0,0
GENE-16476,NO,1,1,1,1,4,2,4
GENE-16477,NO,1,553,217,1666,725,204,433
GENE-16478,NO,1,4,8,3,5,9,12
GENE-16479,NO,1,0,0,0,0,0,0
GENE-16480,NO,1,175,206,248,197,138,121
GENE-16481,NO,1,307,319,376,259,347,249
GENE-16482,NO,1,0,0,0,0,0,0
GENE-16483,NO,1,0,0,0,0,0,0
GENE-16484,NO,1,3,0,3,2,4,1
GENE-16485,NO,1,223,228,143,135,115,183
GENE-16486,NO,1,0,0,0,0,0,0
GENE-16487,NO,1,0,0,0,0,0,0
GENE-16488,NO,1,77,51,82,97,100,69
GENE-16489,NO,1,0,0,0,0,0,0
GENE-16490,NO,1,0,0,0,0,0,0
GENE-16491,NO,1,0,0,0,0,0,0
GENE-16492,NO,1,0,0,0,0,0,0
GENE-16493,NO,1,59,68,57,49,70,50
GENE-16494,NO,1,0,0,0,0,0,0
GENE-16495,NO,1,0,0,0,0,0,0
GENE-16496,NO,1,0,0,0,0,0,0
GENE-16497,NO,1,0,0,0,0,0,0
GENE-16498,NO,1,0,0,0,0,0,0
GENE-16499,NO,1,0,0,0,0,0,0
GENE-16500,NO,1,0,0,0,0,0,0
GENE-16501,NO,1,11,11,6,6,2,7
GENE-16502,NO,1,0,0,0,0,0,0
GENE-16503,YES,1,0,0,0,0,0,0
GENE-16504,NO,1,0,0,0,0,0,0
GENE-16505,NO,1,0,0,1,0,0,0
GENE-16506,NO,1,0,0,0,0,0,0
GENE-16507,NO,1,0,0,0,0,0,0
GENE-16508,NO,1,0,0,0,0,0,0
GENE-16509,YES,1,0,0,0,0,0,0
GENE-16510,NO,1,5,6,0,3,2,1
GENE-16511,NO,1,6,2,3,7,8,3
GENE-16512,NO,1,0,0,0,0,0,0
GENE-16513,NO,1,425,848,530,813,932,1286
GENE-16514,NO,1,0,0,0,0,0,0
GENE-16516,NO,1,0,0,0,0,0,0
GENE-16517,NO,1,5,9,7,6,9,2
GENE-16518,NO,1,0,0,0,0,0,0
GENE-16519,NO,1,0,0,0,0,0,0
GENE-16520,NO,1,0,0,0,0,0,0
GENE-16521,NO,1,0,0,0,0,0,0
GENE-16522,NO,1,90,101,75,51,111,90
GENE-16523,NO,1,65,105,129,107,100,85
GENE-16524,NO,1,0,0,0,0,0,0
GENE-16525,NO,1,0,0,0,0,0,0
GENE-16526,NO,1,0,0,0,0,0,0
GENE-16527,NO,1,0,0,0,0,0,0
GENE-16528,NO,1,42,21,42,33,41,40
GENE-16529,NO,1,0,0,0,0,0,0
GENE-16530,NO,1,0,0,0,0,0,0
GENE-16531,NO,1,0,0,0,0,0,0
GENE-16532,NO,1,0,0,0,0,0,0
GENE-16533,NO,1,47,69,43,60,67,53
GENE-16534,NO,1,53,63,61,47,60,61
GENE-16535,NO,1,0,0,0,0,0,0
GENE-16536,NO,1,39,45,21,23,39,27
GENE-16537,NO,1,2,0,0,3,0,3
GENE-16538,NO,1,642,823,662,748,614,495
GENE-16539,NO,1,0,0,0,0,0,0
GENE-16540,NO,1,13,3,8,13,5,8
GENE-16541,NO,1,15,7,13,18,11,14
GENE-16542,NO,1,0,13,0,0,5,0
GENE-16543,NO,1,0,0,0,0,0,0
GENE-16544,NO,1,158,129,133,141,152,148
GENE-16545,NO,1,0,0,0,0,0,0
GENE-16546,NO,1,1,0,0,0,0,0
GENE-16547,NO,1,188,137,212,208,143,170
GENE-16548,NO,1,367,383,439,367,369,379
GENE-16549,NO,1,0,0,0,0,0,0
GENE-16550,NO,1,119,114,145,155,159,152
GENE-16551,NO,1,0,0,0,0,0,0
GENE-16552,NO,1,113,121,111,113,88,75
GENE-16553,NO,1,0,0,0,0,0,0
GENE-16554,YES,1,0,0,0,0,0,0
GENE-16555,NO,1,188,207,196,173,210,191
GENE-16556,NO,1,0,0,0,0,0,0
GENE-16557,NO,1,618,470,402,424,665,407
GENE-16558,NO,1,0,0,0,0,0,0
GENE-16559,NO,1,2474,2071,2236,2322,2630,2637
GENE-16560,NO,1,0,0,0,0,0,0
GENE-16561,NO,1,0,0,0,0,0,0
GENE-16562,NO,1,25,52,99,21,8,54
GENE-16563,NO,1,0,0,0,0,0,0
GENE-16564,NO,1,0,0,0,0,0,0
GENE-16565,NO,1,0,0,0,0,0,0
GENE-16566,NO,1,6,5,3,3,1,4
GENE-16568,NO,1,0,0,0,0,0,0
GENE-16569,NO,1,19,11,15,9,20,16
GENE-16570,NO,1,0,0,0,0,0,0
GENE-16571,NO,1,0,0,0,0,0,0
GENE-16572,NO,1,0,0,0,0,0,0
GENE-16573,NO,1,0,0,0,0,0,0
GENE-16574,NO,1,0,0,0,0,0,0
GENE-16575,NO,1,7,15,17,14,15,12
GENE-16576,NO,1,69,64,60,82,64,92
GENE-16577,NO,1,0,0,0,0,0,0
GENE-16578,NO,1,0,0,0,0,0,0
GENE-16579,NO,1,1,0,0,0,0,0
GENE-16581,NO,1,0,1,0,0,1,2
GENE-16582,NO,1,0,0,0,0,0,0
GENE-16583,NO,1,0,0,0,0,0,0
GENE-16584,NO,1,357,360,298,334,200,349
GENE-16585,NO,1,0,0,0,0,0,0
GENE-16586,NO,1,0,0,0,0,0,0
GENE-16587,NO,1,2087,2985,3014,2186,2065,3384
GENE-16588,NO,1,0,0,0,0,0,0
GENE-16589,NO,1,1,0,1,0,1,1
GENE-16590,NO,1,0,0,0,0,0,0
GENE-16591,NO,1,0,0,0,0,0,0
GENE-16592,NO,1,0,0,0,0,0,0
GENE-16593,NO,1,140,117,92,107,150,118
GENE-16594,NO,1,0,0,0,0,0,0
GENE-16595,NO,1,0,0,0,0,0,0
GENE-16596,NO,1,3,4,5,3,6,2
GENE-16597,NO,1,0,0,0,1,0,1
GENE-16598,NO,1,0,0,0,0,0,0
GENE-16599,NO,1,0,0,0,0,0,0
GENE-16600,NO,1,105,90,118,116,87,100
GENE-16601,NO,1,0,0,0,0,0,0
GENE-16602,NO,1,0,0,0,0,0,0
GENE-16603,NO,1,0,0,0,0,0,0
GENE-16604,NO,1,840,604,996,692,840,657
GENE-16605,NO,1,0,0,0,0,0,0
GENE-16606,NO,1,0,0,0,0,0,0
GENE-16607,NO,1,0,2,2,2,2,2
GENE-16608,NO,1,0,0,0,0,0,0
GENE-16609,NO,1,0,0,0,0,0,0
GENE-16610,NO,1,0,0,0,0,0,0
GENE-16611,NO,1,0,0,0,0,0,0
GENE-16612,NO,1,0,0,0,0,0,0
GENE-16613,NO,1,0,0,0,0,0,0
GENE-16614,NO,1,0,0,0,0,0,0
GENE-16615,NO,1,0,0,0,0,0,0
GENE-16616,YES,1,0,0,0,0,0,0
GENE-16617,NO,1,0,0,0,0,0,0
GENE-16618,NO,1,0,0,0,0,0,0
GENE-16619,NO,1,0,0,0,0,0,0
GENE-16620,NO,1,0,0,0,0,0,0
GENE-16621,NO,1,0,0,0,0,0,0
GENE-16622,NO,1,2,2,0,1,0,0
GENE-16623,NO,1,0,0,0,0,0,0
GENE-16624,YES,1,0,0,0,0,0,0
GENE-16625,NO,1,0,0,0,0,0,0
GENE-16626,NO,1,0,0,0,0,0,0
GENE-16627,NO,1,5,8,6,6,27,9
GENE-16628,YES,1,1,1,0,0,0,3
GENE-16629,NO,1,0,0,0,0,0,0
GENE-16630,NO,1,0,0,0,0,0,0
GENE-16631,NO,1,0,0,0,0,0,0
GENE-16632,NO,1,0,0,0,0,0,0
GENE-16633,NO,1,0,0,0,0,0,0
GENE-16634,NO,1,0,0,0,0,0,0
GENE-16635,NO,1,0,2,0,0,0,0
GENE-16636,NO,1,18,30,26,29,23,33
GENE-16637,NO,1,0,0,0,0,0,0
GENE-16638,NO,1,0,0,0,1,1,0
GENE-16639,NO,1,0,0,0,0,0,0
GENE-16640,NO,1,0,0,0,0,0,0
GENE-16641,NO,1,0,0,0,0,0,0
GENE-16642,NO,1,0,0,0,0,0,0
GENE-16643,NO,1,0,0,0,0,0,0
GENE-16644,NO,1,2,3,5,1,0,6
GENE-16645,NO,1,0,0,0,0,0,0
GENE-16646,NO,1,480,407,337,479,399,412
GENE-16647,NO,1,0,0,0,0,0,0
GENE-16648,NO,1,758,1116,921,492,396,933
GENE-16649,NO,1,547,267,268,227,295,511
GENE-16650,NO,1,34,27,36,43,38,26
GENE-16651,NO,1,0,0,0,0,0,0
GENE-16652,NO,1,0,0,0,0,0,0
GENE-16653,NO,1,0,0,0,0,0,0
GENE-16654,NO,1,0,0,0,0,0,0
GENE-16655,NO,1,0,0,0,0,0,0
GENE-16656,NO,1,812,816,811,775,808,887
GENE-16657,NO,1,0,0,0,0,0,0
GENE-16658,NO,1,3,9,8,5,4,5
GENE-16659,NO,1,0,0,0,0,0,0
GENE-16660,NO,1,1,2,1,0,1,1
GENE-16661,NO,1,0,0,0,0,0,0
GENE-16662,NO,1,0,0,0,0,0,0
GENE-16663,NO,1,517,665,1161,916,1568,867
GENE-16664,NO,1,0,0,0,0,0,0
GENE-16665,NO,1,0,3,2,0,0,1
GENE-16666,NO,1,0,0,0,0,0,0
GENE-16667,NO,1,0,0,0,0,0,0
GENE-16668,NO,1,12,11,9,15,6,5
GENE-16669,NO,1,0,0,0,0,0,0
GENE-16670,NO,1,0,0,0,0,0,0
GENE-16671,NO,1,0,0,0,0,0,0
GENE-16672,NO,1,0,0,0,0,0,0
GENE-16673,NO,1,0,0,0,0,0,0
GENE-16674,NO,1,0,0,0,0,0,0
GENE-16675,NO,1,0,0,0,0,0,0
GENE-16676,NO,1,0,0,0,0,0,0
GENE-16677,NO,1,0,0,0,0,0,0
GENE-16678,NO,1,0,0,0,0,0,0
GENE-16679,NO,1,0,0,0,0,0,0
GENE-16680,NO,1,1,2,6,3,2,7
GENE-16681,NO,1,0,0,0,0,0,0
GENE-16682,NO,1,262,15,15,256,24,70
GENE-16683,NO,1,0,0,0,0,0,0
GENE-16684,NO,1,533,488,592,819,770,586
GENE-16685,NO,1,0,0,0,0,0,0
GENE-16686,NO,1,119,119,123,123,111,126
GENE-16687,NO,1,1,6,3,2,2,2
GENE-16688,NO,1,0,0,0,0,0,0
GENE-16689,NO,1,899,841,1043,1281,969,1130
GENE-16690,NO,1,0,0,0,0,0,0
GENE-16691,NO,1,0,0,0,0,0,0
GENE-16692,NO,1,1845,1955,3533,2509,1694,2273
GENE-16693,NO,1,0,0,0,0,0,0
GENE-16694,NO,1,2893,3230,3129,3251,2173,3324
GENE-16695,NO,1,0,0,0,0,0,0
GENE-16696,NO,1,0,0,0,0,0,0
GENE-16697,NO,1,1217,1919,1696,1500,1744,1506
GENE-16698,NO,1,0,0,0,0,0,0
GENE-16699,NO,1,0,0,0,0,0,0
GENE-16700,NO,1,19,26,14,18,12,14
GENE-16701,NO,1,0,0,0,0,0,0
GENE-16702,YES,1,0,0,0,0,0,0
GENE-16703,YES,1,0,0,0,0,0,0
GENE-16704,NO,1,2,4,3,1,1,2
GENE-16705,NO,1,37,59,56,76,24,12
GENE-16706,NO,1,0,0,0,0,0,0
GENE-16707,NO,1,0,0,0,0,0,0
GENE-16708,NO,1,0,0,0,0,0,0
GENE-16709,NO,1,0,0,0,0,0,0
GENE-16710,NO,1,32,25,21,29,20,22
GENE-16711,NO,1,23,14,20,17,17,27
GENE-16713,NO,1,2,3,0,0,1,0
GENE-16714,YES,1,0,0,0,0,0,0
GENE-16715,NO,1,26,40,27,40,19,40
GENE-16716,NO,1,0,0,0,0,0,0
GENE-16717,NO,1,0,0,0,0,0,0
GENE-16718,NO,1,0,0,0,0,0,0
GENE-16719,NO,1,0,0,0,0,0,0
GENE-16720,NO,1,485,384,376,405,453,363
GENE-16721,NO,1,0,0,0,0,0,0
GENE-16723,NO,1,31,39,24,31,31,47
GENE-16724,NO,1,0,0,0,0,0,0
GENE-16725,NO,1,1297,1036,636,653,939,854
GENE-16726,NO,1,0,0,0,0,0,0
GENE-16727,NO,1,0,0,0,0,0,0
GENE-16728,NO,1,0,0,0,0,0,0
GENE-16729,NO,1,0,0,0,0,0,0
GENE-16730,NO,1,0,0,0,0,0,0
GENE-16731,NO,1,0,0,0,0,0,0
GENE-16732,NO,1,0,5,0,1,4,2
GENE-16733,NO,1,0,0,0,0,0,0
GENE-16734,NO,1,0,0,0,2,0,0
GENE-16735,NO,1,111,92,114,64,72,88
GENE-16736,NO,1,0,0,0,0,0,0
GENE-16737,NO,1,0,0,0,0,0,0
GENE-16738,NO,1,0,0,0,0,0,0
GENE-16739,NO,1,22,12,14,21,17,17
GENE-16740,NO,1,0,0,0,0,0,0
GENE-16741,NO,1,0,0,0,0,0,0
GENE-16742,NO,1,24,16,15,19,17,23
GENE-16743,NO,1,0,0,0,0,0,0
GENE-16744,NO,1,0,0,0,0,0,0
GENE-16745,NO,1,0,0,0,0,0,0
GENE-16746,NO,1,0,0,0,0,0,0
GENE-16747,NO,1,0,0,0,0,0,0
GENE-16748,NO,1,0,0,0,0,0,0
GENE-16749,NO,1,0,0,0,0,0,0
GENE-16750,NO,1,422,508,509,543,531,470
GENE-16751,NO,1,0,0,0,0,0,0
GENE-16752,YES,1,0,0,0,0,0,0
GENE-16753,NO,1,32,30,42,35,30,26
GENE-16754,NO,1,0,0,0,0,0,0
GENE-16755,NO,1,0,0,0,0,0,0
GENE-16756,NO,1,0,0,0,0,0,0
GENE-16757,NO,1,0,0,0,0,0,0
GENE-16758,NO,1,0,0,0,0,0,0
GENE-16759,NO,1,0,0,0,0,0,0
GENE-16760,NO,1,0,0,0,0,0,0
GENE-16761,YES,1,0,0,0,0,0,0
GENE-16762,NO,1,0,0,0,0,0,0
GENE-16763,NO,1,0,0,0,0,0,0
GENE-16764,NO,1,6,7,7,7,7,11
GENE-16765,NO,1,128,158,130,320,149,224
GENE-16766,NO,1,0,0,0,0,0,0
GENE-16767,NO,1,11,12,7,13,9,8
GENE-16768,NO,1,0,0,0,0,0,0
GENE-16769,NO,1,0,0,0,0,0,0
GENE-16770,NO,1,0,0,0,0,0,0
GENE-16771,YES,1,0,0,0,0,0,0
GENE-16772,NO,1,65,54,49,41,71,49
GENE-16773,NO,1,0,0,0,0,0,0
GENE-16774,NO,1,0,0,0,0,0,0
GENE-16775,NO,1,0,0,0,0,0,0
GENE-16776,NO,1,0,0,0,0,0,0
GENE-16777,NO,1,0,0,0,0,0,0
GENE-16778,NO,1,0,0,0,0,0,0
GENE-16779,NO,1,0,0,0,0,0,0
GENE-16780,NO,1,0,0,0,0,0,0
GENE-16781,NO,1,14,28,18,18,22,21
GENE-16782,NO,1,0,0,0,1,0,0
GENE-16783,NO,1,28,30,19,37,18,31
GENE-16784,NO,1,0,0,0,0,0,0
GENE-16785,NO,1,0,0,0,0,0,0
GENE-16786,NO,1,0,0,0,0,0,0
GENE-16787,NO,1,0,0,0,0,0,0
GENE-16788,NO,1,1,0,0,0,0,0
GENE-16789,NO,1,0,1,0,1,0,0
GENE-16790,NO,1,0,0,0,0,0,0
GENE-16791,NO,1,4,2,2,2,3,0
GENE-16792,NO,1,361,325,348,260,399,343
GENE-16793,NO,1,0,0,0,0,0,0
GENE-16794,NO,1,0,0,0,0,0,0
GENE-16795,NO,1,112,96,126,196,170,140
GENE-16796,NO,1,0,0,0,0,0,0
GENE-16797,NO,1,3,4,4,4,3,5
GENE-16798,NO,1,0,4,3,1,3,1
GENE-16800,NO,1,6,17,8,6,12,11
GENE-16801,NO,1,7503,8511,6382,6016,7209,5881
GENE-16802,NO,1,0,0,0,0,0,0
GENE-16803,NO,1,0,0,0,0,0,0
GENE-16804,NO,1,0,0,0,0,0,0
GENE-16805,NO,1,639,753,797,694,921,684
GENE-16806,NO,1,0,0,0,0,0,0
GENE-16807,NO,1,0,0,0,0,0,0
GENE-16808,NO,1,0,0,0,0,0,0
GENE-16809,NO,1,27,34,16,36,24,36
GENE-16810,NO,1,22,29,18,14,21,26
GENE-16811,NO,1,0,0,0,0,0,0
GENE-16812,NO,1,143,106,121,112,124,130
GENE-16813,NO,1,0,0,0,0,0,0
GENE-16814,NO,1,0,0,0,0,0,0
GENE-16815,NO,1,1640,1944,1801,1755,1869,1847
GENE-16816,NO,1,120,128,102,90,117,135
GENE-16817,NO,1,0,0,0,0,0,0
GENE-16818,NO,1,9,6,4,3,6,7
GENE-16819,NO,1,0,0,0,0,0,0
GENE-16820,NO,1,0,0,0,0,0,0
GENE-16821,NO,1,25,23,24,13,39,22
GENE-16822,NO,1,0,0,0,0,0,0
GENE-16823,NO,1,0,0,0,0,0,0
GENE-16824,NO,1,0,0,3,1,1,0
GENE-16825,NO,1,247,294,296,346,324,346
GENE-16826,NO,1,105,77,99,115,73,100
GENE-16828,NO,1,0,1,0,0,0,0
GENE-16829,NO,1,0,0,0,0,0,0
GENE-16830,NO,1,95,100,95,92,90,77
GENE-16831,NO,1,8,9,10,14,7,7
GENE-16832,NO,1,0,0,0,0,0,0
GENE-16833,NO,1,0,0,0,0,0,0
GENE-16834,NO,1,0,0,0,0,0,0
GENE-16835,NO,1,0,0,0,0,0,0
GENE-16836,NO,1,0,0,0,0,0,0
GENE-16837,NO,1,943,910,1001,944,852,951
GENE-16838,NO,1,3841,3790,4058,4021,4588,4313
GENE-16839,NO,1,29,30,28,27,23,23
GENE-16840,NO,1,0,0,0,0,0,0
GENE-16841,NO,1,0,0,0,0,0,0
GENE-16842,NO,1,41,34,41,36,33,50
GENE-16843,NO,1,0,0,0,0,0,0
GENE-16844,NO,1,1366,1012,1268,2157,760,1444
GENE-16845,NO,1,376,396,401,303,282,237
GENE-16846,NO,1,5,5,3,6,3,5
GENE-16847,NO,1,30,23,27,38,23,13
GENE-16848,NO,1,0,0,0,0,0,0
GENE-16849,NO,1,0,0,0,0,0,0
GENE-16850,NO,1,67,57,66,47,66,85
GENE-16851,NO,1,0,0,0,0,0,0
GENE-16852,NO,1,420,262,264,310,309,311
GENE-16853,NO,1,0,0,0,0,0,0
GENE-16854,NO,1,0,0,0,0,0,0
GENE-16855,NO,1,0,0,0,0,0,0
GENE-16856,NO,1,178,288,208,354,245,370
GENE-16857,NO,1,0,0,0,0,0,0
GENE-16858,NO,1,0,0,0,0,0,0
GENE-16859,NO,1,0,0,0,0,0,0
GENE-16860,NO,1,0,0,0,0,0,0
GENE-16861,NO,1,0,0,0,0,0,0
GENE-16862,NO,1,0,0,0,0,0,0
GENE-16863,NO,1,0,0,0,0,0,0
GENE-16864,NO,1,0,0,0,0,0,0
GENE-16865,NO,1,0,1,0,1,0,0
GENE-16866,NO,1,0,0,0,0,0,0
GENE-16867,NO,1,72,60,53,62,71,83
GENE-16868,NO,1,24,10,10,10,12,13
GENE-16869,NO,1,0,0,0,0,0,0
GENE-16870,NO,1,0,0,0,0,0,0
GENE-16871,NO,1,0,0,0,0,0,0
GENE-16872,NO,1,0,0,0,0,0,0
GENE-16873,NO,1,5,3,4,8,5,3
GENE-16874,NO,1,0,0,0,0,0,0
GENE-16875,NO,1,0,0,0,0,0,0
GENE-16877,NO,1,0,0,0,0,0,0
GENE-16878,NO,1,41,56,43,22,59,30
GENE-16879,NO,1,0,0,0,0,0,0
GENE-16880,YES,1,0,0,0,0,0,0
GENE-16881,NO,1,0,0,0,0,0,0
GENE-16882,NO,1,0,0,0,0,0,0
GENE-16883,NO,1,20,17,21,33,19,19
GENE-16884,NO,1,0,0,0,0,0,0
GENE-16885,NO,1,0,0,0,0,0,0
GENE-16886,NO,1,175,349,251,230,195,212
GENE-16887,NO,1,22,57,38,32,53,42
GENE-16888,NO,1,0,0,0,0,0,0
GENE-16889,NO,1,0,0,0,0,0,0
GENE-16890,NO,1,0,0,0,0,0,0
GENE-16891,NO,1,8,9,16,32,17,8
GENE-16892,NO,1,0,0,0,0,0,0
GENE-16893,NO,1,0,0,0,0,0,0
GENE-16894,NO,1,0,0,0,0,0,0
GENE-16895,YES,1,0,0,0,0,0,0
GENE-16896,NO,1,4,9,8,2,5,6
GENE-16897,NO,1,0,0,0,0,0,0
GENE-16898,NO,1,1,2,0,3,1,2
GENE-16899,NO,1,283,255,176,242,262,226
GENE-16900,NO,1,2,4,4,1,2,2
GENE-16901,NO,1,0,0,0,0,0,0
GENE-16902,NO,1,38,59,49,43,33,35
GENE-16903,NO,1,2593,1717,2604,2269,2203,2564
GENE-16904,NO,1,0,0,0,0,0,0
GENE-16905,NO,1,25528,26348,25629,25167,25866,26307
GENE-16906,NO,1,55,55,71,55,45,66
GENE-16907,NO,1,2383,2109,1899,2638,2635,2784
GENE-16908,NO,1,0,0,0,0,0,0
GENE-16909,NO,1,0,0,0,0,0,0
GENE-16910,NO,1,0,0,0,0,0,0
GENE-16911,NO,1,0,0,0,0,0,0
GENE-16912,NO,1,0,0,0,0,0,0
GENE-16913,NO,1,0,0,0,0,0,0
GENE-16914,NO,1,1456,1407,1534,1325,1249,1039
GENE-16915,NO,1,0,0,0,0,0,0
GENE-16916,NO,1,0,0,0,0,0,0
GENE-16917,NO,1,0,0,0,0,0,0
GENE-16918,NO,1,0,0,0,0,0,0
GENE-16919,NO,1,0,0,0,0,0,0
GENE-16920,NO,1,0,0,0,0,0,0
GENE-16921,NO,1,0,1,0,0,0,1
GENE-16922,NO,1,0,0,0,0,0,0
GENE-16923,NO,1,0,0,0,0,0,0
GENE-16924,NO,1,5,6,6,2,3,1
GENE-16925,NO,1,0,0,0,0,0,0
GENE-16926,NO,1,11,14,23,12,12,15
GENE-16927,NO,1,0,0,0,0,0,0
GENE-16928,NO,1,0,0,0,0,0,0
GENE-16929,NO,1,0,0,0,0,0,0
GENE-16930,NO,1,167,218,181,205,196,227
GENE-16931,NO,1,0,0,0,0,0,0
GENE-16932,NO,1,0,0,0,0,0,0
GENE-16933,NO,1,0,0,0,0,0,0
GENE-16934,NO,1,0,0,0,0,0,0
GENE-16935,NO,1,14,12,13,23,19,18
GENE-16936,NO,1,0,0,0,0,0,0
GENE-16937,NO,1,11,17,14,8,5,7
GENE-16938,NO,1,0,0,0,0,0,0
GENE-16939,NO,1,0,0,0,0,0,0
GENE-16940,NO,1,0,0,0,0,0,0
GENE-16941,NO,1,0,0,0,0,0,0
GENE-16942,NO,1,2,1,2,1,2,1
GENE-16943,NO,1,5,1,5,8,9,10
GENE-16944,NO,1,1,2,1,1,4,1
GENE-16945,NO,1,0,0,0,0,0,0
GENE-16946,NO,1,161,158,213,175,171,140
GENE-16947,NO,1,1,4,3,7,5,3
GENE-16948,NO,1,0,0,0,0,0,0
GENE-16949,NO,1,111,85,115,164,79,93
GENE-16950,NO,1,0,0,0,0,0,0
GENE-16951,NO,1,0,0,0,0,0,0
GENE-16952,NO,1,82,67,41,70,78,60
GENE-16953,NO,1,0,0,0,0,0,0
GENE-16954,NO,1,29,32,32,39,48,42
GENE-16955,NO,1,0,0,0,0,0,0
GENE-16956,NO,1,0,0,0,0,0,0
GENE-16957,NO,1,0,0,0,0,0,0
GENE-16958,NO,1,0,0,0,0,0,0
GENE-16959,NO,1,0,0,0,0,0,0
GENE-16960,YES,1,0,0,0,0,0,0
GENE-16961,NO,1,0,0,0,0,0,0
GENE-16962,NO,1,0,0,0,0,0,0
GENE-16963,NO,1,0,0,0,0,0,0
GENE-16964,NO,1,0,0,0,0,0,0
GENE-16965,NO,1,36,63,104,93,83,33
GENE-16966,NO,1,4,3,4,2,2,3
GENE-16967,NO,1,0,0,0,0,0,0
GENE-16968,YES,1,0,0,0,0,0,0
GENE-16969,NO,1,0,0,0,0,0,0
GENE-16970,NO,1,69,109,80,87,60,65
GENE-16971,NO,1,0,0,0,0,0,0
GENE-16972,NO,1,0,0,0,0,0,0
GENE-16973,NO,1,0,0,0,0,0,0
GENE-16974,NO,1,0,0,0,0,0,0
GENE-16975,NO,1,279,253,193,194,223,243
GENE-16976,NO,1,0,0,0,0,0,0
GENE-16977,NO,1,0,0,0,0,0,0
GENE-16978,NO,1,332,341,331,347,341,377
GENE-16979,NO,1,405,572,578,479,512,565
GENE-16980,NO,1,0,0,0,0,0,0
GENE-16981,NO,1,0,0,0,0,0,0
GENE-16982,NO,1,0,0,0,0,0,0
GENE-16983,NO,1,0,0,0,0,0,0
GENE-16984,NO,1,2,1,6,2,4,2
GENE-16985,NO,1,458,393,558,551,656,634
GENE-16986,NO,1,0,0,0,0,0,0
GENE-16987,NO,1,0,0,0,0,0,0
GENE-16988,NO,1,19,24,23,14,23,19
GENE-16989,NO,1,0,0,0,0,0,0
GENE-16990,NO,1,0,0,0,0,0,0
GENE-16991,NO,1,17,23,30,31,34,17
GENE-16992,NO,1,0,0,0,0,0,0
GENE-16993,NO,1,0,0,0,0,0,0
GENE-16994,NO,1,0,0,0,0,0,0
GENE-16995,NO,1,0,0,0,0,0,0
GENE-16996,NO,1,0,0,0,0,0,0
GENE-16998,NO,1,0,0,0,0,0,0
GENE-16999,NO,1,0,0,0,0,0,0
GENE-17000,NO,1,14,12,17,16,12,10
GENE-17001,NO,1,0,0,0,0,0,0
GENE-17002,NO,1,0,0,0,0,0,0
GENE-17003,NO,1,21,21,24,22,22,19
GENE-17004,NO,1,8,9,8,5,11,6
GENE-17005,NO,1,0,0,0,0,0,0
GENE-17007,NO,1,0,0,0,0,0,0
GENE-17009,NO,1,0,1,0,0,0,0
GENE-17010,NO,1,0,0,0,0,0,0
GENE-17011,NO,1,0,0,0,0,0,0
GENE-17012,NO,1,0,0,0,0,0,0
GENE-17013,NO,1,1,0,0,0,0,0
GENE-17014,NO,1,1,3,2,4,2,2
GENE-17015,YES,1,0,0,0,0,0,0
GENE-17016,NO,1,0,0,0,0,0,0
GENE-17017,NO,1,0,0,0,0,0,0
GENE-17018,NO,1,0,0,0,0,0,0
GENE-17020,NO,1,0,0,0,0,0,0
GENE-17021,NO,1,0,0,0,0,0,0
GENE-17022,NO,1,17,9,13,16,11,12
GENE-17023,NO,1,0,0,0,0,0,0
GENE-17024,NO,1,99,163,100,140,169,188
GENE-17025,NO,1,0,0,0,0,0,0
GENE-17026,NO,1,0,0,0,0,0,0
GENE-17027,NO,1,252,315,248,326,233,333
GENE-17028,NO,1,768,636,582,798,950,537
GENE-17029,NO,1,0,0,0,0,0,0
GENE-17030,NO,1,0,0,0,0,0,0
GENE-17031,NO,1,0,0,0,0,0,0
GENE-17032,NO,1,0,0,0,0,0,0
GENE-17033,NO,1,0,0,0,0,0,0
GENE-17034,NO,1,1,0,0,0,0,1
GENE-17035,NO,1,46,354,376,50,369,38
GENE-17036,NO,1,0,0,0,0,0,0
GENE-17037,NO,1,0,0,0,0,0,0
GENE-17038,NO,1,0,0,0,0,0,0
GENE-17039,NO,1,0,0,0,0,0,0
GENE-17040,NO,1,10,18,19,13,17,19
GENE-17041,NO,1,247,251,187,210,262,237
GENE-17042,NO,1,1,0,0,1,0,0
GENE-17043,NO,1,17,13,10,11,30,23
GENE-17044,NO,1,0,0,0,0,0,0
GENE-17045,NO,1,0,0,0,0,0,0
GENE-17046,NO,1,320,272,279,282,206,292
GENE-17047,NO,1,0,0,0,0,0,0
GENE-17048,NO,1,0,0,0,0,0,0
GENE-17049,NO,1,1,1,4,1,0,2
GENE-17050,NO,1,0,0,0,0,0,0
GENE-17051,NO,1,0,0,0,0,0,0
GENE-17052,NO,1,1,11,7,7,9,5
GENE-17053,NO,1,153,156,182,151,161,212
GENE-17055,NO,1,2,2,1,3,0,1
GENE-17056,NO,1,323,706,287,351,305,429
GENE-17057,NO,1,69,64,71,36,98,47
GENE-17058,NO,1,0,0,0,0,0,0
GENE-17059,NO,1,0,0,0,0,0,0
GENE-17060,NO,1,79,74,108,119,90,108
GENE-17061,NO,1,2584,2145,2131,1597,1923,1732
GENE-17062,NO,1,0,0,0,0,0,0
GENE-17063,NO,1,3222,2942,2431,2474,2614,2294
GENE-17064,NO,1,2,1,3,4,2,1
GENE-17065,NO,1,0,1,0,1,1,2
GENE-17066,NO,1,1,4,1,1,2,0
GENE-17067,NO,1,1074,1269,1077,1038,1299,1226
GENE-17068,NO,1,0,0,0,0,0,0
GENE-17069,NO,1,0,0,0,0,0,0
GENE-17070,NO,1,0,0,0,1,0,0
GENE-17071,NO,1,0,0,0,0,0,0
GENE-17072,NO,1,0,0,0,0,0,0
GENE-17073,NO,1,40,41,39,53,36,54
GENE-17074,NO,1,10,16,16,13,15,14
GENE-17075,NO,1,134,143,191,202,186,199
GENE-17076,NO,1,0,0,0,0,0,0
GENE-17077,NO,1,0,1,0,1,0,0
GENE-17078,NO,1,6,6,3,4,3,4
GENE-17079,NO,1,0,0,0,0,0,0
GENE-17080,NO,1,0,0,0,0,0,0
GENE-17081,NO,1,0,0,0,0,0,0
GENE-17082,NO,1,0,0,0,0,0,0
GENE-17083,NO,1,504,432,423,636,525,587
GENE-17084,NO,1,0,0,0,0,0,0
GENE-17085,NO,1,0,0,0,0,0,0
GENE-17086,YES,1,0,0,0,0,0,0
GENE-17087,NO,1,1568,1678,1718,2141,1378,2532
GENE-17088,NO,1,0,0,0,0,0,0
GENE-17089,NO,1,0,0,0,0,0,0
GENE-17090,NO,1,0,0,0,0,0,0
GENE-17091,YES,1,0,0,0,0,0,0
GENE-17092,NO,1,0,0,0,0,0,0
GENE-17093,NO,1,0,0,0,0,0,0
GENE-17094,NO,1,0,0,0,0,0,0
GENE-17095,NO,1,0,0,1,0,0,0
GENE-17096,NO,1,0,0,0,0,0,0
GENE-17097,NO,1,3,3,5,3,6,6
GENE-17098,NO,1,0,0,0,0,0,0
GENE-17099,NO,1,0,0,0,0,0,0
GENE-17100,NO,1,0,0,0,0,0,0
GENE-17101,NO,1,1,0,0,2,1,1
GENE-17103,NO,1,12,17,18,15,23,14
GENE-17104,NO,1,0,0,0,0,0,0
GENE-17105,NO,1,0,0,0,0,0,0
GENE-17106,NO,1,310,303,230,333,363,345
GENE-17107,NO,1,1,3,1,3,1,3
GENE-17108,NO,1,0,2,2,1,1,1
GENE-17109,NO,1,0,0,0,0,0,0
GENE-17110,NO,1,0,0,0,0,0,0
GENE-17111,YES,1,0,0,0,0,0,0
GENE-17112,NO,1,0,0,0,0,0,0
GENE-17113,NO,1,0,0,0,0,0,0
GENE-17114,NO,1,0,0,0,0,0,0
GENE-17115,NO,1,204,478,140,516,542,530
GENE-17116,NO,1,1,2,2,2,3,2
GENE-17117,NO,1,1008,766,944,771,1073,941
GENE-17118,NO,1,0,0,0,0,0,0
GENE-17119,NO,1,720,1022,839,829,918,871
GENE-17120,NO,1,0,0,0,0,0,0
GENE-17121,NO,1,0,0,0,0,0,0
GENE-17122,NO,1,0,0,0,0,0,0
GENE-17123,NO,1,134,115,161,130,99,153
GENE-17124,YES,1,0,0,0,0,0,0
GENE-17125,NO,1,71,86,70,69,93,75
GENE-17126,NO,1,0,0,0,0,0,0
GENE-17127,NO,1,3354,3959,4554,1131,1878,1161
GENE-17128,NO,1,0,0,0,0,0,0
GENE-17129,NO,1,0,0,0,0,0,0
GENE-17130,NO,1,0,0,0,0,0,0
GENE-17131,NO,1,594,603,655,509,848,560
GENE-17133,NO,1,0,0,0,0,0,0
GENE-17134,NO,1,0,0,0,0,0,0
GENE-17135,NO,1,0,2,0,2,1,1
GENE-17136,NO,1,0,0,0,0,0,0
GENE-17137,NO,1,0,0,0,0,0,0
GENE-17138,YES,1,0,0,0,0,0,0
GENE-17139,NO,1,0,0,0,0,0,0
GENE-17140,NO,1,0,0,0,0,0,0
GENE-17141,NO,1,0,0,0,0,0,0
GENE-17142,NO,1,14,8,5,9,8,10
GENE-17143,NO,1,2,1,1,0,7,5
GENE-17144,NO,1,0,1,1,0,1,3
GENE-17145,NO,1,0,0,0,0,0,0
GENE-17146,NO,1,0,0,0,0,0,0
GENE-17147,NO,1,14,15,16,20,2,11
GENE-17148,NO,1,0,0,0,0,0,0
GENE-17149,NO,1,0,0,0,0,0,0
GENE-17150,NO,1,0,0,0,0,0,0
GENE-17151,NO,1,1,1,1,2,1,1
GENE-17152,NO,1,0,0,0,0,0,0
GENE-17153,NO,1,0,0,0,0,0,0
GENE-17154,NO,1,58,182,180,129,111,85
GENE-17155,NO,1,0,0,0,0,0,0
GENE-17156,NO,1,0,0,0,0,0,0
GENE-17157,NO,1,0,0,0,0,0,0
GENE-17158,NO,1,0,0,0,0,0,0
GENE-17159,NO,1,0,0,0,0,0,0
GENE-17160,NO,1,0,7,8,4,6,4
GENE-17161,NO,1,24,39,25,31,29,23
GENE-17162,NO,1,0,0,0,0,0,0
GENE-17163,NO,1,0,0,0,0,0,0
GENE-17164,NO,1,0,0,0,0,0,0
GENE-17165,NO,1,0,0,0,0,0,0
GENE-17166,NO,1,0,0,0,0,0,0
GENE-17167,NO,1,0,0,0,0,0,0
GENE-17168,NO,1,0,0,0,0,0,0
GENE-17169,NO,1,0,0,0,0,0,0
GENE-17170,NO,1,0,0,0,0,0,0
GENE-17171,NO,1,2,3,1,2,5,4
GENE-17172,NO,1,0,0,1,6,0,1
GENE-17173,NO,1,0,0,0,0,0,0
GENE-17174,NO,1,0,0,0,0,0,0
GENE-17175,NO,1,0,0,0,0,0,0
GENE-17176,NO,1,0,0,0,0,0,0
GENE-17177,NO,1,700,781,737,790,658,638
GENE-17179,NO,1,0,0,0,0,0,0
GENE-17180,NO,1,0,0,0,0,0,0
GENE-17181,NO,1,0,0,0,0,0,0
GENE-17182,NO,1,0,0,0,0,0,0
GENE-17183,NO,1,72,64,70,69,86,78
GENE-17184,NO,1,70,81,87,79,107,60
GENE-17185,NO,1,1,1,1,0,0,0
GENE-17186,NO,1,0,0,0,0,0,0
GENE-17187,NO,1,67,49,46,61,64,65
GENE-17188,NO,1,0,0,0,0,0,0
GENE-17189,NO,1,0,0,0,0,0,0
GENE-17190,NO,1,0,0,0,0,0,0
GENE-17191,NO,1,0,0,0,0,0,0
GENE-17192,NO,1,0,0,0,0,0,0
GENE-17193,NO,1,3,6,6,3,3,6
GENE-17194,NO,1,0,0,0,0,0,0
GENE-17195,YES,1,2,3,2,6,5,13
GENE-17196,NO,1,1,3,0,0,1,0
GENE-17197,NO,1,3,3,3,2,2,1
GENE-17198,NO,1,17,20,12,26,18,33
GENE-17199,NO,1,0,0,0,0,0,0
GENE-17200,NO,1,65,64,46,31,49,38
GENE-17201,NO,1,0,0,0,0,0,0
GENE-17202,NO,1,0,0,0,0,0,0
GENE-17203,NO,1,0,0,0,0,0,0
GENE-17204,NO,1,0,0,0,0,0,0
GENE-17205,NO,1,0,0,0,0,0,0
GENE-17206,NO,1,0,0,0,0,0,0
GENE-17207,NO,1,67,61,65,52,56,69
GENE-17208,NO,1,64,55,40,34,70,53
GENE-17209,NO,1,0,0,0,0,0,0
GENE-17210,NO,1,0,0,0,0,0,0
GENE-17211,NO,1,0,0,0,0,0,0
GENE-17212,NO,1,8,6,7,0,5,21
GENE-17213,NO,1,13,11,24,20,30,14
GENE-17214,NO,1,0,0,0,0,0,0
GENE-17215,NO,1,6,14,8,11,16,14
GENE-17216,NO,1,42,86,59,71,42,78
GENE-17217,NO,1,0,1,1,1,0,0
GENE-17218,NO,1,0,0,0,0,0,0
GENE-17219,NO,1,0,0,1,0,0,0
GENE-17220,NO,1,0,0,0,0,0,0
GENE-17221,NO,1,0,0,0,0,0,0
GENE-17222,NO,1,0,0,0,0,0,0
GENE-17223,NO,1,2,1,0,1,0,0
GENE-17224,NO,1,27,23,35,23,30,30
GENE-17225,NO,1,0,0,0,0,0,0
GENE-17226,NO,1,0,0,0,0,0,0
GENE-17227,NO,1,0,0,0,0,0,0
GENE-17228,NO,1,0,0,0,0,0,0
GENE-17229,NO,1,0,0,0,0,0,0
GENE-17230,NO,1,73,75,63,77,87,68
GENE-17231,NO,1,0,2,1,2,0,0
GENE-17232,NO,1,0,0,0,0,0,0
GENE-17233,NO,1,0,0,0,0,0,0
GENE-17234,NO,1,0,0,0,0,0,0
GENE-17235,NO,1,589,337,666,139,530,324
GENE-17236,NO,1,0,0,1,1,1,1
GENE-17237,YES,1,0,0,0,0,0,0
GENE-17238,NO,1,0,0,0,0,0,0
GENE-17239,NO,1,0,0,0,0,0,0
GENE-17240,NO,1,0,0,0,0,0,0
GENE-17241,NO,1,0,0,0,0,0,0
GENE-17242,NO,1,0,0,0,0,0,0
GENE-17243,NO,1,0,0,0,0,0,0
GENE-17244,NO,1,0,0,0,0,0,0
GENE-17245,NO,1,0,0,0,0,0,0
GENE-17246,NO,1,1645,1639,1466,1605,1659,1355
GENE-17247,NO,1,0,0,0,0,0,0
GENE-17248,NO,1,0,0,0,0,0,0
GENE-17249,NO,1,0,0,0,0,0,0
GENE-17250,NO,1,0,0,0,0,0,0
GENE-17251,NO,1,0,0,0,0,0,0
GENE-17252,NO,1,0,0,0,0,0,0
GENE-17253,NO,1,0,0,0,0,0,0
GENE-17254,NO,1,485,526,683,589,751,783
GENE-17255,NO,1,0,0,0,0,0,0
GENE-17256,NO,1,53,7,38,30,85,14
GENE-17257,NO,1,44,31,28,30,30,29
GENE-17258,NO,1,0,0,0,0,0,0
GENE-17259,NO,1,0,0,0,0,0,0
GENE-17260,NO,1,0,0,0,0,0,0
GENE-17261,NO,1,0,0,0,0,0,0
GENE-17262,NO,1,0,0,0,0,0,0
GENE-17263,NO,1,2,3,30,0,1504,416
GENE-17264,NO,1,0,0,0,0,0,0
GENE-17265,NO,1,973,919,811,860,878,827
GENE-17266,NO,1,0,0,0,0,0,0
GENE-17267,NO,1,48,53,44,34,49,42
GENE-17268,NO,1,0,0,0,0,0,0
GENE-17269,NO,1,0,0,0,0,0,0
GENE-17270,NO,1,1035,1291,2109,1452,1297,1937
GENE-17271,NO,1,19,66,66,44,43,39
GENE-17272,NO,1,59,61,63,65,59,65
GENE-17273,NO,1,0,0,0,0,0,0
GENE-17274,NO,1,115,104,110,96,94,115
GENE-17275,NO,1,2172,2227,2309,2555,1851,1733
GENE-17276,NO,1,1351,1105,4773,4768,1233,3406
GENE-17277,NO,1,0,0,0,0,0,0
GENE-17278,NO,1,0,0,0,0,0,0
GENE-17279,NO,1,1111,1536,1158,1843,1461,1632
GENE-17280,NO,1,83,79,101,93,94,103
GENE-17281,NO,1,0,0,0,0,0,0
GENE-17282,NO,1,32,33,45,38,48,47
GENE-17283,NO,1,0,0,0,0,0,0
GENE-17284,NO,1,148,124,110,125,89,98
GENE-17285,NO,1,0,0,0,0,0,0
GENE-17286,NO,1,0,0,0,0,0,0
GENE-17287,NO,1,0,0,0,0,0,0
GENE-17288,NO,1,0,0,0,0,0,0
GENE-17289,NO,1,0,7,4,0,2,0
GENE-17290,NO,1,27,17,20,23,23,21
GENE-17291,NO,1,29,20,35,23,28,28
GENE-17292,NO,1,481,452,524,448,474,489
GENE-17293,NO,1,9,11,14,7,3,10
GENE-17294,NO,1,0,0,0,0,0,0
GENE-17295,NO,1,0,0,0,0,0,0
GENE-17296,NO,1,0,0,0,0,0,0
GENE-17297,NO,1,0,0,0,0,0,0
GENE-17298,NO,1,0,2,1,1,0,1
GENE-17299,NO,1,0,0,0,0,0,0
GENE-17300,NO,1,0,0,0,0,0,0
GENE-17301,NO,1,0,0,0,0,0,0
GENE-17302,NO,1,296,312,316,279,250,296
GENE-17303,NO,1,0,0,0,0,0,0
GENE-17304,NO,1,0,0,0,0,0,0
GENE-17305,NO,1,0,0,0,0,2,1
GENE-17306,NO,1,0,0,0,0,0,0
GENE-17307,NO,1,0,0,0,0,0,0
GENE-17308,NO,1,0,0,0,0,0,0
GENE-17309,YES,1,0,0,0,0,0,0
GENE-17310,NO,1,0,0,0,0,0,0
GENE-17311,NO,1,0,0,0,0,0,0
GENE-17312,NO,1,0,0,0,0,0,0
GENE-17313,NO,1,0,1,1,3,2,1
GENE-17314,YES,1,0,0,0,0,0,0
GENE-17315,NO,1,0,0,0,0,0,0
GENE-17316,NO,1,0,0,0,0,0,0
GENE-17317,NO,1,0,0,0,0,0,0
GENE-17318,NO,1,4043,19553,1291,1215,1945,788
GENE-17319,NO,1,0,0,0,0,0,0
GENE-17320,NO,1,0,0,0,0,0,0
GENE-17321,NO,1,58,66,50,54,55,53
GENE-17322,NO,1,5,0,0,3,2,1
GENE-17323,NO,1,0,0,0,0,0,0
GENE-17324,NO,1,0,0,0,0,0,0
GENE-17325,NO,1,0,0,0,0,0,0
GENE-17326,NO,1,239,223,270,230,233,263
GENE-17327,NO,1,0,0,0,0,0,0
GENE-17328,NO,1,14,22,14,17,25,15
GENE-17330,NO,1,0,0,0,0,0,0
GENE-17331,NO,1,11,21,22,9,20,26
GENE-17332,NO,1,9,12,11,16,13,12
GENE-17333,NO,1,353,425,384,228,260,362
GENE-17334,NO,1,0,1,0,2,1,3
GENE-17335,NO,1,598,647,816,717,626,884
GENE-17336,NO,1,0,0,0,0,0,0
GENE-17337,NO,1,0,0,0,0,0,0
GENE-17338,NO,1,0,0,0,0,0,0
GENE-17339,NO,1,0,0,0,0,0,0
GENE-17340,NO,1,0,0,0,0,0,0
GENE-17341,NO,1,0,0,0,0,0,0
GENE-17342,YES,1,0,0,0,0,0,0
GENE-17343,NO,1,0,0,0,0,0,0
GENE-17344,NO,1,4,5,10,1,7,5
GENE-17345,NO,1,3,2,5,1,5,7
GENE-17346,NO,1,0,0,0,0,0,0
GENE-17347,NO,1,0,0,0,0,0,0
GENE-17348,NO,1,17,13,11,15,24,16
GENE-17349,NO,1,0,0,0,0,0,0
GENE-17350,NO,1,0,0,0,0,0,0
GENE-17351,NO,1,0,0,1,0,1,1
GENE-17352,NO,1,0,0,0,0,0,0
GENE-17353,NO,1,0,0,0,0,0,0
GENE-17354,NO,1,1442,2025,1744,1837,1765,1483
GENE-17355,NO,1,0,0,0,0,0,0
GENE-17356,NO,1,0,0,0,0,0,0
GENE-17357,NO,1,0,0,0,0,0,0
GENE-17358,NO,1,0,1,0,0,0,1
GENE-17359,NO,1,0,0,0,0,0,0
GENE-17360,NO,1,0,0,0,0,0,0
GENE-17361,NO,1,2046,3740,3190,2882,2598,2681
GENE-17362,NO,1,0,0,0,0,0,0
GENE-17363,NO,1,1,3,0,5,4,3
GENE-17364,NO,1,0,0,0,0,0,0
GENE-17365,NO,1,0,0,0,0,0,0
GENE-17366,NO,1,0,0,0,0,0,0
GENE-17367,NO,1,0,0,0,0,0,0
GENE-17368,NO,1,638,616,475,663,522,593
GENE-17369,NO,1,0,0,0,0,0,0
GENE-17370,NO,1,0,0,0,0,0,0
GENE-17371,NO,1,0,0,0,0,0,0
GENE-17372,YES,1,0,0,0,0,0,0
GENE-17373,NO,1,0,0,0,0,0,0
GENE-17374,NO,1,0,0,0,0,0,0
GENE-17375,NO,1,63,51,52,58,67,44
GENE-17376,NO,1,0,0,0,0,0,0
GENE-17377,NO,1,0,0,0,1,0,0
GENE-17378,NO,1,0,0,0,0,0,0
GENE-17379,NO,1,2423,1575,2504,2254,2317,2291
GENE-17380,NO,1,0,0,0,0,0,0
GENE-17381,NO,1,2,0,0,0,1,2
GENE-17382,NO,1,0,0,0,0,0,0
GENE-17383,NO,1,0,0,0,0,0,0
GENE-17384,YES,1,0,0,0,0,0,0
GENE-17385,NO,1,0,0,0,0,0,0
GENE-17386,NO,1,0,0,0,0,0,0
GENE-17387,NO,1,86,102,113,88,100,112
GENE-17388,NO,1,5,5,4,2,8,7
GENE-17389,NO,1,0,0,0,0,0,0
GENE-17390,NO,1,49,59,35,39,64,55
GENE-17391,NO,1,0,0,0,0,0,0
GENE-17392,NO,1,0,0,0,0,0,0
GENE-17393,NO,1,0,0,0,0,0,0
GENE-17394,NO,1,1556,1700,1233,678,497,1427
GENE-17395,NO,1,0,0,0,0,0,0
GENE-17396,NO,1,4,1,1,2,4,1
GENE-17397,NO,1,0,0,0,0,0,0
GENE-17398,NO,1,0,0,0,0,0,0
GENE-17399,NO,1,0,0,0,0,0,0
GENE-17400,NO,1,0,0,0,0,0,0
GENE-17401,NO,1,0,0,0,0,0,0
GENE-17402,NO,1,0,0,0,0,0,0
GENE-17403,NO,1,21,13,35,7,15,28
GENE-17404,NO,1,43,40,42,32,40,27
GENE-17405,YES,1,0,0,0,0,0,0
GENE-17406,NO,1,0,0,0,0,0,0
GENE-17407,NO,1,0,0,0,0,0,0
GENE-17408,NO,1,0,0,0,0,0,0
GENE-17409,NO,1,0,0,0,0,0,0
GENE-17410,YES,1,0,0,0,0,0,0
GENE-17411,NO,1,0,0,0,0,0,0
GENE-17412,NO,1,1,1,0,2,0,0
GENE-17413,NO,1,2851,1964,2043,1932,1753,2248
GENE-17414,NO,1,0,0,0,0,0,0
GENE-17415,NO,1,116,117,125,128,118,144
GENE-17416,YES,1,0,0,0,0,0,0
GENE-17417,NO,1,0,0,0,0,0,0
GENE-17418,NO,1,94,72,78,69,110,78
GENE-17419,NO,1,0,0,0,0,0,0
GENE-17420,NO,1,200,523,316,808,250,179
GENE-17421,NO,1,0,0,0,0,0,0
GENE-17422,NO,1,0,0,0,0,0,0
GENE-17423,NO,1,6997,5772,3365,12132,5320,4010
GENE-17424,NO,1,0,0,0,0,0,0
GENE-17425,NO,1,4,6,1,0,4,5
GENE-17426,NO,1,0,0,0,0,0,0
GENE-17427,NO,1,0,0,0,0,0,0
GENE-17428,NO,1,66,80,91,64,54,56
GENE-17429,NO,1,0,0,0,0,0,0
GENE-17430,NO,1,6,3,5,3,2,4
GENE-17431,NO,1,0,0,0,0,0,0
GENE-17432,NO,1,0,0,0,0,0,0
GENE-17433,NO,1,0,0,0,0,0,0
GENE-17434,NO,1,21,28,30,24,25,30
GENE-17435,NO,1,0,0,0,0,0,0
GENE-17436,YES,1,0,0,0,0,0,0
GENE-17437,NO,1,0,0,0,0,0,0
GENE-17438,NO,1,0,0,0,0,0,0
GENE-17439,NO,1,0,0,0,0,0,0
GENE-17440,NO,1,0,0,0,0,0,0
GENE-17441,NO,1,0,0,1,1,0,0
GENE-17442,NO,1,0,0,0,0,0,0
GENE-17443,NO,1,0,0,0,0,0,0
GENE-17444,NO,1,0,0,0,0,0,0
GENE-17445,NO,1,0,0,0,0,0,0
GENE-17446,NO,1,0,0,0,0,0,0
GENE-17447,NO,1,98,109,65,77,138,99
GENE-17448,NO,1,24,30,35,34,38,26
GENE-17449,NO,1,0,0,0,0,0,0
GENE-17450,NO,1,0,0,0,0,0,0
GENE-17451,NO,1,76,122,57,91,168,106
GENE-17452,NO,1,0,0,0,0,0,0
GENE-17453,NO,1,0,0,0,0,0,0
GENE-17454,NO,1,0,0,0,0,0,0
GENE-17455,NO,1,562,583,634,811,614,592
GENE-17456,NO,1,0,0,0,0,0,0
GENE-17457,NO,1,0,0,0,2,2,0
GENE-17458,NO,1,0,0,0,0,0,0
GENE-17459,NO,1,0,0,0,0,0,0
GENE-17460,NO,1,0,0,0,0,0,0
GENE-17461,NO,1,0,0,0,0,0,0
GENE-17462,NO,1,41,25,32,41,46,45
GENE-17463,NO,1,1,1,0,0,1,0
GENE-17464,NO,1,0,0,0,0,0,0
GENE-17466,NO,1,0,0,0,0,0,0
GENE-17467,NO,1,4,5,4,5,5,3
GENE-17468,NO,1,25,27,23,18,22,22
GENE-17469,YES,1,1,1,1,4,6,7
GENE-17470,NO,1,290,282,277,286,248,336
GENE-17471,NO,1,1,1,2,0,1,1
GENE-17472,NO,1,8,5,8,13,3,7
GENE-17473,NO,1,0,0,0,0,0,0
GENE-17474,NO,1,0,0,0,0,0,0
GENE-17475,NO,1,0,0,0,0,0,0
GENE-17476,NO,1,0,0,0,0,0,0
GENE-17477,NO,1,0,0,0,0,0,0
GENE-17478,NO,1,0,0,0,0,0,0
GENE-17479,NO,1,137,76,109,102,91,109
GENE-17480,NO,1,0,0,0,0,0,0
GENE-17481,NO,1,0,0,0,0,0,0
GENE-17482,NO,1,0,0,0,0,0,0
GENE-17483,NO,1,273,250,331,248,204,242
GENE-17484,NO,1,0,0,0,0,0,0
GENE-17485,NO,1,156,151,162,122,167,150
GENE-17486,NO,1,0,0,0,0,0,0
GENE-17487,NO,1,0,0,0,0,0,0
GENE-17488,NO,1,0,0,0,0,0,0
GENE-17489,NO,1,0,0,0,0,0,0
GENE-17490,NO,1,0,0,0,0,0,0
GENE-17491,YES,1,0,0,0,0,0,0
GENE-17492,NO,1,0,0,0,0,0,0
GENE-17493,NO,1,0,0,0,0,0,0
GENE-17494,NO,1,195,185,207,189,141,145
GENE-17495,NO,1,0,0,0,0,0,0
GENE-17496,NO,1,0,0,0,0,0,0
GENE-17497,NO,1,54,64,65,87,69,42
GENE-17498,NO,1,0,0,0,0,0,0
GENE-17499,NO,1,0,0,0,0,0,0
GENE-17500,NO,1,0,0,0,0,0,0
GENE-17501,NO,1,0,0,0,0,0,0
GENE-17502,NO,1,1440,1791,1681,1500,1666,1513
GENE-17503,NO,1,24,50,33,29,39,36
GENE-17504,NO,1,0,0,0,0,0,0
GENE-17505,NO,1,0,0,0,0,0,0
GENE-17506,NO,1,0,0,0,0,0,0
GENE-17507,NO,1,3360,3093,3422,3748,4594,3560
GENE-17508,NO,1,0,0,0,0,0,0
GENE-17509,NO,1,4,0,0,1,2,0
GENE-17510,NO,1,76,104,122,89,123,87
GENE-17511,NO,1,1881,1916,1832,1973,2023,1861
GENE-17512,NO,1,0,0,0,0,0,0
GENE-17513,NO,1,0,0,0,0,0,0
GENE-17514,YES,1,0,0,0,0,0,0
GENE-17515,NO,1,0,0,0,0,0,0
GENE-17516,NO,1,0,0,0,0,0,0
GENE-17517,NO,1,871,1150,895,708,997,1127
GENE-17518,NO,1,0,0,0,0,0,0
GENE-17519,NO,1,0,0,0,0,0,0
GENE-17520,NO,1,0,0,0,0,0,0
GENE-17521,NO,1,35,48,41,62,55,60
GENE-17523,NO,1,184,194,206,209,193,206
GENE-17524,NO,1,105,34,1,13,34,59
GENE-17525,NO,1,1794,1846,2013,1894,2048,2214
GENE-17526,NO,1,0,0,0,0,0,0
GENE-17527,NO,1,0,0,0,0,0,0
GENE-17528,NO,1,125,109,100,116,101,110
GENE-17529,NO,1,0,0,0,0,0,0
GENE-17531,NO,1,0,0,0,0,0,0
GENE-17532,NO,1,0,0,0,0,0,0
GENE-17533,NO,1,0,0,0,0,0,0
GENE-17534,NO,1,0,0,0,0,0,0
GENE-17535,NO,1,0,0,0,0,0,0
GENE-17536,NO,1,12,6,11,6,8,8
GENE-17537,NO,1,1620,1352,1107,1415,1033,694
GENE-17538,NO,1,0,1,0,1,0,1
GENE-17539,NO,1,139,150,141,167,205,120
GENE-17540,NO,1,0,0,0,0,0,0
GENE-17541,NO,1,1,1,2,4,1,0
GENE-17542,YES,1,0,0,0,0,0,0
GENE-17543,NO,1,0,0,0,0,0,0
GENE-17544,NO,1,0,0,0,0,0,0
GENE-17545,NO,1,20,28,33,31,17,34
GENE-17546,NO,1,0,0,0,0,0,0
GENE-17547,NO,1,0,0,0,0,0,0
GENE-17548,NO,1,0,0,0,0,0,0
GENE-17550,NO,1,0,0,0,0,0,0
GENE-17551,NO,1,0,0,0,0,0,0
GENE-17552,NO,1,1642,1581,1327,2139,1949,1735
GENE-17553,NO,1,0,0,0,0,0,0
GENE-17554,NO,1,0,0,0,0,0,0
GENE-17555,NO,1,29,17,19,16,18,18
GENE-17556,NO,1,68,75,61,68,55,88
GENE-17557,NO,1,6,10,5,13,7,13
GENE-17558,NO,1,0,0,0,0,0,0
GENE-17559,NO,1,20,26,21,29,25,23
GENE-17560,NO,1,10,11,7,13,5,11
GENE-17561,NO,1,0,0,0,0,0,0
GENE-17562,NO,1,0,0,0,0,0,0
GENE-17563,NO,1,0,0,0,0,0,0
GENE-17564,NO,1,149,101,55,114,67,96
GENE-17565,NO,1,0,0,0,0,0,0
GENE-17566,NO,1,0,0,0,0,0,0
GENE-17567,NO,1,2,6,6,3,6,5
GENE-17568,NO,1,0,0,2,0,1,0
GENE-17569,NO,1,0,1,0,0,0,1
GENE-17570,NO,1,1,0,0,0,1,0
GENE-17571,NO,1,0,0,0,0,0,0
GENE-17572,NO,1,174,168,145,147,171,164
GENE-17573,NO,1,0,0,0,0,0,0
GENE-17574,NO,1,0,0,0,0,0,0
GENE-17575,NO,1,0,0,0,0,0,0
GENE-17576,NO,1,0,0,0,0,0,0
GENE-17577,NO,1,0,0,0,0,0,0
GENE-17578,NO,1,1,5,4,4,4,2
GENE-17579,NO,1,0,0,0,0,0,0
GENE-17580,NO,1,43,71,46,35,56,50
GENE-17581,NO,1,0,0,0,0,0,0
GENE-17582,NO,1,0,0,0,0,0,0
GENE-17583,NO,1,0,0,0,0,0,0
GENE-17584,NO,1,235,245,208,230,235,244
GENE-17585,NO,1,183,190,152,170,174,157
GENE-17586,NO,1,0,0,0,0,0,0
GENE-17587,NO,1,0,0,0,0,0,0
GENE-17588,NO,1,0,0,0,0,0,0
GENE-17589,NO,1,0,0,0,0,0,0
GENE-17590,NO,1,0,0,0,0,0,0
GENE-17591,NO,1,58,27,47,63,49,34
GENE-17592,NO,1,0,0,0,0,0,0
GENE-17593,NO,1,2,4,2,4,4,2
GENE-17594,NO,1,0,0,0,0,0,0
GENE-17595,NO,1,1434,1370,1276,1407,1153,1402
GENE-17596,NO,1,0,0,0,0,0,0
GENE-17597,NO,1,2,10,3,6,5,10
GENE-17598,NO,1,0,0,0,0,0,0
GENE-17599,NO,1,0,0,0,0,0,0
GENE-17600,NO,1,0,0,0,0,0,0
GENE-17601,NO,1,0,0,0,0,0,0
GENE-17602,NO,1,0,0,0,0,0,0
GENE-17603,NO,1,0,0,0,0,0,0
GENE-17604,NO,1,0,0,0,0,0,0
GENE-17605,NO,1,0,0,0,0,0,0
GENE-17606,NO,1,0,0,0,0,0,0
GENE-17607,NO,1,1,1,0,0,0,0
GENE-17608,NO,1,0,0,0,0,0,0
GENE-17609,NO,1,47,25,18,38,43,51
GENE-17610,NO,1,2,0,0,0,2,0
GENE-17611,NO,1,27,0,13,56,150,108
GENE-17612,NO,1,0,0,0,0,0,0
GENE-17613,NO,1,0,0,0,0,0,0
GENE-17614,NO,1,0,0,0,0,0,0
GENE-17615,NO,1,0,0,0,0,0,0
GENE-17616,NO,1,0,0,0,0,0,0
GENE-17618,NO,1,0,0,0,0,0,0
GENE-17619,NO,1,0,1,0,1,1,0
GENE-17620,NO,1,0,0,0,0,0,0
GENE-17621,NO,1,0,0,0,0,0,0
GENE-17622,NO,1,0,0,0,0,0,0
GENE-17623,NO,1,0,0,0,0,0,0
GENE-17624,NO,1,0,0,0,0,0,0
GENE-17625,NO,1,38,12,45,66,93,58
GENE-17626,NO,1,6,13,6,13,10,11
GENE-17627,NO,1,279,412,454,246,327,371
GENE-17628,NO,1,122,129,151,118,143,120
GENE-17629,NO,1,2004,2221,2044,2079,2815,2324
GENE-17630,NO,1,1,0,1,0,1,1
GENE-17631,NO,1,1107,1335,1016,1045,1816,1266
GENE-17632,NO,1,0,0,0,0,0,0
GENE-17633,NO,1,0,0,0,0,0,0
GENE-17634,NO,1,0,0,0,0,0,0
GENE-17635,NO,1,0,0,0,0,0,0
GENE-17636,NO,1,0,0,0,0,0,0
GENE-17637,NO,1,0,0,0,0,0,0
GENE-17638,NO,1,0,0,0,0,0,0
GENE-17639,NO,1,1687,1431,1082,1599,1106,1668
GENE-17640,NO,1,0,0,0,0,0,0
GENE-17641,NO,1,0,0,0,0,0,0
GENE-17642,NO,1,69,59,107,29,107,72
GENE-17643,NO,1,36,49,43,44,35,44
GENE-17644,NO,1,1766,1192,1331,1291,1360,1436
GENE-17645,NO,1,0,0,0,0,0,0
GENE-17646,NO,1,503,475,545,569,502,620
GENE-17647,NO,1,0,0,0,0,0,0
GENE-17648,NO,1,2,0,1,0,0,3
GENE-17649,NO,1,0,0,0,0,0,0
GENE-17650,NO,1,937,891,818,885,944,941
GENE-17651,NO,1,1800,1876,1797,1672,230,1618
GENE-17652,NO,1,0,0,0,0,0,0
GENE-17653,NO,1,0,0,0,0,0,0
GENE-17654,NO,1,0,0,0,0,0,0
GENE-17655,NO,1,0,0,0,0,0,0
GENE-17656,NO,1,116,99,79,106,101,105
GENE-17657,NO,1,0,0,0,0,0,0
GENE-17658,NO,1,0,0,1,0,0,0
GENE-17659,NO,1,0,0,0,0,0,0
GENE-17660,NO,1,0,0,0,0,0,0
GENE-17661,NO,1,0,0,0,0,0,0
GENE-17662,NO,1,6,9,8,5,5,9
GENE-17663,NO,1,0,0,0,0,0,0
GENE-17664,NO,1,0,0,0,0,0,0
GENE-17665,NO,1,0,0,0,0,0,0
GENE-17666,NO,1,0,0,0,0,0,0
GENE-17667,NO,1,0,0,0,0,0,0
GENE-17668,NO,1,0,0,0,0,0,0
GENE-17669,NO,1,0,0,0,0,0,0
GENE-17670,NO,1,0,1,0,2,1,1
GENE-17671,NO,1,0,0,0,0,0,0
GENE-17672,NO,1,0,0,0,0,0,0
GENE-17673,NO,1,0,0,0,0,0,0
GENE-17674,NO,1,0,0,0,0,0,0
GENE-17675,NO,1,2,1,1,0,3,2
GENE-17676,NO,1,0,1,0,0,0,0
GENE-17677,NO,1,0,0,0,0,0,0
GENE-17678,NO,1,477,748,567,476,593,782
GENE-17679,NO,1,0,0,0,0,0,0
GENE-17680,NO,1,0,0,0,0,0,0
GENE-17681,NO,1,0,0,0,0,0,0
GENE-17682,NO,1,1239,317,266,1299,978,119
GENE-17683,NO,1,0,0,0,0,0,0
GENE-17684,NO,1,0,0,0,0,0,0
GENE-17685,NO,1,0,0,0,0,0,0
GENE-17686,NO,1,0,0,0,0,0,0
GENE-17687,NO,1,0,0,0,0,0,0
GENE-17688,NO,1,0,0,0,0,0,0
GENE-17689,NO,1,322,344,272,291,266,373
GENE-17690,NO,1,142,190,202,182,157,121
GENE-17691,NO,1,0,0,0,1,0,0
GENE-17692,NO,1,0,0,0,0,0,0
GENE-17693,NO,1,0,0,0,0,0,0
GENE-17694,NO,1,0,0,0,0,0,0
GENE-17695,NO,1,0,0,0,0,0,0
GENE-17696,NO,1,379,48,76,676,0,303
GENE-17697,NO,1,1,0,0,0,0,1
GENE-17698,NO,1,0,0,0,0,0,0
GENE-17699,NO,1,117,128,117,135,107,101
GENE-17700,NO,1,925,748,611,979,688,688
GENE-17701,NO,1,137,191,142,315,141,231
GENE-17702,NO,1,7,3,6,5,6,4
GENE-17703,NO,1,0,0,0,0,0,0
GENE-17704,NO,1,71,81,69,68,72,57
GENE-17705,NO,1,0,0,0,0,0,0
GENE-17706,NO,1,27,55,45,40,26,38
GENE-17707,NO,1,0,0,0,0,0,0
GENE-17708,NO,1,0,0,0,0,0,0
GENE-17709,NO,1,0,0,0,0,0,0
GENE-17710,NO,1,9,13,14,10,16,14
GENE-17711,NO,1,0,0,0,0,0,0
GENE-17712,NO,1,292,72,425,25,623,28
GENE-17713,NO,1,0,0,0,0,0,0
GENE-17714,NO,1,2,1,2,8,3,5
GENE-17715,NO,1,0,0,0,0,0,0
GENE-17716,NO,1,8,13,13,14,5,14
GENE-17717,NO,1,0,0,0,0,0,0
GENE-17718,NO,1,0,0,0,0,0,0
GENE-17719,NO,1,0,0,0,0,0,0
GENE-17720,NO,1,0,0,0,0,0,0
GENE-17721,NO,1,0,0,0,0,0,0
GENE-17722,NO,1,0,0,0,0,0,0
GENE-17723,NO,1,0,0,0,0,0,0
GENE-17724,NO,1,0,0,0,0,0,0
GENE-17725,NO,1,0,0,0,0,0,0
GENE-17726,YES,1,0,0,0,0,0,0
GENE-17727,NO,1,79,83,170,153,66,96
GENE-17729,NO,1,0,0,0,0,0,0
GENE-17730,NO,1,154,96,84,88,113,116
GENE-17731,NO,1,0,0,0,0,0,0
GENE-17732,NO,1,0,0,0,0,0,0
GENE-17733,NO,1,0,0,0,0,0,0
GENE-17734,NO,1,0,0,0,0,0,0
GENE-17735,NO,1,0,0,0,0,0,1
GENE-17736,NO,1,0,0,0,0,0,0
GENE-17737,NO,1,0,0,0,0,0,0
GENE-17738,NO,1,0,0,0,0,0,0
GENE-17739,NO,1,0,0,0,0,0,0
GENE-17740,NO,1,0,0,0,0,0,0
GENE-17741,NO,1,0,0,0,0,0,0
GENE-17742,YES,1,0,0,0,0,0,0
GENE-17743,NO,1,0,0,0,0,0,0
GENE-17744,NO,1,0,0,0,0,0,0
GENE-17745,NO,1,7,3,10,8,3,5
GENE-17746,NO,1,112,73,107,95,101,141
GENE-17747,NO,1,688,834,793,974,878,780
GENE-17748,YES,1,0,0,0,1,0,1
GENE-17749,NO,1,0,0,0,0,0,0
GENE-17750,NO,1,0,0,0,0,0,0
GENE-17752,NO,1,56,34,42,31,20,47
GENE-17753,NO,1,0,0,0,0,0,0
GENE-17754,NO,1,297,508,417,472,252,342
GENE-17756,NO,1,0,0,0,0,0,0
GENE-17757,NO,1,0,0,0,0,0,0
GENE-17758,NO,1,0,0,0,0,0,0
GENE-17759,NO,1,0,0,0,0,0,0
GENE-17760,NO,1,0,0,0,0,0,0
GENE-17761,NO,1,188,298,215,195,277,340
GENE-17762,NO,1,0,0,0,0,0,0
GENE-17763,NO,1,0,0,0,0,0,0
GENE-17764,NO,1,0,0,1,1,1,1
GENE-17765,NO,1,0,0,0,0,0,0
GENE-17766,NO,1,19,8,13,7,11,5
GENE-17767,NO,1,229,127,168,1421,36,412
GENE-17768,NO,1,0,0,0,0,0,0
GENE-17769,NO,1,0,0,0,0,0,0
GENE-17770,NO,1,0,0,0,0,0,0
GENE-17771,NO,1,994,963,827,962,915,954
GENE-17772,NO,1,0,0,0,0,0,0
GENE-17773,NO,1,5,3,4,4,1,4
GENE-17774,NO,1,25,31,31,23,27,21
GENE-17775,NO,1,0,0,0,0,0,0
GENE-17776,NO,1,0,0,0,0,0,0
GENE-17777,NO,1,0,0,0,0,0,0
GENE-17778,NO,1,0,0,0,0,0,0
GENE-17779,NO,1,174,203,242,263,249,303
GENE-17780,NO,1,0,0,0,0,0,0
GENE-17781,NO,1,0,0,0,0,0,0
GENE-17782,NO,1,183,122,192,127,126,147
GENE-17783,NO,1,0,0,0,0,0,0
GENE-17784,NO,1,0,0,0,0,0,0
GENE-17785,NO,1,165,208,147,174,224,143
GENE-17786,NO,1,0,0,0,0,0,0
GENE-17787,NO,1,0,0,0,0,0,0
GENE-17788,NO,1,0,0,0,0,0,0
GENE-17789,NO,1,0,0,0,0,0,0
GENE-17790,NO,1,0,0,0,0,0,0
GENE-17791,NO,1,0,0,0,0,0,0
GENE-17792,YES,1,4,6,1,9,4,8
GENE-17793,NO,1,34,45,21,43,38,30
GENE-17794,NO,1,0,0,0,0,0,0
GENE-17795,NO,1,0,0,0,0,0,0
GENE-17796,NO,1,111,81,155,125,120,118
GENE-17797,NO,1,0,0,0,0,0,0
GENE-17798,NO,1,5,2,4,6,0,0
GENE-17799,NO,1,0,0,0,0,0,0
GENE-17801,NO,1,0,0,0,0,0,0
GENE-17802,NO,1,0,0,0,0,0,0
GENE-17803,NO,1,0,0,0,0,0,0
GENE-17804,NO,1,0,0,0,0,0,0
GENE-17805,NO,1,0,0,0,0,0,0
GENE-17806,NO,1,0,0,0,0,0,0
GENE-17807,NO,1,0,0,0,0,0,0
GENE-17808,NO,1,0,0,0,0,0,0
GENE-17809,NO,1,0,0,0,0,0,0
GENE-17810,NO,1,0,0,0,0,0,0
GENE-17811,NO,1,0,0,0,0,1,0
GENE-17812,NO,1,0,0,2,0,0,0
GENE-17813,NO,1,479,421,371,406,424,526
GENE-17814,NO,1,0,0,0,0,0,0
GENE-17815,NO,1,2,0,0,0,0,0
GENE-17816,NO,1,0,0,0,0,0,0
GENE-17817,NO,1,0,0,0,0,0,0
GENE-17818,NO,1,0,0,0,0,0,0
GENE-17819,NO,1,0,0,0,0,0,0
GENE-17820,NO,1,1054,2502,988,1402,1388,440
GENE-17821,NO,1,0,0,0,0,0,0
GENE-17822,NO,1,0,0,0,0,0,0
GENE-17823,NO,1,0,0,0,0,0,0
GENE-17824,NO,1,0,0,0,0,0,0
GENE-17825,NO,1,132,127,113,65,133,62
GENE-17827,NO,1,0,0,0,0,0,0
GENE-17828,NO,1,0,0,0,0,0,0
GENE-17829,NO,1,0,0,0,0,0,0
GENE-17830,NO,1,0,0,0,0,0,0
GENE-17831,NO,1,0,0,1,0,0,0
GENE-17832,YES,1,0,0,0,0,0,0
GENE-17833,NO,1,461,354,395,238,283,391
GENE-17834,NO,1,0,0,0,0,0,0
GENE-17835,NO,1,0,0,0,0,0,0
GENE-17836,NO,1,0,0,0,0,0,0
GENE-17837,NO,1,0,0,0,0,0,0
GENE-17838,NO,1,0,0,0,0,0,0
GENE-17839,NO,1,0,0,0,0,0,0
GENE-17840,NO,1,0,0,0,0,0,0
GENE-17841,NO,1,0,0,0,0,0,0
GENE-17842,NO,1,4,1,5,3,1,2
GENE-17843,NO,1,0,0,0,0,0,0
GENE-17844,NO,1,0,0,0,0,0,0
GENE-17845,NO,1,0,0,0,1,0,0
GENE-17846,NO,1,142,183,303,94,239,172
GENE-17847,NO,1,0,0,0,0,0,0
GENE-17848,NO,1,6,3,5,12,3,4
GENE-17849,NO,1,0,0,0,0,0,0
GENE-17850,NO,1,0,0,0,0,0,0
GENE-17851,NO,1,0,0,0,0,0,0
GENE-17852,NO,1,0,0,0,0,0,0
GENE-17853,NO,1,1428,2580,1023,1224,1943,1858
GENE-17854,NO,1,0,0,0,0,0,0
GENE-17855,NO,1,463,11,4,1277,554,142
GENE-17856,NO,1,0,0,0,0,0,0
GENE-17857,NO,1,0,0,0,0,0,0
GENE-17858,YES,1,0,0,0,0,0,0
GENE-17859,NO,1,0,0,0,0,0,0
GENE-17860,NO,1,364,355,250,343,259,218
GENE-17861,NO,1,320,392,295,349,262,262
GENE-17862,NO,1,0,0,0,0,0,0
GENE-17863,NO,1,0,0,0,0,0,0
GENE-17864,NO,1,0,0,0,0,0,0
GENE-17865,NO,1,0,0,0,0,0,0
GENE-17866,NO,1,44,124,56,35,86,53
GENE-17867,NO,1,0,0,0,0,0,0
GENE-17868,NO,1,12,9,8,7,5,4
GENE-17869,NO,1,0,0,0,0,0,0
GENE-17870,NO,1,0,0,0,0,0,0
GENE-17871,NO,1,0,0,0,0,0,0
GENE-17872,NO,1,88,149,182,103,152,139
GENE-17873,NO,1,0,0,0,0,0,0
GENE-17874,NO,1,138,130,143,113,136,136
GENE-17875,NO,1,0,0,0,0,0,0
GENE-17876,NO,1,0,0,0,0,0,0
GENE-17877,NO,1,0,0,0,0,0,0
GENE-17878,NO,1,35,84,62,44,54,60
GENE-17879,NO,1,0,0,0,0,0,0
GENE-17880,NO,1,0,0,0,0,0,0
GENE-17881,NO,1,0,0,0,0,0,0
GENE-17882,NO,1,0,0,0,0,0,0
GENE-17883,NO,1,486,91,161,113,591,84
GENE-17884,NO,1,0,0,0,0,0,0
GENE-17885,NO,1,0,0,0,0,0,0
GENE-17886,NO,1,23,26,19,30,28,31
GENE-17887,NO,1,0,0,0,0,0,0
GENE-17888,YES,1,0,0,0,0,0,0
GENE-17889,NO,1,0,0,0,0,0,0
GENE-17890,NO,1,250,255,309,205,257,287
GENE-17891,NO,1,217,275,255,160,196,194
GENE-17892,NO,1,0,0,0,0,0,0
GENE-17893,NO,1,15720,16379,18197,16216,15108,12896
GENE-17894,NO,1,0,0,0,0,0,0
GENE-17895,NO,1,0,0,0,0,0,0
GENE-17896,NO,1,1041,1079,1073,1059,1103,1179
GENE-17897,NO,1,0,0,0,0,0,0
GENE-17898,YES,1,0,0,0,0,0,0
GENE-17899,NO,1,0,0,0,0,0,0
GENE-17900,NO,1,115,108,97,131,134,108
GENE-17901,NO,1,0,0,0,0,0,0
GENE-17902,NO,1,0,0,0,0,0,0
GENE-17903,NO,1,1,0,1,3,4,0
GENE-17904,NO,1,5,5,20,3,1,6
GENE-17905,NO,1,0,0,0,0,0,0
GENE-17906,NO,1,2,6,7,7,5,1
GENE-17907,NO,1,0,0,0,0,0,0
GENE-17908,NO,1,0,0,0,0,0,0
GENE-17909,NO,1,0,0,0,0,0,0
GENE-17910,NO,1,0,0,0,0,0,0
GENE-17911,NO,1,0,0,0,0,0,0
GENE-17912,NO,1,997,935,1017,966,760,1123
GENE-17913,NO,1,0,0,0,0,0,0
GENE-17914,NO,1,501,390,585,509,561,506
GENE-17915,NO,1,0,0,0,0,0,0
GENE-17916,NO,1,4,6,4,2,2,2
GENE-17917,NO,1,58,56,31,25,52,36
GENE-17918,NO,1,0,0,0,0,0,0
GENE-17919,NO,1,0,0,0,0,0,0
GENE-17920,NO,1,0,0,0,0,0,0
GENE-17921,NO,1,1,2,2,4,1,3
GENE-17922,NO,1,0,0,0,0,0,0
GENE-17923,NO,1,0,0,0,0,0,0
GENE-17924,NO,1,0,0,0,0,0,0
GENE-17925,NO,1,0,0,0,0,0,0
GENE-17926,NO,1,0,0,0,0,0,0
GENE-17927,NO,1,0,0,0,0,0,0
GENE-17928,NO,1,0,0,0,0,0,0
GENE-17929,NO,1,0,0,0,0,0,0
GENE-17930,NO,1,30,29,37,29,23,29
GENE-17931,NO,1,0,0,0,0,0,0
GENE-17932,NO,1,0,0,0,0,0,0
GENE-17933,YES,1,0,0,0,0,0,0
GENE-17934,NO,1,667,510,735,608,544,578
GENE-17935,NO,1,0,0,0,0,0,0
GENE-17936,NO,1,0,0,0,0,0,0
GENE-17937,NO,1,0,0,0,0,0,0
GENE-17938,NO,1,0,0,0,0,0,0
GENE-17939,NO,1,0,0,0,0,0,0
GENE-17940,YES,1,0,0,0,0,0,0
GENE-17941,NO,1,0,0,0,0,0,0
GENE-17942,NO,1,0,0,0,0,0,0
GENE-17943,NO,1,64,55,62,84,84,59
GENE-17944,NO,1,0,0,0,0,0,0
GENE-17945,NO,1,0,0,0,0,0,0
GENE-17946,NO,1,0,0,0,0,0,0
GENE-17947,NO,1,0,1,1,0,1,0
GENE-17948,NO,1,0,0,0,0,0,0
GENE-17949,NO,1,0,0,0,0,0,0
GENE-17950,NO,1,0,0,0,0,0,0
GENE-17951,NO,1,422,271,422,444,174,257
GENE-17952,NO,1,0,0,0,0,0,0
GENE-17953,NO,1,1523,1127,1274,1521,1264,1171
GENE-17954,NO,1,0,0,0,0,0,0
GENE-17955,NO,1,0,0,0,0,0,0
GENE-17956,NO,1,0,0,0,0,0,0
GENE-17957,NO,1,262,331,352,482,329,605
GENE-17958,NO,1,2856,3088,3188,3614,3785,3710
GENE-17959,NO,1,0,0,0,0,0,0
GENE-17960,NO,1,0,0,0,0,0,0
GENE-17961,NO,1,16,11,2,7,3,7
GENE-17962,NO,1,0,0,0,0,0,0
GENE-17963,NO,1,0,0,0,0,0,0
GENE-17964,NO,1,0,0,0,0,0,0
GENE-17965,NO,1,0,0,0,0,0,0
GENE-17966,NO,1,0,0,0,0,0,0
GENE-17967,NO,1,0,0,0,0,0,0
GENE-17968,NO,1,0,0,0,0,0,0
GENE-17969,NO,1,0,0,0,0,0,0
GENE-17970,NO,1,6,8,11,6,10,6
GENE-17971,NO,1,3,0,3,4,0,0
GENE-17972,NO,1,0,0,1,0,0,0
GENE-17973,NO,1,0,0,0,0,0,0
GENE-17974,NO,1,0,0,0,0,0,0
GENE-17975,NO,1,0,0,0,0,0,0
GENE-17976,NO,1,10,20,5,18,15,9
GENE-17977,NO,1,0,0,0,0,0,0
GENE-17978,NO,1,0,0,0,0,0,0
GENE-17979,NO,1,0,0,0,0,0,0
GENE-17980,NO,1,0,0,0,0,0,0
GENE-17981,NO,1,0,1,1,0,1,0
GENE-17982,NO,1,0,0,0,0,0,0
GENE-17983,NO,1,0,0,0,0,0,0
GENE-17984,NO,1,0,0,0,0,0,0
GENE-17985,NO,1,0,0,0,0,0,0
GENE-17986,NO,1,2,3,7,1,7,2
GENE-17987,NO,1,0,0,0,0,0,0
GENE-17988,NO,1,5,6,3,8,2,2
GENE-17989,NO,1,3890,3387,4059,4567,3959,3437
GENE-17990,NO,1,0,0,0,0,0,0
GENE-17991,NO,1,0,0,0,0,0,0
GENE-17992,NO,1,2,2,7,3,1,3
GENE-17993,NO,1,0,0,0,0,0,0
GENE-17994,NO,1,0,0,0,0,0,0
GENE-17995,NO,1,0,0,0,0,0,0
GENE-17996,NO,1,0,0,0,0,0,0
GENE-17997,NO,1,0,1,0,0,1,0
GENE-17998,NO,1,7,3,5,8,10,7
GENE-17999,NO,1,0,0,0,0,0,0
GENE-18000,NO,1,9,5,4,10,10,6
GENE-18001,NO,1,0,0,0,0,0,0
GENE-18002,NO,1,0,0,0,0,0,0
GENE-18003,NO,1,0,0,0,0,0,0
GENE-18004,NO,1,0,0,0,0,0,0
GENE-18005,NO,1,0,0,0,0,0,0
GENE-18006,NO,1,0,0,0,0,0,0
GENE-18007,NO,1,492,448,493,520,461,456
GENE-18008,NO,1,0,0,0,0,0,0
GENE-18009,NO,1,0,0,0,0,0,0
GENE-18010,NO,1,0,0,0,0,0,0
GENE-18011,NO,1,57,72,50,53,57,82
GENE-18012,NO,1,0,0,0,0,0,0
GENE-18013,NO,1,1,3,1,0,1,1
GENE-18014,NO,1,0,0,0,0,0,0
GENE-18015,NO,1,0,0,0,0,0,0
GENE-18016,NO,1,223,474,175,80,69,425
GENE-18017,NO,1,0,0,0,0,0,0
GENE-18018,NO,1,0,0,1,0,0,0
GENE-18019,NO,1,0,0,0,0,0,0
GENE-18020,NO,1,0,0,0,0,0,0
GENE-18021,NO,1,0,0,0,0,0,0
GENE-18022,NO,1,0,0,0,0,0,0
GENE-18023,NO,1,0,0,0,0,0,0
GENE-18024,NO,1,0,0,0,0,0,0
GENE-18025,YES,1,0,0,0,0,0,0
GENE-18026,NO,1,0,0,0,0,0,0
GENE-18028,NO,1,0,0,0,0,0,0
GENE-18029,NO,1,0,0,0,0,0,0
GENE-18030,NO,1,0,0,0,0,0,0
GENE-18031,NO,1,0,0,0,0,0,0
GENE-18032,NO,1,4413,5231,4170,4978,4458,4362
GENE-18033,NO,1,38,58,54,35,36,46
GENE-18034,NO,1,0,0,0,0,0,0
GENE-18035,NO,1,166,160,158,232,222,107
GENE-18036,NO,1,608,630,477,502,554,451
GENE-18037,NO,1,0,0,0,0,0,0
GENE-18038,YES,1,1,4,2,2,0,0
GENE-18039,NO,1,27,43,57,40,26,38
GENE-18040,NO,1,0,0,0,0,0,0
GENE-18041,YES,1,0,0,0,0,0,0
GENE-18042,NO,1,0,0,0,0,0,0
GENE-18043,NO,1,0,0,0,0,0,0
GENE-18044,NO,1,0,0,0,0,0,0
GENE-18045,NO,1,145,168,126,179,193,169
GENE-18046,NO,1,159,172,229,208,209,204
GENE-18047,NO,1,0,0,0,0,0,0
GENE-18048,NO,1,0,0,0,0,0,0
GENE-18049,NO,1,2,2,0,1,1,0
GENE-18050,NO,1,0,0,0,0,0,0
GENE-18051,NO,1,16,49,65,18,47,38
GENE-18052,NO,1,0,0,0,0,0,0
GENE-18053,NO,1,0,0,0,0,0,0
GENE-18054,NO,1,0,0,0,0,0,0
GENE-18055,NO,1,36,32,38,41,30,31
GENE-18056,NO,1,0,0,0,0,0,0
GENE-18057,NO,1,0,0,0,0,0,0
GENE-18058,NO,1,0,0,0,0,0,0
GENE-18059,NO,1,0,0,0,0,0,0
GENE-18060,NO,1,42,33,57,31,48,40
GENE-18061,NO,1,1,1,1,1,1,1
GENE-18062,NO,1,0,0,0,0,0,0
GENE-18063,NO,1,0,0,0,0,0,0
GENE-18064,NO,1,52,40,103,49,98,41
GENE-18065,NO,1,2364,6124,3075,5693,3643,4652
GENE-18066,NO,1,0,0,0,0,0,0
GENE-18067,NO,1,0,0,0,0,0,0
GENE-18068,NO,1,0,0,0,0,0,0
GENE-18069,NO,1,0,0,0,0,0,0
GENE-18070,NO,1,0,0,0,0,0,0
GENE-18071,NO,1,0,0,0,0,0,0
GENE-18072,NO,1,0,0,0,0,0,0
GENE-18073,NO,1,0,0,0,0,0,0
GENE-18074,NO,1,0,0,0,0,0,0
GENE-18075,NO,1,0,0,0,0,0,0
GENE-18076,NO,1,0,0,0,0,0,0
GENE-18077,NO,1,443,565,466,635,532,630
GENE-18078,NO,1,277,301,340,254,257,250
GENE-18079,NO,1,0,0,0,0,0,0
GENE-18080,NO,1,0,0,0,0,0,0
GENE-18081,NO,1,0,0,0,0,0,0
GENE-18082,NO,1,0,0,0,0,0,0
GENE-18083,NO,1,0,0,0,0,0,0
GENE-18084,NO,1,0,0,0,0,0,0
GENE-18085,NO,1,0,0,0,0,0,0
GENE-18086,NO,1,0,0,0,0,0,0
GENE-18087,NO,1,0,0,0,0,0,0
GENE-18088,NO,1,0,0,0,0,0,0
GENE-18090,NO,1,0,0,0,0,0,0
GENE-18091,NO,1,0,0,0,0,0,0
GENE-18092,NO,1,0,0,0,0,0,0
GENE-18093,NO,1,16,13,11,14,15,7
GENE-18094,NO,1,0,1,0,0,0,0
GENE-18095,NO,1,0,0,0,0,0,0
GENE-18096,NO,1,215,163,143,206,198,201
GENE-18097,NO,1,0,0,0,0,0,0
GENE-18098,NO,1,820,855,697,966,823,1149
GENE-18099,NO,1,21,26,30,42,23,23
GENE-18100,NO,1,0,0,0,0,0,0
GENE-18101,NO,1,97,18,38,64,47,58
GENE-18102,NO,1,0,0,0,0,0,0
GENE-18103,NO,1,10,12,8,13,9,9
GENE-18104,NO,1,474,417,293,415,364,423
GENE-18105,NO,1,0,0,0,0,0,0
GENE-18106,NO,1,886,1025,947,940,978,897
GENE-18107,NO,1,0,0,0,0,0,0
GENE-18108,NO,1,22,15,16,28,20,18
GENE-18109,NO,1,0,0,0,0,0,0
GENE-18110,NO,1,0,0,0,0,0,0
GENE-18111,NO,1,0,0,0,0,0,0
GENE-18112,NO,1,0,0,0,0,0,0
GENE-18113,NO,1,1,0,0,1,0,0
GENE-18114,NO,1,0,0,0,0,0,0
GENE-18115,NO,1,0,0,0,0,0,0
GENE-18116,NO,1,0,0,0,0,0,0
GENE-18117,NO,1,0,0,0,0,0,0
GENE-18118,NO,1,0,0,0,0,0,0
GENE-18119,NO,1,0,0,1,0,0,0
GENE-18120,NO,1,0,0,0,0,0,0
GENE-18121,NO,1,0,0,0,0,0,0
GENE-18122,NO,1,0,0,0,0,0,0
GENE-18123,NO,1,0,0,0,0,0,0
GENE-18124,NO,1,373,333,281,256,365,348
GENE-18125,NO,1,3,4,3,1,3,2
GENE-18126,NO,1,0,0,0,0,0,0
GENE-18127,NO,1,0,0,0,0,0,0
GENE-18128,NO,1,0,0,0,0,0,0
GENE-18129,NO,1,854,842,814,692,1120,816
GENE-18130,NO,1,0,0,0,0,0,0
GENE-18131,NO,1,0,0,0,0,0,0
GENE-18132,NO,1,0,0,0,0,0,0
GENE-18133,YES,1,0,0,0,0,0,0
GENE-18134,NO,1,0,0,0,0,0,0
GENE-18135,NO,1,0,0,0,0,0,0
GENE-18136,NO,1,8,28,20,60,25,30
GENE-18137,NO,1,0,0,0,0,0,0
GENE-18138,NO,1,60,53,69,67,57,66
GENE-18139,NO,1,12,13,10,5,8,14
GENE-18140,NO,1,10,6,3,8,13,8
GENE-18141,NO,1,0,0,0,0,0,0
GENE-18142,NO,1,0,0,0,0,0,0
GENE-18143,NO,1,0,0,0,0,0,0
GENE-18144,YES,1,0,0,0,0,0,0
GENE-18145,NO,1,0,2,1,0,0,3
GENE-18146,NO,1,694,622,576,775,619,666
GENE-18147,NO,1,0,0,0,0,0,0
GENE-18148,YES,1,0,0,0,0,0,0
GENE-18149,YES,1,0,0,2,9,10,11
GENE-18150,NO,1,0,0,0,0,0,0
GENE-18151,NO,1,0,0,0,0,0,0
GENE-18152,NO,1,0,0,0,0,0,0
GENE-18153,NO,1,0,0,0,0,0,0
GENE-18154,NO,1,1,3,1,3,0,1
GENE-18155,NO,1,0,0,0,0,0,0
GENE-18156,NO,1,11,8,9,11,12,13
GENE-18157,NO,1,709,658,752,788,768,734
GENE-18158,YES,1,0,0,0,0,0,0
GENE-18159,NO,1,0,0,0,0,0,0
GENE-18160,NO,1,0,0,0,0,0,0
GENE-18161,NO,1,2,3,3,2,5,2
GENE-18162,NO,1,0,0,0,0,0,0
GENE-18163,NO,1,0,0,2,0,1,0
GENE-18164,NO,1,0,0,0,0,0,0
GENE-18165,NO,1,0,0,0,0,0,0
GENE-18166,NO,1,258,327,221,205,445,407
GENE-18167,YES,1,0,0,0,0,0,0
GENE-18168,NO,1,0,0,0,0,0,0
GENE-18169,NO,1,0,0,0,0,0,0
GENE-18170,NO,1,0,0,0,0,0,0
GENE-18171,NO,1,0,0,0,0,0,0
GENE-18172,NO,1,0,0,0,0,0,0
GENE-18173,NO,1,9,9,10,15,13,8
GENE-18174,NO,1,5,1,1,0,1,0
GENE-18175,NO,1,0,0,0,0,0,0
GENE-18176,NO,1,1679,2373,2578,2193,1534,1556
GENE-18177,NO,1,0,4,1,1,3,5
GENE-18178,NO,1,11,15,12,13,8,9
GENE-18179,NO,1,0,0,0,0,0,0
GENE-18180,NO,1,31,25,40,38,28,40
GENE-18181,NO,1,0,0,0,0,0,0
GENE-18182,NO,1,0,0,0,0,0,0
GENE-18183,NO,1,0,0,0,0,0,0
GENE-18184,YES,1,0,0,0,0,0,0
GENE-18185,NO,1,0,0,0,0,0,0
GENE-18186,NO,1,1,4,7,3,0,3
GENE-18187,NO,1,0,0,0,0,0,0
GENE-18188,NO,1,830,945,966,1007,1237,1111
GENE-18189,NO,1,0,0,0,0,0,0
GENE-18190,NO,1,289,392,256,468,193,353
GENE-18191,NO,1,0,0,0,0,0,0
GENE-18192,NO,1,0,0,0,0,0,0
GENE-18193,NO,1,0,0,0,0,0,0
GENE-18194,NO,1,6,56,26,52,27,30
GENE-18195,NO,1,0,0,0,0,0,0
GENE-18196,NO,1,7,5,4,4,1,5
GENE-18197,YES,1,0,0,0,0,0,0
GENE-18198,NO,1,0,0,0,0,0,0
GENE-18199,NO,1,54,64,33,43,74,55
GENE-18200,NO,1,318,287,358,352,343,387
GENE-18201,NO,1,120,90,70,67,64,83
GENE-18202,NO,1,6,1,4,3,1,4
GENE-18203,NO,1,0,0,0,0,0,0
GENE-18204,NO,1,0,0,0,0,0,0
GENE-18205,NO,1,0,0,0,0,0,0
GENE-18206,NO,1,0,0,0,0,0,0
GENE-18207,NO,1,0,0,0,0,0,0
GENE-18208,NO,1,10,8,12,6,2,9
GENE-18209,NO,1,0,0,0,0,0,0
GENE-18210,NO,1,0,0,0,0,0,0
GENE-18211,NO,1,6,6,4,9,12,8
GENE-18212,NO,1,0,0,0,0,0,0
GENE-18213,NO,1,0,0,0,0,0,0
GENE-18214,NO,1,7,5,13,6,8,5
GENE-18215,NO,1,0,0,0,0,0,0
GENE-18216,NO,1,0,0,0,0,0,0
GENE-18217,NO,1,0,0,0,0,0,0
GENE-18218,NO,1,0,0,0,0,0,0
GENE-18219,NO,1,0,0,0,0,0,0
GENE-18220,NO,1,38,30,20,35,28,12
GENE-18221,NO,1,0,0,0,0,0,0
GENE-18222,NO,1,163,128,112,96,129,143
GENE-18223,NO,1,0,0,0,0,0,0
GENE-18224,NO,1,0,0,0,0,0,0
GENE-18225,NO,1,20,9,13,15,11,18
GENE-18226,NO,1,0,0,0,0,0,0
GENE-18227,NO,1,0,0,0,0,0,0
GENE-18228,NO,1,0,0,0,0,0,0
GENE-18229,NO,1,0,0,0,0,0,0
GENE-18230,NO,1,0,0,0,0,0,0
GENE-18231,NO,1,0,0,0,0,0,0
GENE-18232,NO,1,0,0,0,0,0,0
GENE-18233,NO,1,637,662,631,737,710,637
GENE-18234,NO,1,20,22,14,12,14,22
GENE-18235,NO,1,0,0,0,0,0,0
GENE-18236,NO,1,3,2,5,1,1,2
GENE-18237,NO,1,54,52,63,35,63,62
GENE-18238,NO,1,52,58,60,51,61,49
GENE-18239,NO,1,0,0,0,0,0,0
GENE-18240,NO,1,0,0,0,0,0,0
GENE-18241,NO,1,266,219,313,202,265,306
GENE-18242,NO,1,215,179,221,203,236,264
GENE-18243,NO,1,0,0,0,0,0,0
GENE-18244,NO,1,0,0,0,0,0,0
GENE-18245,NO,1,0,0,0,0,2,1
GENE-18246,NO,1,0,0,0,0,0,0
GENE-18247,NO,1,0,0,0,0,0,0
GENE-18248,NO,1,0,0,0,0,0,0
GENE-18249,NO,1,0,0,0,0,0,0
GENE-18250,NO,1,0,0,0,0,0,0
GENE-18251,NO,1,0,0,0,0,0,0
GENE-18252,NO,1,1363,1579,1990,1121,1437,1599
GENE-18253,NO,1,0,1,1,0,0,1
GENE-18254,NO,1,47,44,43,55,55,51
GENE-18255,NO,1,0,0,0,0,0,0
GENE-18256,NO,1,0,0,0,0,0,0
GENE-18257,NO,1,64,61,44,91,116,93
GENE-18258,YES,1,0,0,0,0,0,0
GENE-18259,NO,1,0,0,0,0,0,0
GENE-18260,NO,1,0,0,0,0,1,0
GENE-18261,NO,1,0,0,0,0,0,0
GENE-18262,NO,1,1331,1257,1997,1667,1226,1852
GENE-18263,NO,1,0,0,0,0,0,0
GENE-18264,NO,1,0,0,0,0,0,0
GENE-18265,NO,1,0,0,0,0,0,0
GENE-18266,NO,1,0,0,0,0,0,0
GENE-18267,NO,1,0,0,0,0,0,0
GENE-18268,NO,1,0,0,2,1,0,0
GENE-18269,NO,1,0,0,0,0,0,0
GENE-18270,NO,1,0,0,0,0,0,0
GENE-18271,NO,1,9,11,4,8,6,6
GENE-18272,NO,1,0,0,0,0,0,0
GENE-18273,NO,1,0,0,0,0,0,0
GENE-18274,NO,1,0,0,0,0,0,0
GENE-18275,NO,1,212,417,450,371,379,224
GENE-18276,NO,1,2597,1760,3261,3103,2443,2372
GENE-18277,NO,1,221,191,286,223,270,281
GENE-18278,NO,1,1986,2412,1873,2225,2078,1818
GENE-18279,NO,1,55,69,66,54,45,51
GENE-18280,NO,1,3,3,6,7,7,4
GENE-18281,NO,1,371,349,338,382,367,308
GENE-18282,NO,1,133,481,395,247,268,96
GENE-18283,NO,1,0,0,0,0,0,0
GENE-18284,NO,1,0,0,0,0,0,0
GENE-18285,NO,1,0,0,0,0,0,0
GENE-18286,NO,1,0,0,0,0,0,0
GENE-18287,NO,1,5,9,14,8,6,9
GENE-18288,NO,1,0,0,0,0,0,0
GENE-18289,NO,1,170,97,114,121,99,180
GENE-18290,NO,1,25,17,23,22,21,20
GENE-18291,NO,1,0,0,0,0,0,0
GENE-18292,NO,1,0,0,0,0,0,0
GENE-18293,NO,1,0,0,0,0,0,0
GENE-18294,NO,1,0,0,0,0,0,0
GENE-18295,YES,1,0,0,0,0,0,0
GENE-18296,NO,1,169,198,204,218,220,197
GENE-18297,NO,1,0,0,0,0,0,0
GENE-18298,NO,1,0,0,0,0,0,0
GENE-18299,NO,1,0,0,0,0,0,0
GENE-18300,NO,1,15,20,11,13,19,16
GENE-18302,NO,1,0,0,0,0,0,0
GENE-18303,NO,1,0,0,0,0,0,0
GENE-18304,NO,1,0,0,0,0,0,0
GENE-18305,NO,1,0,0,0,0,0,0
GENE-18306,NO,1,0,0,0,0,0,0
GENE-18307,NO,1,0,0,0,0,0,0
GENE-18308,NO,1,0,0,0,0,0,0
GENE-18309,NO,1,0,0,0,0,0,0
GENE-18310,NO,1,0,1,1,1,2,0
GENE-18311,NO,1,0,0,0,0,0,0
GENE-18312,NO,1,0,0,0,0,0,0
GENE-18313,NO,1,10,3,5,7,2,4
GENE-18314,NO,1,0,0,0,0,0,0
GENE-18315,NO,1,9,28,11,12,10,4
GENE-18316,NO,1,0,0,0,0,0,0
GENE-18317,NO,1,0,0,0,0,0,0
GENE-18318,NO,1,0,0,0,0,0,0
GENE-18319,NO,1,0,0,0,0,0,0
GENE-18320,NO,1,0,0,0,0,0,0
GENE-18321,NO,1,0,0,0,0,0,0
GENE-18322,NO,1,0,0,0,0,0,0
GENE-18323,NO,1,0,0,0,0,0,0
GENE-18324,NO,1,0,0,0,0,0,0
GENE-18325,NO,1,86,91,84,74,80,92
GENE-18326,NO,1,1627,1801,1366,1516,1585,1401
GENE-18327,NO,1,182,194,182,211,174,215
GENE-18328,NO,1,0,0,0,0,0,0
GENE-18329,NO,1,0,0,0,0,0,0
GENE-18330,NO,1,0,0,0,0,0,0
GENE-18331,NO,1,173,188,133,230,101,116
GENE-18332,YES,1,0,0,0,0,0,0
GENE-18333,NO,1,0,0,0,0,0,0
GENE-18334,NO,1,0,0,0,0,0,0
GENE-18335,NO,1,0,0,0,0,0,0
GENE-18336,NO,1,0,0,0,0,0,0
GENE-18337,NO,1,722,730,734,925,744,733
GENE-18338,NO,1,0,0,0,0,0,0
GENE-18339,NO,1,0,0,0,0,0,0
GENE-18340,NO,1,36,46,42,31,42,39
GENE-18341,NO,1,379,314,400,357,354,376
GENE-18342,NO,1,0,0,0,0,0,0
GENE-18343,NO,1,5,2,1,0,4,2
GENE-18344,NO,1,0,0,0,0,0,0
GENE-18345,NO,1,673,599,538,452,398,488
GENE-18346,NO,1,0,0,0,0,0,0
GENE-18347,NO,1,49,23,30,32,55,31
GENE-18348,NO,1,1,0,0,1,0,0
GENE-18350,NO,1,0,0,0,0,0,0
GENE-18351,NO,1,0,0,0,0,0,0
GENE-18352,YES,1,0,0,0,0,0,0
GENE-18353,YES,1,0,0,0,0,0,0
GENE-18354,NO,1,552,45,234,204,78,104
GENE-18355,NO,1,9,8,11,17,15,12
GENE-18356,NO,1,0,0,0,0,0,0
GENE-18357,NO,1,41,40,37,42,48,49
GENE-18358,NO,1,0,0,0,0,0,0
GENE-18359,NO,1,0,0,0,0,0,0
GENE-18360,NO,1,371,442,333,422,370,489
GENE-18361,NO,1,0,0,0,0,0,0
GENE-18362,NO,1,0,0,0,0,0,0
GENE-18363,NO,1,0,0,0,0,0,0
GENE-18364,NO,1,0,0,0,0,0,0
GENE-18365,NO,1,0,0,0,0,0,0
GENE-18366,NO,1,0,0,0,0,0,0
GENE-18367,NO,1,0,0,0,0,0,0
GENE-18368,NO,1,0,0,0,0,0,0
GENE-18369,NO,1,3,1,2,2,0,2
GENE-18370,NO,1,101,75,117,143,120,114
GENE-18371,NO,1,0,0,0,0,0,0
GENE-18372,NO,1,0,0,0,0,0,0
GENE-18373,NO,1,0,0,0,0,0,0
GENE-18374,NO,1,0,0,0,0,0,0
GENE-18375,NO,1,319,315,469,358,258,336
GENE-18376,NO,1,0,0,0,0,0,0
GENE-18377,NO,1,0,0,0,0,0,0
GENE-18378,NO,1,0,0,0,0,0,0
GENE-18379,NO,1,0,0,0,0,0,0
GENE-18380,NO,1,18,9,17,20,19,19
GENE-18381,NO,1,0,0,0,0,0,0
GENE-18382,NO,1,0,0,0,0,0,0
GENE-18383,NO,1,0,0,0,0,0,0
GENE-18384,NO,1,0,0,0,0,0,0
GENE-18385,NO,1,0,0,0,0,0,0
GENE-18386,NO,1,0,0,0,0,0,0
GENE-18387,NO,1,0,0,0,0,0,0
GENE-18388,NO,1,0,0,0,0,0,0
GENE-18389,NO,1,0,2,0,0,0,1
GENE-18390,NO,1,0,0,0,0,0,0
GENE-18391,NO,1,0,0,0,0,0,0
GENE-18392,NO,1,0,0,0,0,0,0
GENE-18393,NO,1,122,61,95,78,112,69
GENE-18394,NO,1,0,0,0,0,0,0
GENE-18395,YES,1,0,0,0,0,0,0
GENE-18396,NO,1,0,0,0,0,0,0
GENE-18397,NO,1,0,0,0,0,0,0
GENE-18398,NO,1,0,0,0,0,0,0
GENE-18399,NO,1,0,0,0,0,1,1
GENE-18400,NO,1,0,0,0,0,0,0
GENE-18401,NO,1,487,275,188,482,517,480
GENE-18402,NO,1,0,0,0,0,0,0
GENE-18403,NO,1,1503,1084,1350,1502,1242,1830
GENE-18404,NO,1,0,0,0,0,0,0
GENE-18405,NO,1,0,0,0,0,0,0
GENE-18406,NO,1,49,29,42,31,36,68
GENE-18407,NO,1,0,0,0,0,0,0
GENE-18408,NO,1,0,0,0,0,0,0
GENE-18409,NO,1,0,0,0,0,0,0
GENE-18410,NO,1,0,0,0,0,0,0
GENE-18411,NO,1,292,494,235,674,220,191
GENE-18412,NO,1,0,0,0,0,0,0
GENE-18413,NO,1,0,0,0,0,0,0
GENE-18414,NO,1,0,0,0,0,0,0
GENE-18415,NO,1,0,0,0,0,0,0
GENE-18416,NO,1,51,36,40,29,41,34
GENE-18417,YES,1,0,0,0,0,0,0
GENE-18418,NO,1,0,0,0,4,9,1
GENE-18419,NO,1,0,0,0,0,0,0
GENE-18420,NO,1,0,0,0,0,0,0
GENE-18421,NO,1,0,0,0,0,0,0
GENE-18422,NO,1,117,92,87,97,95,144
GENE-18423,NO,1,0,0,0,0,0,0
GENE-18424,NO,1,0,0,0,0,0,0
GENE-18425,NO,1,112,41,420,197,136,198
GENE-18426,NO,1,0,0,0,0,0,0
GENE-18427,NO,1,0,0,0,0,0,0
GENE-18428,NO,1,0,0,0,0,0,0
GENE-18429,NO,1,0,0,1,1,0,0
GENE-18430,NO,1,3,6,11,9,12,7
GENE-18431,NO,1,2637,4062,3358,3942,3156,3701
GENE-18432,NO,1,2,0,3,0,1,1
GENE-18433,NO,1,0,0,0,0,0,0
GENE-18434,NO,1,0,0,0,0,0,0
GENE-18435,NO,1,0,0,0,0,0,0
GENE-18436,NO,1,252,307,154,377,185,224
GENE-18437,NO,1,0,0,0,0,0,0
GENE-18438,NO,1,0,0,0,0,0,0
GENE-18439,NO,1,0,0,0,0,0,0
GENE-18440,NO,1,1350,1417,1337,931,1151,1173
GENE-18441,NO,1,0,0,0,0,0,0
GENE-18442,YES,1,0,0,0,0,0,0
GENE-18443,NO,1,0,0,0,0,0,0
GENE-18444,NO,1,0,0,0,0,0,0
GENE-18445,NO,1,0,0,0,0,0,0
GENE-18446,NO,1,0,0,0,0,0,0
GENE-18447,NO,1,0,0,0,0,0,0
GENE-18448,NO,1,0,0,0,0,0,0
GENE-18449,YES,1,0,0,0,0,0,0
GENE-18450,NO,1,0,0,0,0,0,0
GENE-18451,NO,1,0,0,0,0,0,0
GENE-18452,NO,1,0,0,0,0,0,0
GENE-18453,NO,1,227,206,151,286,243,184
GENE-18454,NO,1,0,0,0,0,0,0
GENE-18455,NO,1,483,542,564,575,668,551
GENE-18456,NO,1,0,0,0,0,0,0
GENE-18457,NO,1,0,0,0,0,0,0
GENE-18458,NO,1,0,0,0,0,0,0
GENE-18459,NO,1,0,0,0,0,0,0
GENE-18460,NO,1,259,306,185,197,197,241
GENE-18461,NO,1,0,0,0,0,0,0
GENE-18462,NO,1,0,0,0,0,0,0
GENE-18463,NO,1,0,0,0,0,0,0
GENE-18464,NO,1,0,0,0,0,0,0
GENE-18465,NO,1,64,71,80,65,84,47
GENE-18466,NO,1,0,0,0,0,0,0
GENE-18467,NO,1,11,8,8,4,4,8
GENE-18468,NO,1,0,0,0,0,0,0
GENE-18469,NO,1,0,0,0,0,0,0
GENE-18470,NO,1,0,0,0,0,0,0
GENE-18471,NO,1,45,45,59,49,27,54
GENE-18472,NO,1,0,0,0,0,0,0
GENE-18473,NO,1,21,26,25,34,22,20
GENE-18474,NO,1,5,1,7,3,3,0
GENE-18475,NO,1,0,0,0,0,0,0
GENE-18476,NO,1,0,0,0,0,0,0
GENE-18477,NO,1,29,24,32,14,22,20
GENE-18478,NO,1,0,0,0,0,0,0
GENE-18479,NO,1,0,0,0,0,0,0
GENE-18480,NO,1,0,0,0,0,0,0
GENE-18481,NO,1,0,0,0,0,0,0
GENE-18482,NO,1,0,0,0,0,0,0
GENE-18483,NO,1,1360,1122,3131,635,1611,1143
GENE-18484,YES,1,0,0,0,0,0,0
GENE-18485,NO,1,0,0,0,0,0,0
GENE-18486,NO,1,0,0,0,0,0,0
GENE-18487,NO,1,0,0,0,0,0,0
GENE-18488,NO,1,0,0,0,0,0,0
GENE-18489,NO,1,0,0,0,0,0,0
GENE-18490,NO,1,2,0,0,0,0,1
GENE-18491,NO,1,56,55,50,65,66,78
GENE-18492,NO,1,0,0,0,0,0,0
GENE-18493,NO,1,0,0,0,0,0,0
GENE-18494,NO,1,300,274,266,247,256,301
GENE-18495,NO,1,0,0,0,0,0,0
GENE-18496,NO,1,0,0,0,0,0,0
GENE-18497,NO,1,45,48,46,52,41,47
GENE-18498,NO,1,46,37,34,28,27,27
GENE-18499,NO,1,0,0,0,0,0,0
GENE-18500,NO,1,4,6,11,14,13,8
GENE-18501,NO,1,0,0,0,0,0,0
GENE-18502,NO,1,0,0,0,0,0,0
GENE-18503,NO,1,0,0,0,0,0,0
GENE-18504,NO,1,0,0,0,0,0,0
GENE-18505,NO,1,1946,1957,2550,759,1465,848
GENE-18506,NO,1,0,0,0,0,0,0
GENE-18507,NO,1,0,0,0,0,0,0
GENE-18508,NO,1,0,0,0,0,0,0
GENE-18509,NO,1,0,0,0,0,0,0
GENE-18510,NO,1,0,0,0,0,0,0
GENE-18511,NO,1,0,0,0,0,0,0
GENE-18512,NO,1,0,0,0,0,0,0
GENE-18513,NO,1,1099,1012,1252,1205,932,977
GENE-18514,NO,1,40,38,91,61,125,172
GENE-18515,NO,1,0,0,0,0,0,0
GENE-18516,NO,1,453,444,561,526,544,555
GENE-18517,NO,1,0,0,0,0,0,0
GENE-18518,NO,1,0,0,0,0,0,0
GENE-18519,NO,1,0,0,0,0,0,0
GENE-18520,NO,1,1,1,4,1,0,0
GENE-18521,NO,1,11,16,5,4,12,9
GENE-18522,NO,1,0,0,0,0,0,0
GENE-18523,NO,1,0,0,0,0,0,0
GENE-18524,NO,1,0,0,0,0,0,0
GENE-18525,NO,1,0,0,0,0,0,0
GENE-18526,NO,1,0,0,0,0,0,0
GENE-18527,NO,1,0,0,0,0,0,0
GENE-18528,NO,1,0,0,0,0,0,0
GENE-18529,NO,1,0,0,0,0,0,0
GENE-18530,NO,1,0,0,0,0,0,0
GENE-18531,NO,1,54,75,89,81,71,50
GENE-18532,NO,1,312,270,250,251,255,304
GENE-18533,NO,1,0,0,0,0,0,0
GENE-18534,NO,1,0,0,0,0,0,0
GENE-18535,NO,1,0,0,0,0,0,0
GENE-18536,NO,1,0,0,0,0,0,0
GENE-18537,NO,1,0,0,0,0,0,0
GENE-18538,NO,1,87,65,72,89,81,88
GENE-18539,NO,1,0,0,0,0,0,1
GENE-18540,YES,1,0,0,0,0,0,0
GENE-18541,NO,1,0,0,0,0,0,0
GENE-18542,NO,1,0,0,0,0,0,0
GENE-18543,NO,1,0,0,0,0,0,0
GENE-18544,NO,1,0,0,0,0,0,0
GENE-18545,NO,1,0,0,0,0,0,0
GENE-18546,NO,1,0,0,0,0,0,0
GENE-18547,YES,1,0,0,0,0,0,0
GENE-18548,NO,1,0,0,0,0,0,0
GENE-18549,NO,1,331,459,313,348,238,445
GENE-18550,NO,1,0,0,0,0,0,0
GENE-18551,NO,1,0,0,0,0,0,0
GENE-18553,NO,1,147,142,136,126,152,158
GENE-18554,NO,1,377,398,203,89,237,95
GENE-18555,NO,1,0,0,0,0,0,0
GENE-18556,NO,1,0,0,0,0,0,0
GENE-18557,NO,1,0,0,0,0,0,0
GENE-18558,NO,1,7,5,6,9,8,2
GENE-18559,NO,1,0,0,1,3,2,2
GENE-18560,NO,1,0,0,0,0,0,0
GENE-18561,NO,1,137,162,160,175,138,137
GENE-18562,NO,1,0,0,0,0,0,0
GENE-18563,NO,1,0,0,0,0,0,0
GENE-18564,NO,1,0,0,0,0,0,0
GENE-18565,YES,1,0,0,0,0,0,0
GENE-18566,NO,1,247,273,176,162,274,211
GENE-18567,NO,1,6,38,38,2,26,6
GENE-18568,NO,1,4,1,1,0,4,5
GENE-18569,NO,1,20,13,14,15,12,26
GENE-18570,NO,1,0,0,0,0,0,0
GENE-18571,NO,1,0,0,0,0,0,0
GENE-18572,NO,1,0,0,0,0,0,0
GENE-18573,NO,1,0,0,0,0,0,0
GENE-18574,NO,1,0,3,2,4,7,4
GENE-18575,NO,1,0,0,0,0,0,0
GENE-18576,NO,1,0,0,0,0,0,0
GENE-18577,YES,1,7,3,4,4,3,4
GENE-18578,NO,1,0,0,0,0,0,0
GENE-18579,NO,1,0,0,0,0,0,0
GENE-18580,NO,1,0,0,0,0,0,0
GENE-18581,NO,1,0,0,0,0,0,0
GENE-18582,NO,1,0,0,0,0,0,0
GENE-18583,NO,1,0,0,0,0,0,0
GENE-18584,NO,1,0,0,0,0,0,0
GENE-18585,NO,1,0,0,0,0,0,0
GENE-18586,NO,1,0,0,0,0,0,0
GENE-18587,NO,1,0,0,0,0,0,0
GENE-18588,NO,1,0,0,0,0,0,0
GENE-18589,NO,1,0,0,0,0,0,0
GENE-18590,NO,1,0,0,0,0,0,0
GENE-18591,NO,1,0,0,0,0,0,0
GENE-18592,NO,1,0,0,0,0,0,0
GENE-18593,NO,1,0,0,0,0,0,0
GENE-18594,NO,1,115,97,96,128,93,83
GENE-18595,NO,1,146,165,176,130,139,181
GENE-18596,YES,1,0,0,0,0,0,0
GENE-18597,NO,1,0,0,0,0,0,0
GENE-18598,NO,1,0,0,0,0,0,0
GENE-18599,NO,1,682,695,630,727,706,677
GENE-18600,NO,1,0,0,0,0,0,0
GENE-18601,NO,1,18,21,20,15,17,17
GENE-18602,NO,1,85,91,72,125,84,113
GENE-18603,NO,1,0,0,0,0,0,0
GENE-18604,YES,1,3,0,1,2,1,1
GENE-18605,NO,1,0,0,0,0,0,0
GENE-18606,NO,1,0,0,0,0,0,0
GENE-18607,NO,1,0,0,0,0,0,0
GENE-18608,NO,1,0,0,0,0,0,0
GENE-18609,NO,1,2,1,4,2,6,6
GENE-18610,NO,1,0,0,0,0,0,0
GENE-18611,NO,1,0,0,0,0,0,0
GENE-18612,NO,1,4,11,5,7,2,7
GENE-18613,NO,1,1600,3732,2799,3858,3022,5463
GENE-18614,NO,1,347,76,323,100,429,179
GENE-18615,NO,1,0,0,0,0,0,0
GENE-18616,YES,1,0,0,0,0,0,0
GENE-18617,NO,1,0,0,0,0,0,0
GENE-18618,NO,1,1,0,1,1,0,1
GENE-18619,YES,1,0,0,0,0,0,0
GENE-18620,NO,1,0,0,0,0,0,0
GENE-18621,NO,1,0,0,0,0,0,0
GENE-18622,NO,1,217,147,244,176,210,135
GENE-18623,NO,1,0,0,0,0,0,0
GENE-18624,NO,1,1,1,0,1,2,1
GENE-18625,NO,1,0,0,0,0,0,0
GENE-18626,NO,1,0,0,0,0,0,0
GENE-18627,NO,1,314,252,289,242,262,259
GENE-18628,NO,1,0,0,0,0,0,0
GENE-18629,NO,1,1,1,0,0,0,0
GENE-18630,NO,1,0,0,0,0,0,0
GENE-18631,NO,1,714,426,601,552,572,593
GENE-18632,NO,1,0,0,0,0,0,0
GENE-18633,NO,1,0,0,0,0,0,0
GENE-18634,NO,1,0,0,0,0,0,0
GENE-18635,NO,1,0,0,0,0,0,0
GENE-18636,NO,1,0,0,0,0,0,0
GENE-18637,NO,1,1675,2224,2152,1397,1933,1261
GENE-18638,NO,1,24,60,47,43,49,36
GENE-18639,NO,1,92,125,80,67,63,81
GENE-18640,NO,1,0,0,0,0,0,0
GENE-18641,NO,1,0,0,0,0,0,0
GENE-18642,NO,1,1,63,59,111,72,34
GENE-18643,YES,1,0,0,0,0,0,0
GENE-18644,NO,1,0,0,0,0,0,0
GENE-18645,NO,1,0,0,0,0,0,0
GENE-18646,NO,1,0,0,0,0,0,0
GENE-18647,NO,1,0,0,0,0,0,0
GENE-18648,NO,1,0,0,0,0,0,0
GENE-18649,NO,1,0,0,0,0,0,0
GENE-18650,NO,1,0,0,0,0,0,0
GENE-18651,NO,1,148,115,123,143,133,160
GENE-18652,NO,1,0,0,0,0,0,0
GENE-18653,NO,1,1086,987,1240,518,1628,770
GENE-18654,NO,1,0,0,0,0,0,0
GENE-18655,NO,1,73,82,121,97,94,76
GENE-18656,NO,1,196,126,276,160,308,220
GENE-18657,NO,1,65,72,55,73,60,53
GENE-18658,NO,1,8,8,7,5,6,7
GENE-18659,YES,1,0,0,0,0,0,0
GENE-18660,NO,1,0,0,0,0,0,0
GENE-18661,NO,1,28,32,21,15,51,32
GENE-18662,NO,1,0,0,0,0,0,0
GENE-18663,NO,1,0,0,0,0,0,0
GENE-18664,NO,1,373,443,424,599,304,584
GENE-18665,NO,1,0,0,0,0,0,0
GENE-18666,NO,1,1659,976,1037,1292,1775,749
GENE-18667,NO,1,0,0,0,0,0,0
GENE-18668,NO,1,0,0,0,0,0,0
GENE-18669,NO,1,1,4,4,5,1,2
GENE-18670,NO,1,57,36,48,32,35,30
GENE-18671,NO,1,0,0,0,0,0,0
GENE-18672,NO,1,0,0,1,0,1,1
GENE-18673,NO,1,319,467,343,273,245,244
GENE-18674,NO,1,0,0,0,0,1,0
GENE-18675,NO,1,0,0,0,0,0,0
GENE-18676,NO,1,72,73,58,56,74,56
GENE-18677,NO,1,0,0,0,0,0,0
GENE-18678,NO,1,0,0,0,0,0,0
GENE-18679,NO,1,0,0,0,0,0,0
GENE-18680,NO,1,30,16,3,42,0,44
GENE-18681,NO,1,0,0,0,1,0,1
GENE-18682,NO,1,1,4,1,1,0,1
GENE-18683,NO,1,0,0,0,0,0,0
GENE-18685,NO,1,0,0,0,0,0,0
GENE-18686,NO,1,0,0,0,0,0,0
GENE-18687,NO,1,0,0,0,0,0,0
GENE-18688,NO,1,0,0,0,0,0,0
GENE-18689,NO,1,0,0,0,0,0,0
GENE-18690,NO,1,74,138,45,244,14,64
GENE-18691,NO,1,4,2,3,3,3,3
GENE-18692,NO,1,284,451,242,568,320,251
GENE-18693,NO,1,872,759,268,97,599,116
GENE-18694,NO,1,0,0,0,0,0,0
GENE-18695,YES,1,0,0,0,0,0,0
GENE-18696,NO,1,0,0,0,0,0,0
GENE-18697,NO,1,0,0,0,0,0,0
GENE-18698,NO,1,244,451,267,160,278,358
GENE-18699,NO,1,0,0,0,0,0,0
GENE-18700,NO,1,72,56,60,52,54,78
GENE-18701,NO,1,0,0,0,0,0,0
GENE-18702,NO,1,0,0,0,0,0,0
GENE-18703,NO,1,0,0,0,0,0,0
GENE-18704,NO,1,0,0,0,0,0,0
GENE-18705,NO,1,0,0,0,0,0,0
GENE-18706,NO,1,0,0,0,0,0,1
GENE-18707,NO,1,6,7,5,1,2,4
GENE-18708,NO,1,0,0,0,0,0,0
GENE-18709,NO,1,0,0,0,0,0,0
GENE-18710,NO,1,0,0,0,0,0,0
GENE-18711,NO,1,0,0,0,0,0,0
GENE-18712,NO,1,569,507,614,690,607,590
GENE-18714,NO,1,9,8,7,5,10,15
GENE-18715,NO,1,0,0,0,0,0,0
GENE-18716,NO,1,0,0,0,0,0,0
GENE-18717,NO,1,9,7,9,9,11,10
GENE-18718,NO,1,267,241,287,189,208,271
GENE-18719,NO,1,108,119,99,160,110,110
GENE-18720,NO,1,0,0,0,0,0,0
GENE-18721,NO,1,307,388,226,391,332,233
GENE-18722,NO,1,0,0,0,0,0,0
GENE-18723,NO,1,0,0,0,0,0,0
GENE-18724,NO,1,1,0,0,0,0,0
GENE-18725,NO,1,4,2,4,0,3,3
GENE-18726,NO,1,0,0,0,0,0,0
GENE-18727,NO,1,0,0,0,0,0,0
GENE-18728,NO,1,0,0,0,0,0,0
GENE-18729,NO,1,50,44,54,22,48,59
GENE-18730,NO,1,0,0,0,0,0,0
GENE-18731,NO,1,0,0,0,0,0,0
GENE-18732,NO,1,996,1014,772,471,778,900
GENE-18733,NO,1,0,0,0,0,0,0
GENE-18734,NO,1,0,0,0,0,0,0
GENE-18735,NO,1,0,0,0,0,0,0
GENE-18736,NO,1,19,17,8,16,11,19
GENE-18737,NO,1,17,13,23,23,36,20
GENE-18738,NO,1,0,0,0,0,0,1
GENE-18739,NO,1,4,1,1,2,0,1
GENE-18740,NO,1,0,0,0,0,0,0
GENE-18741,NO,1,0,0,0,0,0,0
GENE-18742,NO,1,0,0,0,0,0,0
GENE-18743,NO,1,0,0,0,0,0,0
GENE-18744,NO,1,0,0,0,0,0,0
GENE-18745,NO,1,0,0,0,0,0,0
GENE-18746,NO,1,0,0,0,0,0,0
GENE-18747,NO,1,0,0,0,0,0,0
GENE-18748,NO,1,301,299,206,205,210,244
GENE-18749,NO,1,0,0,0,0,0,0
GENE-18750,NO,1,76,78,53,51,60,47
GENE-18751,NO,1,0,0,0,0,0,0
GENE-18752,NO,1,0,0,0,0,0,0
GENE-18753,NO,1,16,23,14,24,25,23
GENE-18754,NO,1,0,0,0,0,0,0
GENE-18755,NO,1,0,0,0,0,0,0
GENE-18756,NO,1,6,13,8,11,5,12
GENE-18757,NO,1,0,0,0,0,0,0
GENE-18758,NO,1,0,0,0,0,0,0
GENE-18759,NO,1,0,0,0,0,0,0
GENE-18760,NO,1,0,0,0,0,0,0
GENE-18761,NO,1,0,0,0,0,0,0
GENE-18762,NO,1,0,0,0,0,0,0
GENE-18763,NO,1,0,0,0,0,0,0
GENE-18764,NO,1,0,0,0,0,0,0
GENE-18765,NO,1,2,0,3,0,0,0
GENE-18766,NO,1,0,0,0,0,0,0
GENE-18767,NO,1,0,0,0,0,0,0
GENE-18768,NO,1,0,0,0,0,0,0
GENE-18769,NO,1,31,11,22,22,30,16
GENE-18770,NO,1,0,0,0,0,0,0
GENE-18771,NO,1,0,0,0,0,0,0
GENE-18772,NO,1,0,0,0,0,0,0
GENE-18773,NO,1,0,0,0,0,0,0
GENE-18774,NO,1,0,0,0,0,0,0
GENE-18775,NO,1,78,14,346,68,0,57
GENE-18776,NO,1,5,7,0,2,3,3
GENE-18777,NO,1,182,284,182,410,99,311
GENE-18778,NO,1,0,0,0,0,0,0
GENE-18779,NO,1,0,0,0,0,0,0
GENE-18780,NO,1,0,0,0,0,0,0
GENE-18781,NO,1,7,11,4,3,10,7
GENE-18782,NO,1,2169,2335,735,2168,428,634
GENE-18783,NO,1,0,0,0,0,0,0
GENE-18784,NO,1,0,0,0,0,0,0
GENE-18785,NO,1,0,0,0,0,0,0
GENE-18786,NO,1,119,82,80,78,89,98
GENE-18787,NO,1,0,0,0,0,0,0
GENE-18788,NO,1,286,374,201,310,231,254
GENE-18789,NO,1,0,0,0,0,0,0
GENE-18790,NO,1,0,0,0,0,0,0
GENE-18791,NO,1,7,22,14,16,10,21
GENE-18792,NO,1,0,0,0,0,0,0
GENE-18793,NO,1,0,0,0,0,0,0
GENE-18794,NO,1,0,0,0,0,0,0
GENE-18795,NO,1,0,0,0,0,0,0
GENE-18796,NO,1,0,0,0,0,0,0
GENE-18797,NO,1,360,336,412,254,310,302
GENE-18798,NO,1,514,710,790,747,498,563
GENE-18799,NO,1,0,0,0,0,0,0
GENE-18800,NO,1,0,0,0,0,0,0
GENE-18801,NO,1,70,92,84,95,95,70
GENE-18802,NO,1,0,0,0,0,0,0
GENE-18803,NO,1,145,217,139,197,253,290
GENE-18804,NO,1,0,0,0,0,0,0
GENE-18805,NO,1,0,0,0,0,0,0
GENE-18806,NO,1,0,0,0,0,0,0
GENE-18807,NO,1,0,0,0,0,0,0
GENE-18808,NO,1,7,2,10,6,3,1
GENE-18809,NO,1,666,693,840,712,761,915
GENE-18810,NO,1,3,8,15,18,12,11
GENE-18811,NO,1,430,393,450,419,446,415
GENE-18812,NO,1,0,0,0,0,0,0
GENE-18813,NO,1,2138,1920,2743,2206,4105,4179
GENE-18814,NO,1,2,0,0,0,2,3
GENE-18815,NO,1,5002,4038,3756,3570,3514,4830
GENE-18816,NO,1,0,0,0,0,0,0
GENE-18817,NO,1,964,386,541,510,598,555
GENE-18818,NO,1,2,11,4,5,8,10
GENE-18819,NO,1,2096,2369,2160,2233,2066,2317
GENE-18820,NO,1,0,0,0,0,0,0
GENE-18821,NO,1,44,53,54,42,43,40
GENE-18822,NO,1,2367,2420,2705,3094,2259,1440
GENE-18823,NO,1,0,0,0,0,0,0
GENE-18824,NO,1,3,7,3,3,4,10
GENE-18825,NO,1,0,0,0,0,0,0
GENE-18826,NO,1,0,0,0,0,0,0
GENE-18827,NO,1,0,0,0,0,0,0
GENE-18828,NO,1,0,0,0,0,0,0
GENE-18829,NO,1,7,5,4,6,1,3
GENE-18830,NO,1,0,0,0,0,0,0
GENE-18831,NO,1,84,71,63,63,55,93
GENE-18832,NO,1,0,0,0,0,0,0
GENE-18833,NO,1,0,0,0,0,0,0
GENE-18834,NO,1,392,337,276,270,344,408
GENE-18835,NO,1,1,2,0,1,3,2
GENE-18836,NO,1,0,0,0,0,0,0
GENE-18837,NO,1,0,0,0,0,0,0
GENE-18838,NO,1,0,0,0,0,0,0
GENE-18839,NO,1,0,0,2,0,0,1
GENE-18840,NO,1,0,0,0,0,0,0
GENE-18842,NO,1,0,0,0,0,0,0
GENE-18843,NO,1,0,0,0,0,0,0
GENE-18844,NO,1,0,0,0,0,0,0
GENE-18845,NO,1,17,25,20,13,16,23
GENE-18846,NO,1,0,0,0,0,0,0
GENE-18847,NO,1,0,0,0,0,0,0
GENE-18848,NO,1,0,0,0,0,0,0
GENE-18849,NO,1,0,0,0,0,0,0
GENE-18850,NO,1,347,248,369,277,380,261
GENE-18851,NO,1,0,0,0,0,0,0
GENE-18852,NO,1,0,0,0,0,0,0
GENE-18853,NO,1,0,0,0,0,0,0
GENE-18854,NO,1,0,0,0,0,0,0
GENE-18855,NO,1,0,0,0,0,0,0
GENE-18856,NO,1,30,28,25,20,16,32
GENE-18857,NO,1,0,0,0,0,0,0
GENE-18858,NO,1,0,0,0,0,0,0
GENE-18859,NO,1,0,0,0,0,0,0
GENE-18860,NO,1,0,0,0,0,0,0
GENE-18861,NO,1,0,0,0,0,0,0
GENE-18862,NO,1,62,42,70,32,53,30
GENE-18863,NO,1,0,0,0,0,0,0
GENE-18864,NO,1,0,0,0,0,0,0
GENE-18865,NO,1,0,0,0,0,0,0
GENE-18866,NO,1,1,2,0,1,1,0
GENE-18867,NO,1,796,500,284,841,739,619
GENE-18868,NO,1,0,0,0,0,0,0
GENE-18869,YES,1,0,0,0,0,0,0
GENE-18870,NO,1,1,0,2,2,1,0
GENE-18871,NO,1,36,30,31,23,27,21
GENE-18872,NO,1,0,0,0,0,0,0
GENE-18873,NO,1,5,1,4,0,1,2
GENE-18874,YES,1,4,3,1,2,6,1
GENE-18875,NO,1,0,0,0,0,0,0
GENE-18876,NO,1,0,0,0,0,0,0
GENE-18877,NO,1,0,0,0,0,0,0
GENE-18878,NO,1,0,0,0,0,0,0
GENE-18879,NO,1,0,0,0,0,0,0
GENE-18880,NO,1,0,0,0,0,0,0
GENE-18881,NO,1,0,0,0,0,0,0
GENE-18882,NO,1,0,0,0,0,0,0
GENE-18883,NO,1,3,2,1,5,4,0
GENE-18884,NO,1,0,0,0,0,0,0
GENE-18886,NO,1,0,0,0,0,0,0
GENE-18887,NO,1,95,90,93,94,83,86
GENE-18888,NO,1,0,0,0,0,0,0
GENE-18889,NO,1,0,0,0,0,0,0
GENE-18890,NO,1,0,0,0,0,0,0
GENE-18891,NO,1,4,0,3,0,2,1
GENE-18892,NO,1,0,0,0,0,0,0
GENE-18893,NO,1,0,0,0,0,0,0
GENE-18894,NO,1,71,58,38,51,58,31
GENE-18895,NO,1,5,1,3,2,0,1
GENE-18897,NO,1,87,76,68,81,77,114
GENE-18898,NO,1,436,431,492,600,488,450
GENE-18899,NO,1,0,0,0,0,0,0
GENE-18900,NO,1,18,8,7,6,9,9
GENE-18901,NO,1,93,62,99,76,40,75
GENE-18902,YES,1,0,0,0,0,0,0
GENE-18903,NO,1,0,0,0,0,0,0
GENE-18904,NO,1,0,0,0,0,0,0
GENE-18905,NO,1,0,0,0,0,0,0
GENE-18906,NO,1,0,0,0,0,0,0
GENE-18907,NO,1,0,0,0,0,0,0
GENE-18908,NO,1,0,0,0,0,0,0
GENE-18909,NO,1,0,0,0,0,0,0
GENE-18910,NO,1,1,0,0,0,0,0
GENE-18911,NO,1,395,437,413,376,425,387
GENE-18912,NO,1,200,228,181,229,144,270
GENE-18913,NO,1,71,51,66,44,60,49
GENE-18914,NO,1,0,0,0,0,0,0
GENE-18915,NO,1,0,0,0,0,0,0
GENE-18916,NO,1,0,0,0,0,0,0
GENE-18917,NO,1,76,27,45,91,31,82
GENE-18918,NO,1,18,50,30,21,20,24
GENE-18919,NO,1,0,0,0,0,0,0
GENE-18920,NO,1,0,0,0,0,0,0
GENE-18921,NO,1,49,45,44,35,28,49
GENE-18922,NO,1,0,0,0,0,0,0
GENE-18923,NO,1,0,0,0,0,0,0
GENE-18924,NO,1,0,0,0,0,0,0
GENE-18925,NO,1,0,0,0,0,0,0
GENE-18926,YES,1,0,0,0,0,0,0
GENE-18927,NO,1,27,6,6,30,49,58
GENE-18928,NO,1,0,0,0,0,0,0
GENE-18929,NO,1,5,4,2,0,2,1
GENE-18930,NO,1,0,0,0,0,0,0
GENE-18931,NO,1,0,0,0,0,0,0
GENE-18932,NO,1,0,0,0,1,0,0
GENE-18933,YES,1,0,0,0,0,0,0
GENE-18934,NO,1,0,0,0,0,0,0
GENE-18935,NO,1,115,181,222,118,299,253
GENE-18936,NO,1,5,6,3,5,8,2
GENE-18937,NO,1,0,0,0,0,0,0
GENE-18938,NO,1,0,0,0,0,0,0
GENE-18939,NO,1,0,0,0,0,0,0
GENE-18940,NO,1,2957,3045,3136,3635,2997,2408
GENE-18941,NO,1,0,0,0,0,0,0
GENE-18942,NO,1,0,0,0,0,0,0
GENE-18943,NO,1,0,0,1,2,0,0
GENE-18944,NO,1,0,0,0,0,0,0
GENE-18945,NO,1,3,6,4,5,1,6
GENE-18946,NO,1,0,0,0,0,0,0
GENE-18947,NO,1,0,0,0,0,0,0
GENE-18948,NO,1,205,123,203,37,112,213
GENE-18949,NO,1,0,0,0,0,0,0
GENE-18950,NO,1,4,4,1,5,9,3
GENE-18951,NO,1,0,0,0,0,0,0
GENE-18952,NO,1,0,0,0,0,0,0
GENE-18953,NO,1,0,0,0,0,0,0
GENE-18954,NO,1,26,23,14,21,21,30
GENE-18955,NO,1,0,0,0,0,0,0
GENE-18956,NO,1,1,1,0,0,0,0
GENE-18957,NO,1,0,0,0,0,0,0
GENE-18958,NO,1,12,13,10,16,18,16
GENE-18959,NO,1,0,0,0,0,0,0
GENE-18960,NO,1,0,0,0,0,0,0
GENE-18961,NO,1,0,0,0,0,0,0
GENE-18962,NO,1,15,3,9,12,8,7
GENE-18963,NO,1,6510,3159,49,6495,430,339
GENE-18964,NO,1,0,0,0,0,0,0
GENE-18965,NO,1,0,0,0,0,0,0
GENE-18966,NO,1,0,0,0,0,0,0
GENE-18967,NO,1,0,0,0,0,0,0
GENE-18968,NO,1,0,0,1,0,0,0
GENE-18969,NO,1,22,26,19,25,24,10
GENE-18970,YES,1,0,0,0,0,0,0
GENE-18971,NO,1,0,0,0,0,0,0
GENE-18972,NO,1,0,0,0,0,0,0
GENE-18973,NO,1,0,0,0,0,0,0
GENE-18974,NO,1,0,0,0,0,0,0
GENE-18975,NO,1,115,89,68,93,91,103
GENE-18976,NO,1,0,0,0,0,0,0
GENE-18977,NO,1,2,6,10,6,7,7
GENE-18978,NO,1,0,0,0,0,0,0
GENE-18979,NO,1,99,86,64,71,68,48
GENE-18980,NO,1,1,1,0,2,0,1
GENE-18981,NO,1,0,0,0,0,0,0
GENE-18982,NO,1,0,0,0,0,0,0
GENE-18983,NO,1,0,0,0,0,0,0
GENE-18984,NO,1,172,192,216,196,162,190
GENE-18985,NO,1,0,0,0,0,0,0
GENE-18986,NO,1,332,261,338,322,229,308
GENE-18987,NO,1,34,28,25,36,44,31
GENE-18988,NO,1,27,19,24,27,24,30
GENE-18989,NO,1,0,0,0,0,0,0
GENE-18990,NO,1,0,0,0,0,0,0
GENE-18991,NO,1,0,0,0,0,0,0
GENE-18992,NO,1,0,0,0,0,0,0
GENE-18993,NO,1,395,212,254,132,328,377
GENE-18994,NO,1,0,0,0,0,0,0
GENE-18995,NO,1,105,266,464,408,484,467
GENE-18996,NO,1,104,95,88,82,115,105
GENE-18997,NO,1,48,69,44,48,43,56
GENE-18998,NO,1,0,0,0,0,0,0
GENE-18999,NO,1,0,0,0,0,0,0
GENE-19000,YES,1,0,0,0,0,0,0
GENE-19001,YES,1,0,0,0,0,0,0
GENE-19002,NO,1,3,16,21,21,25,12
GENE-19003,NO,1,0,0,0,0,0,0
GENE-19004,NO,1,0,0,0,0,0,0
GENE-19005,NO,1,0,0,0,0,0,0
GENE-19006,NO,1,70,78,95,67,88,73
GENE-19007,NO,1,134,171,153,132,139,149
GENE-19008,NO,1,0,0,0,0,0,0
GENE-19009,NO,1,73,91,133,102,46,192
GENE-19010,NO,1,0,0,0,0,0,0
GENE-19011,NO,1,283,463,451,499,487,360
GENE-19012,NO,1,0,0,0,0,5,0
GENE-19013,NO,1,0,0,0,0,0,0
GENE-19014,NO,1,0,0,0,0,0,0
GENE-19015,NO,1,357,478,401,342,535,330
GENE-19016,NO,1,8,8,9,5,12,9
GENE-19017,NO,1,8,1,7,5,7,7
GENE-19018,NO,1,241,213,81,244,301,212
GENE-19019,NO,1,3,5,3,14,8,8
GENE-19020,NO,1,0,0,0,0,0,0
GENE-19021,NO,1,0,0,0,0,0,0
GENE-19022,NO,1,0,0,0,0,0,0
GENE-19023,NO,1,1095,889,928,721,728,1263
GENE-19024,YES,1,0,0,0,0,0,0
GENE-19025,NO,1,0,0,0,0,0,0
GENE-19026,NO,1,0,0,0,0,0,0
GENE-19027,NO,1,0,0,0,0,0,0
GENE-19028,YES,1,0,0,0,0,0,0
GENE-19029,NO,1,0,0,0,0,0,0
GENE-19030,NO,1,1,2,0,0,1,1
GENE-19031,NO,1,0,0,0,0,0,0
GENE-19032,NO,1,13,4,8,18,13,17
GENE-19033,NO,1,1201,1308,1285,1514,1068,1223
GENE-19034,NO,1,2973,1983,2663,2551,2376,2440
GENE-19035,NO,1,269,238,229,208,229,178
GENE-19036,NO,1,14,2,12,6,12,10
GENE-19037,NO,1,497,426,693,469,1067,806
GENE-19038,NO,1,36,44,68,75,26,103
GENE-19039,NO,1,0,0,0,0,0,0
GENE-19040,YES,1,0,0,0,0,0,0
GENE-19041,NO,1,0,0,0,0,0,0
GENE-19042,NO,1,2,1,1,1,1,2
GENE-19043,NO,1,1212,881,1739,1483,863,1295
GENE-19044,NO,1,0,0,0,0,0,0
GENE-19045,NO,1,4,8,8,6,9,6
GENE-19046,NO,1,0,0,0,0,0,0
GENE-19047,NO,1,0,3,14,6,7,21
GENE-19048,NO,1,1,0,0,0,1,0
GENE-19050,NO,1,0,0,0,0,0,0
GENE-19051,NO,1,0,0,0,0,0,0
GENE-19052,NO,1,0,0,0,0,0,0
GENE-19053,NO,1,0,0,0,0,0,0
GENE-19055,NO,1,305,384,239,403,381,349
GENE-19056,NO,1,0,0,0,0,0,0
GENE-19057,NO,1,0,0,0,2,0,0
GENE-19058,NO,1,0,0,0,0,0,0
GENE-19059,NO,1,0,0,0,0,0,0
GENE-19060,NO,1,55,72,74,58,60,73
GENE-19061,NO,1,15,8,16,15,19,10
GENE-19062,NO,1,0,0,0,0,0,0
GENE-19063,NO,1,1,1,1,3,6,0
GENE-19064,NO,1,0,0,0,0,0,0
GENE-19065,NO,1,431,620,330,416,592,526
GENE-19066,NO,1,0,0,0,0,0,0
GENE-19067,NO,1,61,58,49,55,55,65
GENE-19068,NO,1,1,1,3,3,2,2
GENE-19069,NO,1,0,0,0,0,0,0
GENE-19070,NO,1,0,0,0,0,0,0
GENE-19071,YES,1,0,0,0,0,0,0
GENE-19072,NO,1,0,0,0,0,0,0
GENE-19073,NO,1,0,0,0,0,0,0
GENE-19074,NO,1,473,391,409,501,430,525
GENE-19075,NO,1,0,0,0,0,0,0
GENE-19076,NO,1,0,0,0,0,0,0
GENE-19077,NO,1,0,0,0,0,0,0
GENE-19078,NO,1,67,61,80,82,68,68
GENE-19079,NO,1,0,0,0,0,0,1
GENE-19080,NO,1,0,0,0,0,0,0
GENE-19081,NO,1,0,0,0,0,0,0
GENE-19082,NO,1,0,0,0,0,0,0
GENE-19083,NO,1,59,35,68,50,30,39
GENE-19084,NO,1,0,0,0,0,0,0
GENE-19085,NO,1,0,0,0,0,0,0
GENE-19086,NO,1,0,0,0,0,0,0
GENE-19087,NO,1,0,0,0,0,0,0
GENE-19088,NO,1,100,182,63,161,82,34
GENE-19089,NO,1,79,43,60,64,32,36
GENE-19090,NO,1,1,2,0,1,0,0
GENE-19091,NO,1,414,496,403,369,366,310
GENE-19093,NO,1,289,348,244,312,293,242
GENE-19094,NO,1,0,0,0,0,0,0
GENE-19095,NO,1,28,28,13,42,54,44
GENE-19096,NO,1,0,0,0,0,0,0
GENE-19097,NO,1,0,0,0,0,0,0
GENE-19098,NO,1,328,286,228,378,212,269
GENE-19099,NO,1,860,750,672,879,743,818
GENE-19100,NO,1,74,48,56,53,74,72
GENE-19101,NO,1,0,0,0,0,0,0
GENE-19102,NO,1,292,299,247,238,283,211
GENE-19104,NO,1,1079,1617,603,591,1312,988
GENE-19105,NO,1,661,515,591,588,604,622
GENE-19106,NO,1,0,0,0,0,0,0
GENE-19107,NO,1,0,0,0,0,0,0
GENE-19108,NO,1,0,0,0,0,0,0
GENE-19109,NO,1,0,0,0,0,0,0
GENE-19110,NO,1,110,64,82,97,81,91
GENE-19111,YES,1,0,0,0,0,0,0
GENE-19112,NO,1,5,5,2,4,1,2
GENE-19113,NO,1,0,0,0,0,0,0
GENE-19114,NO,1,253,323,329,275,283,272
GENE-19115,NO,1,15,15,13,18,8,17
GENE-19116,NO,1,0,0,0,0,0,0
GENE-19117,NO,1,0,0,0,0,0,0
GENE-19118,NO,1,0,0,0,0,0,0
GENE-19119,NO,1,0,0,0,0,0,0
GENE-19120,NO,1,0,0,0,0,0,0
GENE-19121,NO,1,0,0,0,0,0,0
GENE-19122,NO,1,2,3,2,2,2,1
GENE-19123,NO,1,1248,1172,1117,1249,1132,861
GENE-19124,NO,1,10,9,12,13,10,19
GENE-19125,NO,1,36,28,37,37,37,34
GENE-19126,NO,1,122,57,28,103,242,4
GENE-19127,NO,1,22,28,17,29,23,15
GENE-19128,NO,1,0,0,0,0,0,0
GENE-19129,NO,1,0,0,0,0,0,0
GENE-19130,NO,1,0,0,0,0,0,0
GENE-19131,NO,1,0,0,0,0,0,0
GENE-19132,NO,1,211,170,194,203,222,142
GENE-19133,NO,1,0,0,0,0,0,0
GENE-19134,NO,1,0,0,0,0,0,0
GENE-19135,NO,1,58,53,60,66,55,58
GENE-19136,NO,1,0,0,0,0,0,0
GENE-19137,NO,1,50,46,62,55,56,58
GENE-19138,NO,1,1,4,4,1,6,6
GENE-19139,NO,1,0,0,0,0,0,0
GENE-19140,NO,1,0,0,0,0,0,0
GENE-19141,NO,1,0,0,0,0,0,0
GENE-19142,NO,1,0,0,0,0,0,0
GENE-19144,NO,1,0,0,0,0,0,0
GENE-19145,NO,1,0,0,0,0,0,0
GENE-19146,NO,1,2016,2046,1972,1738,1812,2103
GENE-19147,NO,1,0,0,0,0,0,0
GENE-19148,NO,1,378,331,327,279,314,245
GENE-19149,NO,1,0,0,0,0,0,0
GENE-19150,NO,1,28,33,42,35,42,53
GENE-19151,NO,1,0,3,0,2,1,1
GENE-19152,NO,1,123,66,47,58,70,108
GENE-19153,NO,1,0,0,0,0,0,0
GENE-19154,NO,1,0,0,0,0,0,0
GENE-19155,NO,1,0,0,0,0,0,0
GENE-19156,NO,1,0,0,0,0,0,0
GENE-19157,NO,1,0,0,0,0,0,1
GENE-19158,NO,1,0,0,0,0,0,0
GENE-19159,NO,1,0,0,0,0,0,0
GENE-19160,NO,1,7,7,5,8,11,11
GENE-19161,NO,1,0,0,0,0,0,0
GENE-19162,NO,1,0,0,0,0,0,0
GENE-19163,NO,1,0,0,0,0,0,0
GENE-19164,NO,1,0,1,1,0,1,0
GENE-19165,NO,1,0,0,0,0,0,0
GENE-19166,NO,1,0,0,0,0,0,0
GENE-19167,NO,1,0,0,0,0,0,0
GENE-19168,NO,1,0,0,0,0,0,0
GENE-19169,NO,1,15,11,12,17,12,5
GENE-19170,NO,1,232,225,241,241,160,157
GENE-19171,NO,1,0,0,0,0,0,0
GENE-19172,NO,1,0,0,0,0,0,0
GENE-19173,NO,1,0,0,0,0,0,0
GENE-19174,NO,1,0,0,0,1,1,0
GENE-19175,NO,1,0,0,0,0,0,0
GENE-19176,NO,1,0,0,0,0,0,0
GENE-19177,NO,1,2,4,1,2,3,1
GENE-19178,NO,1,0,0,0,0,0,0
GENE-19179,NO,1,0,0,0,0,0,0
GENE-19180,NO,1,0,0,0,0,0,0
GENE-19181,NO,1,0,0,0,0,0,0
GENE-19182,NO,1,0,0,0,0,0,0
GENE-19183,NO,1,1003,1180,1055,1442,1096,972
GENE-19184,NO,1,23,28,60,39,32,34
GENE-19185,NO,1,398,509,417,546,458,483
GENE-19186,NO,1,0,0,0,0,0,0
GENE-19187,NO,1,0,0,0,0,0,0
GENE-19188,NO,1,0,0,0,0,0,0
GENE-19189,NO,1,0,0,0,0,0,0
GENE-19190,NO,1,0,0,0,0,0,0
GENE-19191,NO,1,338,265,405,361,318,272
GENE-19192,NO,1,0,0,0,0,0,0
GENE-19193,NO,1,3,5,1,5,3,3
GENE-19194,NO,1,0,0,0,0,0,0
GENE-19196,NO,1,0,0,0,0,0,0
GENE-19197,NO,1,0,0,0,0,0,0
GENE-19198,NO,1,80,112,95,169,169,174
GENE-19199,NO,1,0,0,0,1,0,1
GENE-19200,NO,1,7,12,6,5,4,6
GENE-19201,NO,1,0,0,0,0,0,0
GENE-19202,NO,1,0,0,0,0,0,0
GENE-19203,NO,1,0,0,0,0,0,0
GENE-19204,NO,1,0,0,0,0,0,0
GENE-19205,NO,1,63,49,46,56,48,61
GENE-19206,NO,1,12,11,7,15,12,14
GENE-19207,NO,1,0,0,0,0,0,0
GENE-19208,NO,1,99,62,66,66,58,78
GENE-19209,NO,1,21,22,26,29,23,27
GENE-19211,NO,1,137,257,173,247,227,194
GENE-19212,NO,1,0,0,0,0,0,0
GENE-19213,NO,1,0,0,0,0,0,0
GENE-19214,NO,1,0,0,0,0,0,1
GENE-19215,NO,1,0,0,0,0,0,0
GENE-19216,NO,1,0,0,0,0,0,0
GENE-19217,NO,1,397,435,587,416,638,481
GENE-19218,NO,1,0,0,0,0,0,0
GENE-19219,NO,1,0,0,0,0,0,0
GENE-19220,NO,1,0,0,0,0,0,0
GENE-19221,NO,1,0,0,0,0,0,0
GENE-19222,NO,1,0,0,0,0,0,0
GENE-19223,YES,1,0,0,0,0,0,0
GENE-19224,YES,1,0,0,0,0,0,0
GENE-19225,NO,1,19,35,19,21,26,31
GENE-19226,NO,1,0,0,0,0,0,0
GENE-19227,NO,1,0,0,0,0,0,0
GENE-19228,NO,1,66,77,104,45,63,72
GENE-19229,NO,1,0,0,0,0,0,0
GENE-19230,NO,1,0,0,0,0,0,0
GENE-19231,NO,1,28,25,25,18,21,14
GENE-19232,NO,1,0,0,0,0,0,0
GENE-19233,NO,1,0,0,0,0,0,0
GENE-19234,NO,1,767,613,595,552,688,663
GENE-19235,NO,1,0,0,0,0,0,0
GENE-19236,NO,1,0,0,0,0,0,0
GENE-19237,NO,1,0,0,0,0,0,0
GENE-19238,NO,1,0,0,0,0,0,0
GENE-19239,NO,1,0,0,0,0,0,0
GENE-19240,NO,1,15,7,9,11,14,14
GENE-19241,NO,1,0,0,0,0,0,0
GENE-19242,NO,1,0,0,0,0,0,0
GENE-19243,NO,1,0,0,0,0,0,0
GENE-19244,NO,1,0,0,0,0,0,0
GENE-19245,YES,1,0,0,0,0,0,0
GENE-19246,NO,1,0,0,0,0,0,0
GENE-19247,NO,1,13,13,24,16,15,25
GENE-19248,NO,1,0,0,0,0,0,0
GENE-19249,NO,1,0,0,0,0,0,0
GENE-19250,NO,1,0,0,0,0,0,0
GENE-19251,NO,1,0,0,0,0,0,0
GENE-19252,NO,1,0,0,0,0,0,0
GENE-19253,NO,1,0,0,0,0,0,0
GENE-19254,NO,1,0,0,0,0,0,0
GENE-19255,NO,1,0,0,0,0,0,0
GENE-19256,NO,1,0,0,0,0,0,0
GENE-19257,NO,1,0,0,0,0,0,0
GENE-19258,NO,1,0,0,1,5,0,1
GENE-19259,YES,1,0,0,0,0,0,0
GENE-19260,NO,1,3,4,12,3,9,10
GENE-19261,NO,1,368,420,346,405,335,360
GENE-19262,NO,1,0,0,0,0,0,0
GENE-19263,NO,1,0,0,0,0,0,0
GENE-19264,NO,1,0,0,0,0,0,0
GENE-19265,NO,1,0,0,0,0,0,0
GENE-19266,NO,1,1,0,2,0,0,1
GENE-19267,YES,1,0,0,0,0,0,0
GENE-19268,NO,1,226,207,194,137,106,156
GENE-19269,NO,1,2419,1965,2232,2021,2250,2211
GENE-19270,NO,1,0,0,0,0,0,0
GENE-19271,NO,1,0,0,0,0,0,0
GENE-19272,NO,1,0,0,0,1,0,0
GENE-19273,NO,1,9,13,17,8,17,12
GENE-19274,YES,1,0,0,0,0,0,0
GENE-19275,NO,1,41,38,32,40,16,22
GENE-19276,NO,1,15,9,8,10,11,7
GENE-19277,NO,1,2,0,0,0,1,0
GENE-19278,NO,1,0,0,0,0,0,0
GENE-19279,NO,1,0,0,0,0,0,0
GENE-19280,NO,1,0,0,0,0,0,0
GENE-19281,NO,1,36,49,47,50,49,47
GENE-19282,NO,1,0,0,0,0,0,0
GENE-19283,NO,1,0,0,0,0,0,0
GENE-19284,NO,1,19,23,10,14,7,10
GENE-19285,NO,1,0,0,0,0,0,0
GENE-19286,NO,1,0,0,0,0,0,0
GENE-19287,NO,1,0,0,0,0,0,0
GENE-19288,NO,1,0,0,0,0,0,0
GENE-19289,NO,1,0,0,0,0,0,0
GENE-19290,NO,1,895,896,815,1093,728,935
GENE-19291,NO,1,0,0,0,0,0,0
GENE-19292,NO,1,4,2,3,5,6,5
GENE-19293,NO,1,0,0,0,0,0,0
GENE-19294,NO,1,188,158,257,152,142,151
GENE-19295,NO,1,572,981,437,714,726,666
GENE-19296,NO,1,11,5,7,3,4,5
GENE-19297,NO,1,0,0,0,0,0,0
GENE-19298,NO,1,8,16,14,12,11,8
GENE-19299,NO,1,0,0,0,0,0,0
GENE-19300,NO,1,0,0,0,0,0,0
GENE-19301,NO,1,79,98,91,91,90,111
GENE-19302,NO,1,0,0,0,0,0,0
GENE-19303,NO,1,0,0,0,0,0,0
GENE-19304,YES,1,0,0,0,0,0,0
GENE-19305,NO,1,0,0,0,0,0,0
GENE-19306,NO,1,0,0,0,0,0,0
GENE-19307,NO,1,0,0,0,0,0,0
GENE-19308,NO,1,0,0,0,0,0,0
GENE-19309,NO,1,3,4,0,3,9,10
GENE-19310,NO,1,0,0,0,0,0,0
GENE-19311,NO,1,0,0,0,0,0,0
GENE-19312,NO,1,5,4,5,5,6,11
GENE-19313,NO,1,3,1,3,5,0,0
GENE-19314,NO,1,5,0,9,4,4,4
GENE-19316,NO,1,0,0,0,0,0,0
GENE-19317,NO,1,0,0,0,0,0,0
GENE-19318,NO,1,0,0,0,0,0,0
GENE-19319,NO,1,1,1,0,0,0,1
GENE-19320,NO,1,20,22,21,11,12,16
GENE-19321,NO,1,0,0,0,0,0,0
GENE-19322,NO,1,0,0,0,0,0,0
GENE-19323,NO,1,0,0,0,0,0,0
GENE-19324,NO,1,2750,3010,2326,3441,3215,3439
GENE-19325,NO,1,0,0,0,0,0,0
GENE-19326,NO,1,0,0,0,0,0,0
GENE-19327,NO,1,0,0,0,0,0,0
GENE-19328,NO,1,0,0,0,0,0,0
GENE-19329,NO,1,0,0,0,0,0,0
GENE-19330,NO,1,0,0,0,0,0,0
GENE-19331,NO,1,0,0,0,0,0,0
GENE-19332,YES,1,0,0,0,0,0,0
GENE-19333,NO,1,0,0,0,0,0,0
GENE-19334,NO,1,1,0,1,0,1,3
GENE-19335,NO,1,132,172,126,149,141,132
GENE-19336,NO,1,1,3,4,2,3,1
GENE-19337,NO,1,0,0,0,0,0,0
GENE-19338,NO,1,1,0,0,1,0,1
GENE-19339,NO,1,0,0,0,0,0,0
GENE-19340,NO,1,0,2,0,0,1,0
GENE-19341,NO,1,11,8,9,6,6,5
GENE-19342,NO,1,0,0,0,0,0,0
GENE-19343,NO,1,0,0,0,0,0,0
GENE-19344,NO,1,828,965,727,1149,643,787
GENE-19345,NO,1,0,0,0,0,0,0
GENE-19346,NO,1,0,0,0,0,0,0
GENE-19347,NO,1,0,0,0,0,0,0
GENE-19348,NO,1,0,0,0,0,0,0
GENE-19349,NO,1,46,37,34,28,44,35
GENE-19350,NO,1,0,0,0,0,0,0
GENE-19351,NO,1,0,0,0,0,0,0
GENE-19352,NO,1,0,0,0,0,0,0
GENE-19353,NO,1,0,0,0,0,0,0
GENE-19354,YES,1,0,0,0,0,0,0
GENE-19355,NO,1,225,231,258,260,214,246
GENE-19356,NO,1,26,20,21,32,26,19
GENE-19357,NO,1,228,141,187,330,158,206
GENE-19358,NO,1,622,168,670,527,291,554
GENE-19359,NO,1,0,0,0,0,0,0
GENE-19360,NO,1,223,267,210,234,260,222
GENE-19361,NO,1,0,0,0,0,0,0
GENE-19362,NO,1,153,185,123,158,171,172
GENE-19363,NO,1,11,8,9,16,9,7
GENE-19364,YES,1,0,0,0,0,0,0
GENE-19365,NO,1,0,0,0,0,0,0
GENE-19366,NO,1,211,197,191,198,205,196
GENE-19367,NO,1,0,0,0,0,0,0
GENE-19368,NO,1,0,0,0,0,0,0
GENE-19369,NO,1,41,45,39,35,31,41
GENE-19370,NO,1,287,406,325,328,296,405
GENE-19371,NO,1,0,0,0,0,0,0
GENE-19372,NO,1,0,3,2,2,0,1
GENE-19373,NO,1,307,285,282,266,360,380
GENE-19374,NO,1,0,0,0,0,0,0
GENE-19375,NO,1,0,0,0,0,0,0
GENE-19376,NO,1,0,0,0,0,0,0
GENE-19377,NO,1,31,25,12,16,36,24
GENE-19378,NO,1,598,561,548,590,554,525
GENE-19379,NO,1,0,0,0,0,0,0
GENE-19380,NO,1,2,7,4,2,6,2
GENE-19381,NO,1,0,0,0,0,0,0
GENE-19382,NO,1,0,0,0,0,0,0
GENE-19383,NO,1,0,0,0,0,0,0
GENE-19384,NO,1,35,32,36,26,21,20
GENE-19385,NO,1,70,123,141,149,124,130
GENE-19386,NO,1,13,13,7,13,24,17
GENE-19387,NO,1,0,0,0,0,0,0
GENE-19388,NO,1,0,0,0,0,0,0
GENE-19389,NO,1,0,0,0,0,0,0
GENE-19390,NO,1,0,0,0,0,0,0
GENE-19391,NO,1,0,0,0,0,0,0
GENE-19392,NO,1,0,0,0,0,0,0
GENE-19393,NO,1,0,0,0,0,0,0
GENE-19394,NO,1,0,0,0,0,0,0
GENE-19395,NO,1,0,0,0,0,0,0
GENE-19396,NO,1,1145,1499,946,992,1403,1129
GENE-19397,NO,1,6,8,4,7,3,10
GENE-19398,NO,1,0,0,0,0,0,0
GENE-19399,NO,1,727,910,1087,1002,950,1035
GENE-19400,NO,1,0,0,0,0,0,0
GENE-19401,NO,1,0,0,0,0,3,0
GENE-19402,NO,1,0,0,0,0,0,0
GENE-19403,NO,1,28,18,28,26,24,28
GENE-19404,NO,1,0,0,0,0,0,0
GENE-19405,NO,1,0,0,0,0,0,0
GENE-19406,NO,1,0,0,0,0,0,0
GENE-19407,NO,1,0,0,0,0,0,0
GENE-19408,NO,1,0,0,0,0,0,0
GENE-19409,NO,1,0,0,0,0,0,0
GENE-19410,NO,1,0,4,0,0,0,0
GENE-19411,NO,1,0,0,0,0,0,0
GENE-19412,NO,1,1,0,0,0,0,0
GENE-19413,NO,1,0,0,0,0,0,0
GENE-19414,NO,1,0,0,0,0,0,0
GENE-19415,NO,1,0,0,0,0,0,0
GENE-19416,NO,1,0,0,0,0,0,0
GENE-19417,NO,1,0,0,0,0,0,0
GENE-19418,YES,1,0,0,0,0,0,0
GENE-19419,NO,1,0,0,0,0,0,0
GENE-19420,NO,1,45,51,46,42,88,45
GENE-19421,NO,1,0,0,0,0,0,0
GENE-19422,NO,1,0,0,0,0,0,0
GENE-19423,NO,1,5,6,2,3,2,4
GENE-19424,NO,1,0,0,0,0,0,0
GENE-19425,NO,1,0,0,0,0,0,0
GENE-19426,NO,1,30,27,31,33,20,33
GENE-19427,NO,1,0,0,0,0,0,0
GENE-19428,NO,1,0,0,0,0,0,0
GENE-19429,NO,1,0,0,0,0,0,0
GENE-19430,NO,1,0,0,0,0,0,0
GENE-19431,NO,1,0,1,0,0,0,0
GENE-19432,NO,1,0,0,0,0,0,0
GENE-19433,NO,1,56,54,40,39,47,52
GENE-19434,NO,1,0,0,0,0,0,0
GENE-19435,NO,1,0,0,0,0,0,0
GENE-19436,NO,1,0,0,0,0,0,1
GENE-19437,NO,1,0,0,0,0,0,0
GENE-19438,NO,1,66,113,91,96,92,88
GENE-19439,NO,1,0,0,0,0,0,0
GENE-19440,NO,1,0,0,0,0,0,0
GENE-19441,NO,1,0,0,0,0,0,0
GENE-19442,NO,1,4,7,6,5,4,7
GENE-19443,NO,1,0,0,0,0,0,0
GENE-19444,NO,1,305,245,326,287,285,271
GENE-19445,NO,1,567,418,535,567,700,552
GENE-19446,NO,1,38,22,18,19,24,38
GENE-19447,NO,1,0,0,0,0,0,0
GENE-19448,YES,1,0,0,0,0,0,0
GENE-19449,NO,1,0,0,0,0,0,0
GENE-19450,NO,1,0,0,0,0,0,0
GENE-19451,NO,1,7,8,12,12,8,9
GENE-19452,NO,1,0,0,0,0,0,0
GENE-19453,NO,1,607,670,625,549,512,618
GENE-19454,NO,1,0,0,0,0,0,0
GENE-19455,NO,1,206,219,258,329,191,230
GENE-19457,NO,1,4,4,6,5,5,0
GENE-19458,NO,1,0,0,0,0,0,0
GENE-19459,NO,1,0,0,0,0,0,0
GENE-19460,NO,1,0,0,0,0,0,0
GENE-19461,NO,1,138,150,170,209,130,97
GENE-19462,NO,1,0,0,0,0,0,0
GENE-19463,NO,1,0,0,0,0,0,0
GENE-19464,NO,1,389,472,419,359,379,338
GENE-19465,NO,1,0,0,0,0,0,0
GENE-19466,NO,1,201,92,33,62,33,116
GENE-19467,NO,1,0,0,0,0,0,0
GENE-19468,NO,1,0,0,1,0,0,0
GENE-19469,NO,1,18,23,22,24,29,21
GENE-19470,NO,1,244,245,258,198,224,273
GENE-19471,NO,1,0,0,0,0,0,0
GENE-19472,NO,1,8,9,5,7,7,6
GENE-19473,NO,1,0,0,0,0,0,0
GENE-19474,NO,1,107,88,144,131,113,104
GENE-19475,NO,1,127,164,211,149,98,220
GENE-19476,NO,1,0,0,0,0,0,0
GENE-19477,NO,1,0,0,0,0,0,0
GENE-19478,NO,1,3,0,7,4,2,0
GENE-19479,NO,1,0,0,0,0,0,0
GENE-19480,YES,1,0,0,0,0,0,0
GENE-19481,NO,1,0,0,0,0,0,0
GENE-19482,NO,1,33,35,35,44,32,63
GENE-19483,NO,1,0,1,0,0,0,0
GENE-19484,NO,1,1,0,0,0,0,0
GENE-19485,NO,1,0,0,0,0,0,0
GENE-19486,NO,1,0,0,0,0,0,0
GENE-19487,NO,1,0,0,0,0,0,0
GENE-19488,NO,1,2,4,9,7,10,8
GENE-19489,NO,1,55,58,72,49,54,55
GENE-19490,NO,1,281,717,189,734,634,475
GENE-19491,NO,1,90,100,123,89,79,64
GENE-19492,NO,1,0,0,0,0,0,0
GENE-19493,NO,1,0,0,0,0,0,0
GENE-19494,NO,1,0,0,0,0,0,0
GENE-19495,NO,1,19,26,30,37,43,35
GENE-19496,NO,1,0,0,0,0,0,0
GENE-19497,NO,1,0,0,0,0,0,0
GENE-19498,NO,1,7,5,5,7,5,10
GENE-19499,NO,1,0,0,0,0,0,0
GENE-19500,YES,1,0,0,0,0,0,0
GENE-19501,NO,1,0,0,0,0,0,0
GENE-19502,NO,1,0,0,0,0,0,0
GENE-19503,NO,1,913,1087,1132,967,1035,1084
GENE-19504,NO,1,1,0,0,1,0,2
GENE-19505,NO,1,63,78,46,75,109,97
GENE-19506,NO,1,0,1,3,0,2,1
GENE-19507,NO,1,0,0,0,0,0,0
GENE-19508,NO,1,0,0,0,0,0,0
GENE-19509,NO,1,11,7,3,3,4,12
GENE-19510,NO,1,0,0,0,0,0,0
GENE-19511,NO,1,0,0,0,0,0,0
GENE-19512,NO,1,120,156,106,114,87,166
GENE-19513,NO,1,0,0,0,0,0,0
GENE-19514,NO,1,0,0,0,0,0,0
GENE-19515,NO,1,244,271,275,266,350,239
GENE-19516,NO,1,15,11,6,8,16,7
GENE-19517,NO,1,0,0,0,0,0,0
GENE-19518,NO,1,0,0,0,0,0,0
GENE-19519,NO,1,0,0,0,0,0,0
GENE-19520,NO,1,0,0,0,0,0,0
GENE-19521,NO,1,0,0,0,0,0,0
GENE-19522,NO,1,0,0,0,0,0,0
GENE-19523,NO,1,0,0,0,0,0,0
GENE-19524,NO,1,0,0,0,0,0,0
GENE-19525,NO,1,15,26,11,21,15,22
GENE-19526,NO,1,0,0,0,0,0,0
GENE-19527,NO,1,0,0,0,0,0,0
GENE-19528,NO,1,0,0,0,0,0,0
GENE-19529,NO,1,18,10,13,14,7,5
GENE-19530,NO,1,0,0,0,0,0,0
GENE-19531,NO,1,164,120,102,133,80,154
GENE-19532,NO,1,4,4,6,5,5,10
GENE-19533,NO,1,1560,1685,1387,1607,1349,1033
GENE-19534,NO,1,0,0,0,0,0,0
GENE-19535,NO,1,0,0,0,0,0,0
GENE-19536,NO,1,0,0,0,0,0,0
GENE-19537,NO,1,55,51,66,56,58,56
GENE-19538,NO,1,0,0,0,0,0,0
GENE-19539,NO,1,19,23,15,26,12,32
GENE-19540,NO,1,0,0,0,0,0,0
GENE-19541,NO,1,34,49,33,40,39,33
GENE-19542,NO,1,0,0,0,0,0,0
GENE-19543,NO,1,2,2,3,2,0,0
GENE-19544,NO,1,0,0,0,0,0,0
GENE-19545,NO,1,0,0,0,0,0,0
GENE-19546,NO,1,0,0,0,0,0,0
GENE-19547,NO,1,0,0,0,0,0,0
GENE-19548,NO,1,0,0,0,0,0,0
GENE-19549,NO,1,0,0,0,0,0,0
GENE-19550,YES,1,0,0,0,0,0,0
GENE-19551,NO,1,33,23,22,23,18,19
GENE-19552,NO,1,155,248,126,140,145,134
GENE-19553,NO,1,44,29,38,34,33,37
GENE-19554,NO,1,1312,1317,1381,1377,1435,1476
GENE-19555,NO,1,5,2,3,0,2,2
GENE-19556,NO,1,1,1,0,0,0,0
GENE-19557,NO,1,26,41,12,28,12,42
GENE-19558,NO,1,0,0,0,0,0,0
GENE-19559,NO,1,0,0,0,0,0,0
GENE-19560,NO,1,0,0,0,0,0,0
GENE-19561,NO,1,0,0,0,0,0,0
GENE-19562,NO,1,117,100,86,87,84,99
GENE-19563,NO,1,0,0,0,0,0,0
GENE-19564,NO,1,41,52,54,40,46,37
GENE-19565,NO,1,0,0,0,0,0,0
GENE-19566,NO,1,0,0,0,0,0,0
GENE-19567,NO,1,57,70,70,79,81,50
GENE-19568,NO,1,0,0,0,0,0,0
GENE-19569,NO,1,0,0,0,0,0,0
GENE-19570,NO,1,25,22,14,21,27,36
GENE-19571,NO,1,0,0,0,0,0,0
GENE-19572,NO,1,0,0,0,0,0,0
GENE-19573,NO,1,69,50,63,48,42,56
GENE-19574,NO,1,0,0,0,0,0,0
GENE-19575,NO,1,0,0,0,0,0,0
GENE-19576,NO,1,1,1,0,1,1,0
GENE-19577,NO,1,0,0,0,1,0,0
GENE-19578,NO,1,0,0,0,0,0,0
GENE-19579,NO,1,0,0,0,0,0,0
GENE-19580,NO,1,0,0,0,0,0,0
GENE-19581,NO,1,0,0,0,0,0,0
GENE-19582,NO,1,0,0,0,0,0,0
GENE-19583,NO,1,4,2,1,2,2,3
GENE-19584,NO,1,0,0,0,0,0,0
GENE-19585,NO,1,0,0,0,0,0,0
GENE-19586,YES,1,0,0,0,0,0,0
GENE-19587,NO,1,0,0,0,0,0,0
GENE-19588,NO,1,0,0,0,0,0,0
GENE-19589,NO,1,0,0,2,0,0,0
GENE-19590,NO,1,0,0,0,0,0,0
GENE-19591,NO,1,0,0,0,0,0,0
GENE-19592,NO,1,13,12,17,17,17,13
GENE-19593,NO,1,0,0,0,0,0,0
GENE-19594,NO,1,0,0,0,0,0,0
GENE-19595,NO,1,4,3,1,4,4,5
GENE-19597,NO,1,0,0,0,0,0,0
GENE-19598,NO,1,0,0,0,0,0,0
GENE-19599,NO,1,103,88,96,66,86,97
GENE-19600,NO,1,0,0,0,0,0,0
GENE-19601,NO,1,0,0,0,0,0,0
GENE-19602,NO,1,0,0,0,0,0,0
GENE-19603,NO,1,41,43,61,47,62,63
GENE-19604,NO,1,0,0,0,0,0,0
GENE-19605,NO,1,0,0,0,0,0,0
GENE-19607,NO,1,3,8,3,2,2,6
GENE-19608,YES,1,0,0,0,0,0,0
GENE-19609,NO,1,0,0,0,1,1,0
GENE-19610,NO,1,0,0,0,0,0,0
GENE-19611,NO,1,0,0,0,0,0,0
GENE-19612,NO,1,0,0,0,0,0,0
GENE-19613,NO,1,0,0,0,0,0,0
GENE-19614,NO,1,558,654,699,679,602,681
GENE-19615,NO,1,0,0,0,0,0,0
GENE-19616,NO,1,0,0,0,0,0,0
GENE-19618,NO,1,0,0,0,0,0,0
GENE-19619,NO,1,0,0,0,0,1,1
GENE-19620,NO,1,0,0,0,0,0,0
GENE-19621,NO,1,15,11,7,9,13,6
GENE-19623,NO,1,29,27,25,21,22,29
GENE-19624,NO,1,445,341,369,353,297,695
GENE-19625,YES,1,0,0,0,0,0,0
GENE-19626,NO,1,0,0,0,0,0,0
GENE-19627,NO,1,0,0,0,0,0,0
GENE-19628,NO,1,0,0,0,0,0,0
GENE-19629,NO,1,0,0,0,0,0,0
GENE-19630,NO,1,0,0,0,0,0,0
GENE-19631,NO,1,0,0,0,0,0,0
GENE-19632,NO,1,3,10,21,7,15,5
GENE-19633,NO,1,3,0,1,2,6,0
GENE-19634,NO,1,178,121,135,150,137,148
GENE-19635,NO,1,4,2,4,0,3,1
GENE-19636,NO,1,0,0,0,0,0,0
GENE-19637,NO,1,0,0,0,0,0,0
GENE-19638,NO,1,1,10,7,2,15,10
GENE-19639,NO,1,0,0,0,0,0,0
GENE-19640,NO,1,63,66,69,66,64,65
GENE-19641,NO,1,0,0,0,0,0,0
GENE-19642,NO,1,993,234,86,278,254,1722
GENE-19643,NO,1,0,0,0,0,0,0
GENE-19644,NO,1,0,0,0,0,0,0
GENE-19645,NO,1,0,0,0,0,0,0
GENE-19646,NO,1,98,110,110,76,121,87
GENE-19647,NO,1,3,3,3,2,0,0
GENE-19648,NO,1,159,101,138,98,205,146
GENE-19649,NO,1,130,186,83,132,193,156
GENE-19650,NO,1,0,0,0,0,0,0
GENE-19651,NO,1,511,284,212,528,248,145
GENE-19652,NO,1,19,22,18,29,20,25
GENE-19653,NO,1,0,0,0,0,0,0
GENE-19654,YES,1,0,0,0,0,0,0
GENE-19655,NO,1,80,92,155,136,125,133
GENE-19656,NO,1,0,0,0,0,0,0
GENE-19657,NO,1,0,0,0,0,0,0
GENE-19658,NO,1,122,152,128,109,110,117
GENE-19659,NO,1,0,0,0,0,0,0
GENE-19660,NO,1,11,33,21,19,12,35
GENE-19661,NO,1,0,0,0,0,0,0
GENE-19662,NO,1,0,0,0,0,0,0
GENE-19663,NO,1,0,0,0,0,0,0
GENE-19664,NO,1,0,0,0,0,0,0
GENE-19665,NO,1,0,0,0,0,0,0
GENE-19666,NO,1,1,1,1,2,1,1
GENE-19667,YES,1,0,0,0,0,0,0
GENE-19668,NO,1,0,0,0,0,0,0
GENE-19669,NO,1,35,43,31,29,27,55
GENE-19670,NO,1,0,0,0,0,0,0
GENE-19671,NO,1,1,0,0,1,2,1
GENE-19672,NO,1,41,31,39,27,40,33
GENE-19673,NO,1,0,0,0,0,0,0
GENE-19674,NO,1,22,31,27,34,24,32
GENE-19675,NO,1,0,0,0,0,0,0
GENE-19676,NO,1,0,0,0,0,0,0
GENE-19677,NO,1,10,6,7,3,7,8
GENE-19678,NO,1,0,2,1,2,0,2
GENE-19679,NO,1,9,9,2,4,3,4
GENE-19680,NO,1,334,304,380,310,349,319
GENE-19681,NO,1,1,0,1,2,2,5
GENE-19682,NO,1,0,0,0,0,0,0
GENE-19683,NO,1,243,275,346,316,289,195
GENE-19684,NO,1,0,0,0,0,0,0
GENE-19685,NO,1,132,139,97,110,101,103
GENE-19686,NO,1,0,0,0,0,0,0
GENE-19687,NO,1,22,26,26,26,20,26
GENE-19688,NO,1,0,0,0,0,0,0
GENE-19689,NO,1,2,8,3,7,1,4
GENE-19690,NO,1,0,0,0,0,0,0
GENE-19691,NO,1,0,0,0,0,0,0
GENE-19692,NO,1,0,0,0,0,0,0
GENE-19693,NO,1,0,0,0,0,0,0
GENE-19694,NO,1,0,0,0,0,0,0
GENE-19695,NO,1,3,7,9,10,14,4
GENE-19696,NO,1,20,16,22,13,21,17
GENE-19697,NO,1,0,0,0,0,0,0
GENE-19698,NO,1,13,14,11,17,18,18
GENE-19699,NO,1,0,0,0,0,0,0
GENE-19700,NO,1,0,0,0,0,0,0
GENE-19701,NO,1,0,0,0,0,0,0
GENE-19702,NO,1,946,844,889,1008,866,924
GENE-19703,NO,1,4,2,2,3,3,3
GENE-19704,NO,1,71,91,67,43,77,71
GENE-19705,NO,1,0,0,0,0,0,0
GENE-19706,NO,1,170,132,139,121,159,164
GENE-19707,NO,1,9,8,6,3,4,6
GENE-19708,NO,1,891,755,877,793,777,805
GENE-19709,NO,1,0,0,0,0,0,0
GENE-19710,NO,1,48,46,44,48,62,66
GENE-19711,NO,1,0,1,2,1,3,6
GENE-19712,NO,1,137,100,107,100,144,122
GENE-19713,NO,1,7,5,4,3,9,13
GENE-19714,NO,1,0,0,0,0,0,0
GENE-19715,NO,1,0,0,0,0,0,0
GENE-19716,NO,1,0,0,0,0,0,0
GENE-19717,NO,1,0,0,0,0,0,0
GENE-19718,NO,1,0,0,0,0,0,0
GENE-19719,NO,1,0,0,0,0,0,0
GENE-19720,NO,1,0,0,0,0,0,0
GENE-19721,NO,1,1,0,1,1,2,0
GENE-19722,NO,1,0,0,0,0,0,0
GENE-19723,NO,1,49,34,34,27,47,34
GENE-19724,YES,1,0,0,0,0,0,0
GENE-19725,NO,1,0,0,0,0,0,0
GENE-19726,NO,1,0,0,0,0,0,0
GENE-19727,NO,1,0,0,0,0,0,0
GENE-19728,NO,1,0,0,0,0,0,0
GENE-19729,NO,1,0,0,0,0,0,0
GENE-19730,NO,1,0,0,0,0,0,0
GENE-19731,NO,1,213,218,209,209,233,195
GENE-19732,NO,1,0,0,0,0,0,0
GENE-19733,NO,1,0,0,0,0,0,0
GENE-19734,NO,1,0,0,0,0,0,0
GENE-19735,NO,1,8,9,7,4,14,15
GENE-19736,NO,1,0,0,0,0,0,0
GENE-19737,NO,1,0,0,0,0,0,0
GENE-19738,NO,1,0,0,0,0,0,0
GENE-19739,NO,1,0,0,0,0,0,0
GENE-19740,NO,1,0,0,0,0,0,0
GENE-19741,NO,1,6,1,2,1,4,6
GENE-19742,NO,1,0,0,0,0,0,0
GENE-19743,NO,1,0,1,2,0,2,2
GENE-19744,NO,1,30,21,19,21,30,28
GENE-19745,NO,1,0,0,0,0,0,0
GENE-19746,NO,1,0,0,0,0,0,0
GENE-19747,NO,1,0,0,0,0,0,0
GENE-19748,NO,1,0,0,0,0,0,0
GENE-19749,NO,1,0,0,0,0,0,0
GENE-19750,NO,1,0,0,0,0,0,0
GENE-19751,NO,1,0,0,0,0,0,0
GENE-19752,NO,1,0,0,0,0,0,0
GENE-19753,NO,1,0,0,0,0,0,0
GENE-19754,NO,1,0,0,0,0,0,0
GENE-19755,NO,1,0,0,0,0,0,0
GENE-19756,NO,1,0,0,0,0,0,0
GENE-19757,NO,1,1,2,1,0,0,1
GENE-19758,NO,1,0,0,0,0,0,0
GENE-19759,NO,1,0,0,0,0,0,0
GENE-19760,NO,1,0,0,0,0,0,0
GENE-19761,NO,1,0,0,0,0,0,0
GENE-19763,NO,1,0,0,0,0,0,0
GENE-19764,NO,1,6,5,2,4,6,11
GENE-19765,NO,1,256,154,268,209,275,219
GENE-19766,NO,1,0,0,0,0,0,0
GENE-19767,NO,1,0,0,0,0,0,0
GENE-19768,YES,1,0,0,0,0,0,0
GENE-19769,NO,1,27,28,21,24,19,35
GENE-19770,NO,1,0,0,0,0,0,0
GENE-19771,NO,1,0,0,0,0,0,0
GENE-19772,YES,1,0,0,0,0,0,0
GENE-19773,NO,1,0,0,0,0,0,0
GENE-19774,NO,1,0,0,0,0,0,0
GENE-19775,YES,1,0,0,0,0,0,0
GENE-19776,NO,1,0,0,0,0,0,0
GENE-19777,NO,1,0,1,1,1,0,0
GENE-19778,YES,1,3,5,5,0,0,0
GENE-19779,NO,1,137,153,173,146,157,142
GENE-19780,NO,1,0,0,0,0,0,0
GENE-19781,NO,1,0,0,0,0,0,0
GENE-19782,NO,1,0,0,0,0,0,0
GENE-19783,NO,1,0,0,0,0,0,0
GENE-19784,NO,1,64,49,51,52,61,63
GENE-19785,NO,1,0,0,0,0,0,0
GENE-19786,NO,1,0,0,0,0,0,0
GENE-19787,NO,1,1514,1804,1412,1297,1786,1764
GENE-19788,NO,1,0,0,0,0,0,0
GENE-19789,NO,1,697,721,820,797,837,887
GENE-19790,NO,1,0,0,0,0,0,0
GENE-19791,NO,1,0,0,0,0,0,0
GENE-19792,NO,1,0,0,0,0,0,0
GENE-19793,NO,1,28,25,25,24,21,25
GENE-19794,NO,1,0,0,0,0,0,0
GENE-19795,NO,1,0,0,0,0,0,0
GENE-19796,NO,1,0,0,0,0,0,0
GENE-19797,NO,1,0,0,0,0,0,0
GENE-19798,NO,1,1048,1019,922,1016,997,1049
GENE-19799,NO,1,2,1,3,5,1,0
GENE-19800,NO,1,0,0,0,0,0,0
GENE-19801,NO,1,0,0,0,0,0,0
GENE-19802,NO,1,0,0,0,0,0,0
GENE-19803,NO,1,0,0,0,0,0,0
GENE-19804,NO,1,0,1,1,1,0,0
GENE-19805,NO,1,0,0,0,0,0,0
GENE-19806,NO,1,0,0,0,0,0,0
GENE-19807,NO,1,0,0,0,0,0,0
GENE-19808,NO,1,0,0,0,0,0,0
GENE-19809,NO,1,0,0,0,0,0,0
GENE-19810,NO,1,583,216,198,439,259,225
GENE-19811,NO,1,0,0,0,0,0,0
GENE-19812,NO,1,0,0,0,0,0,0
GENE-19813,NO,1,46,29,26,41,58,52
GENE-19814,NO,1,131,221,186,146,226,213
GENE-19815,NO,1,0,5,0,0,3,0
GENE-19816,NO,1,0,0,0,0,0,0
GENE-19817,NO,1,8,4,8,5,5,7
GENE-19818,NO,1,720,746,678,636,742,591
GENE-19819,NO,1,0,0,0,0,0,0
GENE-19820,NO,1,0,0,0,0,0,0
GENE-19821,NO,1,0,0,0,0,0,0
GENE-19822,NO,1,0,0,0,0,0,0
GENE-19823,NO,1,0,0,0,0,0,0
GENE-19824,NO,1,5,5,2,6,6,5
GENE-19825,NO,1,2082,3316,2373,2676,3396,2396
GENE-19826,NO,1,0,0,0,0,0,0
GENE-19827,NO,1,0,0,0,0,0,0
GENE-19828,NO,1,302,368,323,383,450,422
GENE-19829,NO,1,0,0,0,0,0,0
GENE-19830,NO,1,0,0,0,0,0,0
GENE-19831,NO,1,1,1,1,1,2,0
GENE-19832,NO,1,35,49,59,57,56,54
GENE-19833,NO,1,0,0,0,0,0,0
GENE-19834,NO,1,0,0,0,0,0,0
GENE-19835,NO,1,0,0,0,0,0,0
GENE-19836,NO,1,0,0,0,0,0,0
GENE-19837,NO,1,0,0,0,0,0,0
GENE-19838,NO,1,0,0,0,0,0,0
GENE-19839,NO,1,0,0,0,0,0,0
GENE-19840,NO,1,0,0,0,0,0,0
GENE-19841,NO,1,0,0,0,0,0,0
GENE-19842,NO,1,0,0,0,0,0,0
GENE-19843,NO,1,0,0,0,0,0,0
GENE-19844,NO,1,0,0,0,0,0,0
GENE-19845,NO,1,6,7,7,3,6,4
GENE-19846,NO,1,0,0,0,0,0,0
GENE-19847,NO,1,0,0,0,0,0,0
GENE-19848,NO,1,0,0,0,0,0,0
GENE-19849,NO,1,0,0,0,0,0,0
GENE-19850,YES,1,6,3,1,0,1,0
GENE-19851,NO,1,0,0,0,0,0,0
GENE-19852,NO,1,0,0,0,0,0,0
GENE-19853,NO,1,0,0,0,0,0,0
GENE-19854,NO,1,0,0,0,0,0,0
GENE-19855,NO,1,37,37,41,26,21,19
GENE-19856,NO,1,0,0,0,0,0,0
GENE-19857,NO,1,17,24,25,18,36,23
GENE-19858,NO,1,0,0,0,0,0,0
GENE-19859,NO,1,0,0,0,0,0,0
GENE-19860,NO,1,0,0,0,0,0,0
GENE-19861,YES,1,0,0,0,0,0,0
GENE-19862,NO,1,306,471,408,284,306,326
GENE-19863,NO,1,414,399,252,187,223,505
GENE-19864,NO,1,0,0,0,0,0,0
GENE-19865,NO,1,0,0,0,0,0,1
GENE-19866,NO,1,0,0,0,0,0,0
GENE-19867,YES,1,2,3,1,8,12,14
GENE-19868,NO,1,32,35,22,21,29,36
GENE-19869,NO,1,376,324,351,264,275,252
GENE-19870,NO,1,0,1,0,2,0,0
GENE-19871,NO,1,6,1,3,2,1,1
GENE-19872,NO,1,0,0,0,0,0,0
GENE-19873,NO,1,3,3,3,3,2,1
GENE-19874,NO,1,0,0,0,0,0,0
GENE-19875,NO,1,0,0,0,0,0,0
GENE-19876,NO,1,0,0,0,0,0,0
GENE-19877,NO,1,19,15,14,18,12,13
GENE-19878,NO,1,0,0,0,0,0,0
GENE-19879,NO,1,0,0,0,0,0,0
GENE-19880,NO,1,0,0,0,0,0,0
GENE-19881,NO,1,0,3,0,0,1,0
GENE-19882,NO,1,0,0,0,0,0,0
GENE-19883,NO,1,0,0,0,0,0,0
GENE-19884,NO,1,5844,4757,5505,6609,7604,6322
GENE-19885,NO,1,0,0,0,0,0,0
GENE-19886,NO,1,674,425,489,491,444,558
GENE-19887,NO,1,122,231,186,192,241,164
GENE-19888,NO,1,0,0,0,0,0,0
GENE-19889,NO,1,0,0,0,0,0,0
GENE-19890,YES,1,0,0,0,0,0,0
GENE-19891,NO,1,0,0,0,0,0,0
GENE-19892,NO,1,289,339,247,293,267,216
GENE-19893,NO,1,0,0,0,0,0,0
GENE-19894,NO,1,23,33,29,27,33,18
GENE-19895,NO,1,0,0,0,0,0,0
GENE-19896,YES,1,0,0,0,0,0,0
GENE-19897,NO,1,0,0,0,0,0,0
GENE-19898,NO,1,0,0,0,0,0,0
GENE-19899,NO,1,0,0,0,0,0,0
GENE-19900,NO,1,0,0,0,0,0,0
GENE-19901,NO,1,0,0,0,0,0,0
GENE-19902,NO,1,0,2,0,0,0,1
GENE-19903,NO,1,1418,1334,1350,1611,1325,1566
GENE-19904,NO,1,0,0,0,0,0,0
GENE-19905,NO,1,0,0,0,0,0,0
GENE-19906,NO,1,0,0,0,0,0,0
GENE-19907,NO,1,467,463,480,385,408,541
GENE-19908,NO,1,0,0,0,0,0,0
GENE-19909,NO,1,0,0,0,0,0,0
GENE-19910,NO,1,0,0,0,0,0,0
GENE-19911,NO,1,0,0,0,0,0,0
GENE-19912,NO,1,0,0,0,0,0,0
GENE-19913,NO,1,2,4,6,3,9,5
GENE-19914,NO,1,705,493,381,481,252,560
GENE-19915,NO,1,0,0,0,0,0,0
GENE-19916,NO,1,2581,2638,2130,1937,2279,1793
GENE-19917,NO,1,0,0,0,0,0,0
GENE-19918,NO,1,0,0,0,0,0,0
GENE-19919,NO,1,0,1,0,0,0,0
GENE-19920,NO,1,0,0,0,0,0,0
GENE-19921,NO,1,1292,1442,1342,1439,1312,1403
GENE-19922,NO,1,0,0,0,0,0,0
GENE-19923,NO,1,0,0,0,0,0,0
GENE-19924,NO,1,578,432,360,332,457,515
GENE-19925,NO,1,0,0,0,0,0,0
GENE-19926,NO,1,0,0,0,0,0,0
GENE-19927,NO,1,0,0,0,0,0,0
GENE-19928,NO,1,98,87,83,77,92,79
GENE-19929,NO,1,1,1,2,2,3,1
GENE-19930,NO,1,0,0,0,0,0,0
GENE-19931,NO,1,0,0,0,0,0,0
GENE-19932,NO,1,0,0,0,0,0,0
GENE-19933,NO,1,0,0,0,0,0,0
GENE-19934,NO,1,0,0,0,0,0,0
GENE-19935,NO,1,0,0,0,0,0,0
GENE-19936,NO,1,151,199,129,168,161,129
GENE-19937,NO,1,0,0,0,0,0,0
GENE-19938,NO,1,0,0,0,0,0,0
GENE-19939,NO,1,0,0,0,0,0,0
GENE-19940,NO,1,0,0,0,0,0,0
GENE-19941,NO,1,470,325,484,628,462,680
GENE-19942,NO,1,0,0,0,0,0,0
GENE-19943,NO,1,0,0,0,0,0,0
GENE-19944,NO,1,0,0,0,0,0,0
GENE-19945,NO,1,0,0,0,0,0,0
GENE-19946,NO,1,0,0,0,0,0,0
GENE-19947,NO,1,0,0,0,0,0,0
GENE-19948,NO,1,0,0,0,0,0,0
GENE-19949,NO,1,0,0,0,0,0,0
GENE-19950,NO,1,392,342,511,388,438,439
GENE-19951,NO,1,0,0,0,0,0,0
GENE-19952,NO,1,0,0,0,0,0,0
GENE-19953,NO,1,0,0,0,0,0,0
GENE-19954,NO,1,0,0,0,0,0,0
GENE-19955,NO,1,0,0,0,0,0,0
GENE-19956,NO,1,0,0,0,0,0,0
GENE-19957,NO,1,0,0,0,0,0,0
GENE-19958,NO,1,0,0,0,0,0,0
GENE-19959,NO,1,61,68,96,90,113,116
GENE-19960,NO,1,0,0,0,0,0,0
GENE-19961,NO,1,63,54,24,21,37,71
GENE-19962,NO,1,0,0,0,0,0,0
GENE-19963,NO,1,0,3,0,2,0,1
GENE-19964,NO,1,0,0,0,0,0,0
GENE-19965,NO,1,0,0,0,0,0,0
GENE-19966,NO,1,48,44,44,14,27,38
GENE-19967,NO,1,0,0,0,1,0,0
GENE-19968,NO,1,0,0,0,0,0,0
GENE-19969,NO,1,0,0,0,0,0,0
GENE-19970,NO,1,3,8,5,3,3,5
GENE-19971,NO,1,0,0,0,0,0,0
GENE-19972,NO,1,0,0,0,0,0,0
GENE-19973,NO,1,116,163,217,91,154,165
GENE-19974,NO,1,0,0,0,0,0,0
GENE-19975,NO,1,0,0,0,0,0,0
GENE-19976,NO,1,0,0,0,0,0,0
GENE-19977,NO,1,0,0,0,0,0,0
GENE-19978,NO,1,23,24,14,32,29,18
GENE-19979,NO,1,0,0,0,0,0,0
GENE-19980,NO,1,2,0,0,2,1,1
GENE-19981,NO,1,47,67,67,79,101,68
GENE-19982,NO,1,0,0,0,0,0,0
GENE-19983,NO,1,0,0,0,0,0,0
GENE-19984,NO,1,1,0,0,0,0,0
GENE-19985,NO,1,0,0,0,0,0,0
GENE-19986,NO,1,0,0,0,0,0,0
GENE-19987,NO,1,0,0,0,0,0,0
GENE-19988,NO,1,0,0,0,0,0,0
GENE-19989,NO,1,0,0,0,0,0,0
GENE-19990,NO,1,0,0,0,0,0,0
GENE-19991,NO,1,0,0,0,0,0,0
GENE-19992,NO,1,1544,2032,1635,2293,1745,1320
GENE-19993,NO,1,0,0,0,0,0,0
GENE-19994,YES,1,0,0,0,0,0,0
GENE-19995,NO,1,0,0,0,0,0,0
GENE-19996,NO,1,0,0,0,0,0,0
GENE-19997,NO,1,0,0,0,0,0,0
GENE-19998,NO,1,0,0,0,0,0,0
GENE-19999,NO,1,0,0,0,0,0,0
GENE-20000,NO,1,288,295,282,178,318,382
